Astragalus_polyphyllus	chernozems
Astragalus_kurtschumensis	cambisols
Astragalus_intarrensis	cambisols
Astragalus_neolipskyanus	cambisols
Astragalus_penduliflorus	cambisols
Astragalus_famatinae	cambisols
Astragalus_idaeus	cambisols
Astragalus_cryptanthus	leptosols
Astragalus_schistosus	regosols
Astragalus_kabadianus	calcisols
Oxytropis_exserta	andosols
Astragalus_peckii	kastanozems
Astragalus_paposanus	leptosols
Astragalus_ceramicus	calcisols
Astragalus_ernestii	luvisols
Astragalus_sardaimionensis	chernozems
Astragalus_lagopoides	cambisols
Astragalus_umbraticus	cambisols
Astragalus_mirabilis	leptosols
Astragalus_aksuensis	cambisols
Astragalus_uraniolimneus	cambisols
Astragalus_cuyanus	regosols
Astragalus_tehuelches	regosols
Astragalus_brandegeei	luvisols
Astracantha_denudata	cambisols
Astragalus_howellii	kastanozems
Astragalus_borodinii	cambisols
Astragalus_thurberi	calcisols
Astragalus_lessertioides	cambisols
Astragalus_zohrabi	cambisols
Astragalus_substipitatus	calcisols
Astragalus_batangensis	leptosols
Astragalus_tennesseensis	luvisols
Astragalus_salsugineus	kastanozems
Astragalus_pulviniformis	regosols
Astragalus_subumbellatus	calcisols
Astragalus_diphacus	leptosols
Astragalus_ammodytes	albeluvisols
Astragalus_brachyodontus	leptosols
Astragalus_domeykoanus	regosols
Astragalus_lurorum	calcisols
Astragalus_achundovii	cambisols
Astragalus_lacei	regosols
Astragalus_coriaceus	leptosols
Astragalus_xiphidium	cambisols
Oxytropis_tianschanica	cryosols
Astragalus_phlomoides	regosols
Astragalus_durandianus	calcisols
Astragalus_caprinus	leptosols
Astragalus_urceolatus	luvisols
Astragalus_canadensis	luvisols
Astragalus_mangeri	calcisols
Astragalus_cymbicarpos	cambisols
Astragalus_pseudoborodinii	cambisols
Astragalus_leiosemius	regosols
Astragalus_verticillatus	andosols
Astragalus_asymmetricus	kastanozems
Astragalus_flexus	solonetz
Astragalus_peterae	leptosols
Astragalus_anserinus	calcisols
Astragalus_eurekensis	kastanozems
Astragalus_polozhiae	kastanozems
Astragalus_conspicuus	calcisols
Astragalus_multiceps	cambisols
Astragalus_podocarpus	cryosols
Astragalus_eremiticus	kastanozems
Astragalus_stalinskyi	cambisols
Astragalus_cimae	luvisols
Astragalus_tortuosus	calcisols
Astragalus_denticulatus	calcisols
Astragalus_eucosmus	cambisols
Astragalus_reventiformis	kastanozems
Astragalus_patagonicus	regosols
Astragalus_gilgitensis	cambisols
Astragalus_kunlunensis	calcisols
Astragalus_bezudensis	calcisols
Astragalus_atwoodii	luvisols
Astragalus_ovigerus	calcisols
Astragalus_campylotrichus	regosols
Astragalus_spatulatus	kastanozems
Astragalus_holmgreniorum	luvisols
Astragalus_graveolens	cambisols
Oxytropis_jordalii	cambisols
Astragalus_iselyi	calcisols
Astragalus_odoratus	cambisols
Astragalus_harrisonii	calcisols
Astragalus_misellus	kastanozems
Astragalus_sesquiflorus	calcisols
Oxytropis_albana	cambisols
Astragalus_jiuquanensis	cambisols
Astragalus_cytisoides	calcisols
Astragalus_kralikii	leptosols
Astragalus_triflorus	leptosols
Astragalus_boeticus	luvisols
Astragalus_goldmanii	regosols
Astragalus_vulpinus	kastanozems
Astragalus_macropterus	cambisols
Astragalus_diminutivus	cambisols
Astragalus_uniflorus	cambisols
Astragalus_khoshjailensis	leptosols
Astragalus_shelkovnikovii	cambisols
Astragalus_gorodkovii	cambisols
Astragalus_cognatus	kastanozems
Astragalus_basineri	cambisols
Astragalus_miser	chernozems
Astragalus_salmonis	kastanozems
Astragalus_angarensis	cambisols
Astragalus_yunnanensis	leptosols
Astragalus_schmalhausenii	calcisols
Astragalus_monanthemus	regosols
Oxytropis_oreophila	chernozems
Astragalus_caroli-henrici	regosols
Astragalus_leucolobus	kastanozems
Astragalus_megalanthus	chernozems
Astragalus_setosulus	cambisols
Astragalus_biebersteinii	cambisols
Astragalus_ornithopodioides	cambisols
Astragalus_desperatus	calcisols
Astragalus_viridis	cambisols
Astragalus_sinicus	cambisols
Astragalus_chaetodon
Astragalus_tremolsianus	leptosols
Astragalus_melanodon	cambisols
Astragalus_pseudojohannis	regosols
Astragalus_psilocentros	cambisols
Astragalus_atropubescens	kastanozems
Astragalus_vaccarum	regosols
Astragalus_sesamoides	calcisols
Astragalus_adanus	kastanozems
Astragalus_distortus	luvisols
Astragalus_gaubae	regosols
Astragalus_luteolus	luvisols
Astragalus_hypsogenus	cambisols
Astragalus_kungurensis	albeluvisols
Astragalus_calliphysa	regosols
Astragalus_euchlorus	cambisols
Astragalus_galegiformis	cambisols
Astragalus_limprichtii	cambisols
Astragalus_layneae	calcisols
Astragalus_racemosus	kastanozems
Astragalus_basiflorus	calcisols
Astragalus_limnocharis	chernozems
Astragalus_egglestonii	luvisols
Astragalus_neobarnebyanus	regosols
Astragalus_cremnophylax	calcisols
Astragalus_lancearius	calcisols
Astragalus_discernendus	calcisols
Astragalus_debequaeus	calcisols
Astragalus_callistachys	regosols
Astragalus_puniceus	kastanozems
Astragalus_parvus	calcisols
Astragalus_solitarius	cambisols
Astragalus_chionobiiformis	leptosols
Astragalus_speirocarpus	kastanozems
Oxytropis_czukotica	cryosols
Astragalus_brachycarpus	cambisols
Astragalus_dielsii	cambisols
Astragalus_sikkimensis	luvisols
Astragalus_monticola	regosols
Astragalus_sutchuenensis	cambisols
Astragalus_hymenocystis	regosols
Astragalus_casapaltensis	cambisols
Astragalus_soxmaniorum	luvisols
Astragalus_beketowi	cambisols
Astragalus_sedaensis	leptosols
Astragalus_isphairamicus	chernozems
Astragalus_schmolliae	luvisols
Astragalus_aboriginum	cambisols
Astragalus_welshii	chernozems
Astragalus_lacteus	cambisols
Astragalus_scaphoides	kastanozems
Astragalus_bellus	regosols
Astragalus_alvordensis	cambisols
Astracantha_diphtherites	regosols
Astragalus_eriocarpus	cambisols
Astragalus_sangimashensis	calcisols
Astragalus_khasianus	luvisols
Astragalus_bisulcatus	kastanozems
Astragalus_vesicarius	cambisols
Astragalus_balearicus	cambisols
Astragalus_deanei	regosols
Astragalus_megalomerus	cambisols
Astragalus_amphioxys	calcisols
Astragalus_trichopodus	luvisols
Astragalus_loanus	kastanozems
Astragalus_unifoliolatus	cambisols
Astragalus_micromerius	cambisols
Astragalus_owirensis	cambisols
Astragalus_spinescens	calcisols
Astragalus_oroproselius	regosols
Astragalus_hartmanii	regosols
Oxytropis_jonesii	calcisols
Astragalus_takhtadzhjanii	leptosols
Astragalus_alopecuroides	cambisols
Astragalus_plattensis	kastanozems
Astragalus_crassifolius	luvisols
Astragalus_coronilla	regosols
Astragalus_inaequalifolius	cambisols
Astragalus_dictamnoides	chernozems
Astragalus_adpressipilosus	cambisols
Oxytropis_immersa	cambisols
Astragalus_peltatus	regosols
Astragalus_ptychophyllus	regosols
Astragalus_reesei	cambisols
Astragalus_polyceras	kastanozems
Astragalus_remotiflorus	regosols
Astragalus_helmii	chernozems
Astragalus_pseudokurrumensis	regosols
Astragalus_magellanicus	cambisols
Astragalus_petropolitanus	phaeozems
Astragalus_dingjiensis	leptosols
Astragalus_andaulgensis	cambisols
Astragalus_crymophilus	cambisols
Astragalus_chordorrhizus	podzols
Astragalus_illinii	regosols
Astragalus_kentrophyta	cambisols
Astragalus_chamaemeniscus	cambisols
Astragalus_palenae	regosols
Astragalus_registanicus	calcisols
Astragalus_maassoumii	regosols
Astragalus_fedtschenkoanus	kastanozems
Astragalus_gracilidentatus	solonetz
Astragalus_limariensis
Oxytropis_coerulea	cambisols
Astragalus_cyaneus	luvisols
Astragalus_anthosphaerus	cambisols
Astragalus_corniculatus	chernozems
Astragalus_barnebyi	calcisols
Astragalus_abbreviatus	kastanozems
Astragalus_purpusii	leptosols
Astragalus_brachypetalus	calcisols
Astragalus_pinonis	kastanozems
Astragalus_maurus	cambisols
Astragalus_suberosus	luvisols
Astragalus_laguroides	kastanozems
Astragalus_rattanii	luvisols
Astragalus_psilolobus	kastanozems
Astragalus_fraxinifolius	cambisols
Astragalus_humistratus	luvisols
Astragalus_callichrous	solonchaks
Astragalus_vogelii	leptosols
Astragalus_gueldenstaedtiae	calcisols
Astragalus_wrightii	luvisols
Astragalus_zingeri	chernozems
Astragalus_pennellianus	luvisols
Astragalus_toquimanus	kastanozems
Astragalus_daghestanicus	cambisols
Astragalus_confertus	leptosols
Astragalus_fruticosus	cambisols
Astragalus_atropurpureus	cambisols
Astragalus_pseudoaustralis	cambisols
Astragalus_orthocarpus	leptosols
Astragalus_medius	chernozems
Astragalus_khwaja-muhammadensis	calcisols
Carmichaelia_violacea	cambisols
Astragalus_schinetorum	regosols
Astragalus_agraniotii	cambisols
Astragalus_tumninensis	podzols
Astragalus_aspreticola	solonchaks
Astragalus_argophyllus	chernozems
Astragalus_dianthus	regosols
Astragalus_urbanianus	ferralsols
Astragalus_accumbens	luvisols
Oxytropis_humifusa	cryosols
Astragalus_wenxianensis	luvisols
Astragalus_sharestanicus	calcisols
Astragalus_polycladus	leptosols
Astragalus_nitidiflorus	cambisols
Oxytropis_pilosa	cambisols
Astragalus_hispidulus	solonchaks
Astragalus_wetherillii	calcisols
Astragalus_mucidus	cambisols
Astragalus_remotus	luvisols
Astragalus_calycosus	kastanozems
Astragalus_congdonii	luvisols
Astragalus_agrestis	chernozems
Astragalus_kohrudicus	calcisols
Astragalus_haesitabundus	cambisols
Astragalus_arcuatus	kastanozems
Astragalus_crassispinus	calcisols
Oxytropis_obnapiformis	kastanozems
Astragalus_chrysostachys	regosols
Astragalus_hoodianus	cambisols
Astragalus_rzaevii	cambisols
Astragalus_aegobromus	leptosols
Sutherlandia_microphylla	luvisols
Astragalus_quinquefoliolatus	regosols
Astragalus_hypoglottis	cambisols
Astragalus_coccineus	luvisols
Astragalus_panduratus	luvisols
Astragalus_cronquistii	calcisols
Astragalus_tribuloides	solonchaks
Astragalus_shevockii	kastanozems
Astragalus_austrosibiricus	cambisols
Astragalus_karkarensis	chernozems
Astragalus_greggii	calcisols
Oxytropis_racemosa	calcisols
Astragalus_varius	chernozems
Astragalus_mayeri	cambisols
Astragalus_didymocarpus	luvisols
Astragalus_simplicifolius	cambisols
Astragalus_agameticus	calcisols
Astragalus_cymboides	calcisols
Astragalus_monumentalis	calcisols
Astragalus_zanskarensis	chernozems
Astragalus_edmondsonii	leptosols
Astragalus_peterfii	chernozems
Astragalus_kirrindicus	cambisols
Astragalus_eusarathron	calcisols
Astragalus_macropodium	cambisols
Astragalus_politovii	cambisols
Astragalus_georgii	regosols
Astragalus_oniciformis	kastanozems
Astragalus_fucatus	calcisols
Astracantha_gummifera	cambisols
Astragalus_pusillus	cambisols
Astragalus_spaldingii	kastanozems
Astragalus_daleae	luvisols
Astragalus_turczaninowii	solonetz
Erophaca_baetica	luvisols
Astragalus_pattersonii	chernozems
Sphaerophysa_salsula	cambisols
Astragalus_confusus	regosols
Astragalus_maximowiczii	regosols
Astragalus_clerceanus	cambisols
Astragalus_stepporum	regosols
Astragalus_arizonicus	luvisols
Astragalus_bashgalensis	cambisols
Astracantha_aurea	chernozems
Astragalus_cretaceus	regosols
Astragalus_tongolensis	leptosols
Astragalus_ornithorrhynchus	chernozems
Astragalus_accidens	luvisols
Astragalus_ruiz-lealii	regosols
Astragalus_hypoleucus	leptosols
Astragalus_inyoensis	kastanozems
Astragalus_ovatus	cambisols
Astragalus_laricus	leptosols
Astragalus_longidentatus	leptosols
Astragalus_macroceras	cambisols
Astragalus_erivanensis	cambisols
Astragalus_lotiflorus	kastanozems
Oxytropis_chionobia	cryosols
Astragalus_kirilovii	kastanozems
Astragalus_purpurascens	calcisols
Astragalus_auratus	leptosols
Astragalus_kessleri	calcisols
Astragalus_sesameus	cambisols
Astragalus_moranii	regosols
Astragalus_acmophylloides	cambisols
Astragalus_pyrrhotrichus	cambisols
Astragalus_firuzkuhensis	calcisols
Astragalus_hypogaeus	kastanozems
Astragalus_scutaneus	vertisols
Astragalus_leontinus	cambisols
Astragalus_jolderensis	calcisols
Astragalus_tricholobus	calcisols
Astragalus_webberi	luvisols
Astragalus_lineatus	cambisols
Astragalus_clarkeanus
Astragalus_cachinalensis	leptosols
Astragalus_sieversianus	cambisols
Astragalus_molestus	cambisols
Astragalus_sumbari	regosols
Astragalus_gibbsii	kastanozems
Astragalus_oocalycis	kastanozems
Astragalus_canescens	calcisols
Astragalus_filicaulis	regosols
Astragalus_caricinus	cambisols
Astragalus_fissuralis	cambisols
Astragalus_gladiatus	cambisols
Astragalus_arkalycensis	chernozems
Astragalus_laxmannii	kastanozems
Astragalus_yumenensis	kastanozems
Astragalus_paraplesius	calcisols
Astragalus_sevangensis	cambisols
Astragalus_curvicarpus	kastanozems
Astragalus_chlorostegius	fluvisols
Astragalus_elatior	calcisols
Astragalus_nivalis	cryosols
Astragalus_neglectus	luvisols
Astragalus_nuttallianus	luvisols
Astragalus_clevelandii	luvisols
Astragalus_recurvus	luvisols
Astragalus_hajastanus	cambisols
Astragalus_chorinensis	cambisols
Astragalus_paralurges	calcisols
Astragalus_varzobicus	cambisols
Astracantha_strobilifera	calcisols
Astragalus_oreades	podzols
Astragalus_leptocaulis	kastanozems
Astragalus_munroi	leptosols
Astragalus_olgae	cambisols
Astragalus_atricapillus
Astragalus_echinops	calcisols
Astragalus_knightii	calcisols
Astragalus_bornmuellerianus	cambisols
Astragalus_laetus	calcisols
Astragalus_neoburkartianus	regosols
Astragalus_subalpinus	kastanozems
Astragalus_scorpioides	cambisols
Astragalus_grahamianus	cambisols
Astragalus_micranthellus	cambisols
Astragalus_tarijensis	cambisols
Astragalus_ampullarius	luvisols
Astragalus_echinatus	luvisols
Astragalus_gymnopodus	regosols
Astragalus_brachybotrys	chernozems
Astragalus_macropetalus	kastanozems
Astragalus_chilienshanensis	leptosols
Astragalus_aksaricus	chernozems
Astragalus_miguelensis	calcisols
Astragalus_psilacanthus	calcisols
Astragalus_episcopus	calcisols
Astragalus_licentianus	cambisols
Astragalus_variabilis	cambisols
Astragalus_balchaschensis
Astragalus_prorifer	regosols
Astragalus_froedinii	regosols
Astragalus_richii	cambisols
Astragalus_angreni	cambisols
Astragalus_erythrolepis	regosols
Astragalus_purshii	kastanozems
Astragalus_johnstonii	calcisols
Astragalus_harringtonii	cambisols
Astragalus_paktiensis	cambisols
Astragalus_brachytropis	podzols
Astragalus_joergensenii	cambisols
Astragalus_geniculatus	calcisols
Astragalus_saralensis	cambisols
Astragalus_filipes	kastanozems
Astragalus_cuatrecasasii	acrisols
Oxytropis_jacquinii	cambisols
Astragalus_schmidii	regosols
Astragalus_distinens	phaeozems
Astragalus_holosemius	gypsisols
Astragalus_oophorus	kastanozems
Astragalus_altus	luvisols
Astragalus_erionotus	leptosols
Astragalus_ortholobus	cryosols
Astragalus_squarrosus	regosols
Astragalus_kudrjaschovii	regosols
Astragalus_neomexicanus	luvisols
Astragalus_ophiocarpus	cambisols
Astragalus_lutosus	calcisols
Astragalus_conjunctus	kastanozems
Astragalus_coahuilae	calcisols
Astragalus_teheranicus	calcisols
Astragalus_eriopodus	regosols
Astragalus_ochreatus	regosols
Astragalus_chamissonis	leptosols
Astragalus_donianus	luvisols
Astragalus_geyeri	cambisols
Astragalus_duanensis	kastanozems
Astragalus_bicolor	chernozems
Astragalus_regiomontanus	leptosols
Astragalus_huthianus	leptosols
Astragalus_lunatus	cambisols
Astragalus_whitneyi	cambisols
Astragalus_gompholobium	fluvisols
Astragalus_saetiger	calcisols
Astragalus_curvirostris	calcisols
Astragalus_semnanensis	calcisols
Astragalus_yoder-williamsii	kastanozems
Astragalus_oocarpus	luvisols
Astragalus_raphiodontus	regosols
Astragalus_sanctae-crucis	cambisols
Astragalus_sericopetalus	calcisols
Astragalus_nigrivestitus	chernozems
Astragalus_panamintensis	calcisols
Astragalus_pseudoamygdalinus	leptosols
Astragalus_praelongus	calcisols
Astragalus_ancistrocarpus	regosols
Astragalus_antheliophorus	calcisols
Astragalus_arbuscula	kastanozems
Astragalus_dictyolobus	regosols
Astragalus_vexilliflexus	cambisols
Astragalus_hymenocalyx	gypsisols
Astragalus_falconeri	cambisols
Astragalus_feensis	luvisols
Astragalus_gracilis	kastanozems
Astragalus_sanguineus	leptosols
Astragalus_syreitschikovii	cambisols
Astragalus_sheldonii	kastanozems
Astragalus_esperanzae	luvisols
Astragalus_albulus	cambisols
Oxytropis_strobilacea	cambisols
Astragalus_bhotanensis	cambisols
Astragalus_minutissimus	cambisols
Astragalus_ampullarioides	luvisols
Astragalus_rimarum	leptosols
Astragalus_trigonocarpus	cambisols
Astragalus_oocephalus	vertisols
Astragalus_anemophilus	regosols
Astragalus_lepsensis	chernozems
Astragalus_eurylobus	cambisols
Astragalus_gruinus	regosols
Astragalus_huiningensis	cambisols
Astragalus_danicus	cambisols
Astragalus_straussii	regosols
Astragalus_macrourus	cambisols
Astragalus_pauperiflorus	regosols
Astragalus_erythrosemius	cambisols
Astragalus_radicans	luvisols
Astragalus_diversifolius	chernozems
Astragalus_pseudomegalomerus	calcisols
Astragalus_berteri	cambisols
Astragalus_tragacantha	luvisols
Astragalus_henryi	cambisols
Astragalus_atropilosulus	luvisols
Astragalus_schanginianus	cambisols
Astragalus_salatavicus	luvisols
Astragalus_melanostachys	cambisols
Astragalus_bicristatus	kastanozems
Astragalus_mikrophyton	calcisols
Astragalus_cicer	cambisols
Astragalus_longistipitatus	chernozems
Astragalus_pavlovii	gypsisols
Astragalus_paradoxus	cambisols
Astragalus_zacatecanus	luvisols
Astragalus_groetzbachii	calcisols
Astragalus_shatuensis	cambisols
Astragalus_compressus	kastanozems
Astragalus_sinuatus	kastanozems
Astragalus_brauntonii	kastanozems
Astragalus_aquilanus	cambisols
Astragalus_sanczirii	calcisols
Astragalus_hymenostegis
Astragalus_ovoideus	calcisols
Astragalus_perdurans	regosols
Astragalus_effusus	regosols
Astragalus_szovitsii	leptosols
Astragalus_badamensis	chernozems
Astragalus_preussii	calcisols
Astragalus_microphysa	calcisols
Astragalus_saurinus	calcisols
Astragalus_beckerianus	cambisols
Astragalus_rafaelensis	calcisols
Oxytropis_splendens	cambisols
Astragalus_capillipes	cambisols
Astragalus_macropus	chernozems
Astragalus_francisquitensis	regosols
Astragalus_dumetorum	cambisols
Astragalus_arthurii	kastanozems
Astragalus_moyanoi	andosols
Oxytropis_neglecta	cambisols
Astragalus_quinqueflorus	calcisols
Astragalus_ponticus	cambisols
Astragalus_levieri	podzols
Oxytropis_yunnanensis	leptosols
Astragalus_trichocarpus	cambisols
Astragalus_consobrinus	calcisols
Astragalus_rostratus	leptosols
Astragalus_serenoi	luvisols
Astragalus_lycioides	calcisols
Astragalus_jabbor-khailii	cambisols
Astragalus_linifolius	calcisols
Astragalus_arnoldii	leptosols
Astragalus_vanillae	solonchaks
Astragalus_coluteocarpus	cambisols
Hedysarum_boreale	cambisols
Astragalus_buschiorum	cambisols
Astragalus_miyalomontis	luvisols
Astragalus_bachmarensis	podzols
Astragalus_ellipsoideus	kastanozems
Astragalus_stenocystis	cambisols
Astragalus_herbertii	leptosols
Astragalus_chinensis	luvisols
Astragalus_goniatus	cambisols
Astragalus_musiniensis	calcisols
Astragalus_lehmannianus	calcisols
Astragalus_tugarinovii	cambisols
Astragalus_lasiopetalus	cambisols
Astragalus_hancockii	podzols
Astragalus_arrectus	kastanozems
Astragalus_bungeanus	cambisols
Astragalus_frigidus	cambisols
Astragalus_macrotropis	cambisols
Astragalus_siahderrensis	cambisols
Astragalus_sabuletorum	albeluvisols
Astragalus_lumsdenianus	calcisols
Astragalus_pamirensis	cambisols
Astragalus_longipetiolatus	luvisols
Astragalus_diopogon	leptosols
Astragalus_lindheimeri	kastanozems
Astragalus_clandestinus	leptosols
Astragalus_holophyllus	cambisols
Astragalus_persepolitanus	calcisols
Astragalus_pubentissimus	calcisols
Oxytropis_bicolor	cambisols
Astragalus_arnottianus	leptosols
Astragalus_ankylotus	histosols
Astragalus_platyphyllus	chernozems
Astragalus_riparius	kastanozems
Astragalus_hyalolepis	cambisols
Astragalus_kazbeki	cambisols
Astragalus_muliensis	luvisols
Astragalus_orbicularifolius	leptosols
Astragalus_alyssoides	cambisols
Astragalus_baionensis	cambisols
Oxytropis_scammaniana	cambisols
Astragalus_valparadisiensis	andosols
Oxytropis_poncinsii	cryosols
Astragalus_arequipensis	cambisols
Astragalus_webbianus	cambisols
Astragalus_siliceus	calcisols
Oxytropis_nutans	calcisols
Astragalus_stenanthus	calcisols
Astragalus_grubovii	luvisols
Astragalus_coquimbensis	leptosols
Astragalus_brachycentrus	calcisols
Astragalus_raddei	regosols
Astragalus_albicaulis	chernozems
Astragalus_nigrolineatus	calcisols
Astragalus_ammodendron	regosols
Astragalus_strigulosus	leptosols
Astragalus_inopinatus	cryosols
Astragalus_australis	cambisols
Astragalus_mucronifolius	regosols
Astragalus_kifonsanicus	cambisols
Astragalus_trachoniticus	regosols
Astragalus_souliei	luvisols
Astragalus_cracca	acrisols
Astragalus_amblytropis	kastanozems
Astragalus_ertterae	luvisols
Astragalus_granitovii	chernozems
Astragalus_juratzkanus	calcisols
Astragalus_megacarpus	calcisols
Astragalus_glabellus	luvisols
Astragalus_testiculatus	chernozems
Astragalus_jaliscensis	luvisols
Astragalus_nuciferus	leptosols
Astragalus_stenolepis	leptosols
Astragalus_hamosus	cambisols
Astragalus_bombycinus	solonchaks
Astragalus_vesiculosus	regosols
Astragalus_flavus	calcisols
Astragalus_oihorensis	leptosols
Astragalus_marinus	cambisols
Astragalus_propinquus	cambisols
Astragalus_verrucosus	luvisols
Astragalus_tenellus	chernozems
Astragalus_columbianus	kastanozems
Astragalus_brazoensis	vertisols
Astragalus_chorizanthus	cambisols
Astragalus_amnis-amissi	chernozems
Astragalus_johannis	regosols
Astragalus_gentryi	leptosols
Astragalus_carmanicus	regosols
Astragalus_piptocephalus	cambisols
Astragalus_fabrisii	regosols
Astragalus_oxyodon	cryosols
Astragalus_minthorniae	luvisols
Astragalus_dulungkiangensis	luvisols
Astragalus_humifusus	cambisols
Astragalus_gorczakovskii	albeluvisols
Astragalus_ammodendroides	leptosols
Astragalus_weberbaueri	andosols
Astragalus_coltonii	calcisols
Astragalus_tatsienensis	luvisols
Astragalus_rufescens	regosols
Astragalus_centralis	calcisols
Astragalus_strigosostipulatus	regosols
Astragalus_glaux	cambisols
Astragalus_guttatus	cambisols
Astragalus_toksunensis	fluvisols
Astragalus_leucocladus	cambisols
Astragalus_edulis	leptosols
Astracantha_karabaghensis	cambisols
Astragalus_bifidus	histosols
Astragalus_ecbatanus	regosols
Astragalus_nutriosensis	kastanozems
Astragalus_demavendicolus	gypsisols
Astragalus_cinereus	cambisols
Astragalus_monspessulanus	cambisols
Astragalus_miniatus	kastanozems
Astragalus_hololeucoides	cambisols
Phyllolobium_tribulifolium	leptosols
Astragalus_rubriflorus	leptosols
Astragalus_naftabensis	cambisols
Astragalus_nutans	luvisols
Astragalus_galiifolius	calcisols
Astragalus_susianus	cambisols
Astragalus_siliquosus	cambisols
Astragalus_cryptobotrys	cambisols
Astragalus_oxyphysus	kastanozems
Astragalus_terminalis	chernozems
Astragalus_striatiflorus	calcisols
Astragalus_xylobasis	cambisols
Astragalus_mattam	leptosols
Astragalus_taipaishanensis	luvisols
Astragalus_plumbeus	cambisols
Astragalus_sabulosus	calcisols
Astragalus_utriger	cambisols
Astragalus_mercklinii	calcisols
Astragalus_ledinghamii	calcisols
Astragalus_punctatus	calcisols
Astragalus_anacardius	regosols
Astragalus_peduncularis	chernozems
Astragalus_sparsus	leptosols
Astragalus_bidentatus	andosols
Astragalus_supinus	cambisols
Astragalus_leptocarpus	luvisols
Astragalus_missouriensis	kastanozems
Astragalus_camptodontoides	cambisols
Astragalus_applegatii	kastanozems
Astragalus_lyallii	kastanozems
Astragalus_brachystachys	cambisols
Astragalus_rupifragus	chernozems
Astragalus_pendulinus	cambisols
Astragalus_leiophyllus	leptosols
Astragalus_cephalanthus	calcisols
Astragalus_sprucei	andosols
Astragalus_kustanaicus	chernozems
Astragalus_drupaceus	luvisols
Astragalus_pinetorum	leptosols
Astragalus_biovulatus	regosols
Astragalus_exscapus	cambisols
Astragalus_commixtus	cambisols
Astragalus_serpens	chernozems
Smirnowia_turkestana	regosols
Astragalus_charguschanus	cryosols
Astragalus_baba-alliar	calcisols
Astragalus_noziensis	leptosols
Astragalus_platysematus	regosols
Astragalus_lipskyi	regosols
Astragalus_trichanthus	calcisols
Astragalus_ciceroides	cambisols
Astragalus_deminutivus	cambisols
Astragalus_tibetanus	cambisols
Astragalus_solandri	leptosols
Astragalus_ebenoides	regosols
Astragalus_nutzotinensis	cambisols
Astragalus_macronyx	cambisols
Astragalus_troglodytus	luvisols
Astragalus_cottonii	podzols
Astragalus_malacus	kastanozems
Astragalus_polygala	cambisols
Astragalus_lambinonii	calcisols
Astragalus_efoliatus	fluvisols
Astragalus_glumaceus	calcisols
Astragalus_heydei	calcisols
Astragalus_equisolensis	calcisols
Astragalus_lasiophyllus	kastanozems
Oxytropis_ochotensis	cryosols
Astragalus_cobrensis	luvisols
Astragalus_sulfuratus	regosols
Astragalus_khaneradarensis	regosols
Astracantha_cerasocrena	calcisols
Astragalus_ensifer	regosols
Astragalus_petraeus	cambisols
Astragalus_puberulus	cambisols
Astragalus_curvicaulis	leptosols
Astragalus_chloodes	calcisols
Astragalus_kerkukiensis	fluvisols
Astragalus_barbatus	leptosols
Astragalus_alaschanus	cambisols
Astragalus_cavanillesii	leptosols
Astragalus_tupalangi	chernozems
Astragalus_nelidae	leptosols
Astragalus_brevipes	leptosols
Astracantha_cretica	cambisols
Astragalus_armeniacus	cambisols
Oxytropis_nana	calcisols
Astragalus_consanguineus	kastanozems
Astragalus_dasyanthus	chernozems
Astragalus_thermensis	cambisols
Astragalus_nivicola	cambisols
Oxytropis_ciliata	kastanozems
Astragalus_seidabadensis	regosols
Astragalus_spegazzinii	leptosols
Astragalus_subrosulariformis	calcisols
Astragalus_somcheticus	cambisols
Astragalus_coluteopsis	calcisols
Astragalus_lasiosemius	regosols
Astragalus_piutensis	kastanozems
Astragalus_gypsodes	calcisols
Astragalus_germaini	leptosols
Astragalus_burkartii	cambisols
Astragalus_nigriceps	cambisols
Astragalus_apollineus	cambisols
Astragalus_savellanicus	cambisols
Astragalus_intercedens	regosols
Astragalus_pseudoadsurgens	cambisols
Astragalus_exasperatus	cambisols
Astragalus_lentiformis	kastanozems
Astragalus_acutifolius	cambisols
Astragalus_pseudohypogaeus	cambisols
Astragalus_bodinii	cambisols
Astragalus_anfractuosus	kastanozems
Astragalus_cisoxanus	calcisols
Astracantha_stenonychioides	cambisols
Astragalus_brachylobus	kastanozems
Astragalus_kuschkensis	regosols
Astracantha_parnassi	cambisols
Astragalus_obcordatus	acrisols
Astragalus_pectinatus	kastanozems
Astragalus_traskiae	cambisols
Astragalus_gambelianus	luvisols
Astragalus_zerdanus	cambisols
Astragalus_simpsonii	luvisols
Astragalus_jaxarticus	regosols
Astragalus_wolgensis	chernozems
Astragalus_hyrcanus	kastanozems
Astragalus_macrosemius	cambisols
Astragalus_balfourianus	luvisols
Astragalus_lemmonii	kastanozems
Astragalus_malacoides	calcisols
Astragalus_giganteus	regosols
Astragalus_douglasii	kastanozems
Astragalus_chaidamuensis	solonchaks
Astragalus_pardalinus	calcisols
Astragalus_rawianus	calcisols
Astragalus_dendroides	kastanozems
Astragalus_lucidus	luvisols
Astragalus_vavilovii	cambisols
Astragalus_nephtonensis	calcisols
Astragalus_reduncus	kastanozems
Astragalus_cottamii	calcisols
Astragalus_mahoschanicus	leptosols
Astragalus_grayi	calcisols
Astragalus_mesites	leptosols
Astragalus_shinanensis	podzols
Astragalus_djilgensis	cryosols
Astragalus_hirsutus	cambisols
Astracantha_microcephala	cambisols
Astragalus_vaginatus	cambisols
Astragalus_faurei	vertisols
Astragalus_aequalis	kastanozems
Astragalus_versicolor	cambisols
Astragalus_atrovinosus	cambisols
Astragalus_glomeratus	albeluvisols
Oxytropis_sericea	kastanozems
Astragalus_bourgaeanus	cambisols
Astragalus_deterior	luvisols
Astragalus_naturitensis	calcisols
Astragalus_vulcanicus	cambisols
Astragalus_lanuginosus	cambisols
Astragalus_reinii	cambisols
Astragalus_avicennicus	cambisols
Astragalus_myrianthus	calcisols
Astragalus_cenorrhynchus	leptosols
Astragalus_brevidens	calcisols
Astragalus_schrenkianus	kastanozems
Astragalus_rhacodes	kastanozems
Astragalus_emarginatus	cambisols
Astragalus_anisacanthus	calcisols
Astragalus_retusifoliatus	cambisols
Astragalus_obscurus	kastanozems
Astragalus_curtipes	kastanozems
Astragalus_skythropos	luvisols
Astragalus_imitensis	chernozems
Astragalus_neuquenensis	regosols
Astragalus_leptus	calcisols
Astragalus_tephrolobus	cryosols
Astragalus_succumbens	cambisols
Astragalus_lyonnetii	luvisols
Astragalus_pakistanicus	leptosols
Astragalus_englerianus	luvisols
Astragalus_pehuenches	vertisols
Astragalus_proximus	luvisols
Astragalus_hemsleyi	calcisols
Astragalus_korovinianus	luvisols
Astragalus_vallaris	kastanozems
Astragalus_scleroxylon	solonetz
Astragalus_karelinianus	chernozems
Astragalus_mario-sousae	calcisols
Astragalus_chingoanus	cambisols
Astragalus_nematodes	calcisols
Astragalus_breviscapus	cambisols
Astragalus_weddellianus	cambisols
Astragalus_depauperatus	chernozems
Astragalus_dactylocarpus	solonchaks
Astragalus_cuscutae	cambisols
Astragalus_crypticus	cambisols
Astragalus_micrancistrus	calcisols
Astragalus_supervisus	leptosols
Astragalus_nidularius	calcisols
Astragalus_takharensis	calcisols
Astragalus_bracteosus	calcisols
Astragalus_pallescens	chernozems
Astragalus_weixinensis	cambisols
Astragalus_orthocarpoides	cambisols
Astragalus_iodopetalus	luvisols
Astragalus_acutirostris	luvisols
Astragalus_darwinianus	regosols
Astragalus_demavendicus	luvisols
Astragalus_variegatus	chernozems
Astragalus_arganaticus	kastanozems
Astragalus_curviflorus	regosols
Astragalus_lithophilus	cambisols
Astragalus_vessalae	regosols
Astragalus_stipulatus	luvisols
Astragalus_pseudoversicolor	leptosols
Tragacantha_fasciculifolia	regosols
Astragalus_reventus	kastanozems
Astragalus_impexus	calcisols
Astragalus_magdalenae	arenosols
Astragalus_crotalariae	solonchaks
Astragalus_dilutus	kastanozems
Astragalus_gombo	leptosols
Astragalus_physodes	kastanozems
Astragalus_oxyphysopsis	regosols
Astragalus_armatus	leptosols
Astragalus_scaberrimus	cambisols
Astragalus_sparsiflorus	luvisols
Astragalus_tolucanus	luvisols
Astragalus_scopulorum	chernozems
Astragalus_cornutus	chernozems
Astragalus_californicus	kastanozems
Astragalus_karakugensis	calcisols
Astragalus_lentiginosus	calcisols
Astragalus_ibrahimianus	leptosols
Astragalus_aschuturi	cambisols
Astragalus_edmondstonei	leptosols
Astragalus_lupulinus	cambisols
Astragalus_lamondiae	gypsisols
Astragalus_nudisiliquus	cambisols
Astragalus_aduncus	cambisols
Astragalus_newberryi	luvisols
Astragalus_termeanus	regosols
Astragalus_endytanthus	calcisols
Astragalus_incanus	cambisols
Astragalus_kolymensis	cambisols
Astragalus_degensis	luvisols
Astragalus_sanguinolentus	cambisols
Astragalus_filiformis	kastanozems
Oxytropis_lambertii	kastanozems
Astragalus_retamocarpus	regosols
Astragalus_scabrisetus	solonetz
Astragalus_oncotrichus	regosols
Astragalus_scoparius	kastanozems
Astragalus_gracilipes	regosols
Astragalus_hispanicus	calcisols
Astragalus_olchonensis	luvisols
Astragalus_abnormalis	calcisols
Astragalus_chamaeleuce	calcisols
Astragalus_plagiophacos	leptosols
Astragalus_carduchorum	regosols
Astragalus_lalesarensis	regosols
Astragalus_physocarpus	kastanozems
Astragalus_wittmannii	calcisols
Astragalus_asplundii	cambisols
Astragalus_flexuosus	chernozems
Astragalus_eriostomus	calcisols
Astragalus_nothoxys	luvisols
Astragalus_aleppicus	vertisols
Astragalus_villosus	acrisols
Clianthus_puniceus	cambisols
Astragalus_pauper	cambisols
Astragalus_valerianensis	cambisols
Astragalus_globiceps	regosols
Astragalus_neurophyllus	chernozems
Astragalus_oxyrhynchus	phaeozems
Astragalus_molybdenus	cambisols
Astragalus_aspindzicus	cambisols
Astragalus_piletocladus	solonchaks
Astragalus_beckii	cambisols
Eremosparton_flaccidum	calcisols
Astragalus_tenuifolius	leptosols
Astragalus_nyensis	calcisols
Astragalus_montigenus	cambisols
Astragalus_tener	vertisols
Astragalus_yangtzeanus	cambisols
Astragalus_pseudoutriger	cambisols
Astragalus_tribulifolius	luvisols
Astragalus_helleri	leptosols
Astragalus_speciosus	leptosols
Astragalus_angustiflorus	cambisols
Astragalus_kuramensis	luvisols
Astragalus_tephrosioides	calcisols
Oxytropis_recognita	cryosols
Astragalus_taschkendicus	calcisols
Astragalus_microcymbus	chernozems
Astragalus_dahuricus	cambisols
Astragalus_porrectus	solonetz
Astragalus_stenoceras	chernozems
Astragalus_erubescens	regosols
Astragalus_sphaerocystis	kastanozems
Astragalus_tyghensis	kastanozems
Astragalus_alpinus	cambisols
Astracantha_granatensis	cambisols
Swainsona_formosa	cambisols
Astragalus_littoralis	cambisols
Astragalus_caraganae	cambisols
Astragalus_arbelicus	regosols
Astragalus_castetteri	regosols
Astragalus_albens	luvisols
Astragalus_humilis	cambisols
Astragalus_sieberi	solonchaks
Astragalus_rahensis	regosols
Astragalus_contortuplicatus	kastanozems
Astragalus_saccatus	regosols
Astragalus_carminis	leptosols
Astragalus_xipholobus	calcisols
Astragalus_shortianus	kastanozems
Astragalus_bernardinus	luvisols
Astragalus_cyclophyllon	cambisols
Astragalus_concretus	cambisols
Astragalus_craibianus	luvisols
Astragalus_norvegicus	cambisols
Astragalus_funereus	calcisols
Astragalus_falciformis	chernozems
Astragalus_glycyphyllos	cambisols
Astragalus_leansanicus	cambisols
Astragalus_inversus	kastanozems
Astragalus_bounophilus	luvisols
Astragalus_gudrunensis	calcisols
Astragalus_hamrinensis	gypsisols
Astragalus_macrocephalus	cambisols
Astragalus_leptaleus	chernozems
Astragalus_davidii	luvisols
Astragalus_maurorum	leptosols
Astragalus_strictilobus	regosols
Astragalus_podlechii	regosols
Astragalus_peregrinus	solonchaks
Astragalus_idrietorum	regosols
Astragalus_hoantchy	luvisols
Astragalus_maritimus	leptosols
Astragalus_pictiformis	luvisols
Astragalus_rhizanthus	cambisols
Astragalus_titanophilus	luvisols
Astragalus_borraginaceus	calcisols
Astragalus_nudus	cambisols
Astragalus_berterianus	leptosols
Astragalus_casei	luvisols
Oxytropis_ochrocephala	leptosols
Astragalus_semilunatus	calcisols
Astragalus_glaucus	chernozems
Astragalus_managildensis	kastanozems
Astragalus_wagneri	leptosols
Astragalus_tigridis	calcisols
Astragalus_mollissimus	calcisols
Oxytropis_mollis	cambisols
Astragalus_fuliginosus	calcisols
Astracantha_plumosa	cambisols
Astragalus_vexillaris	cambisols
Astragalus_andersonii	kastanozems
Astragalus_tulinovii	leptosols
Astragalus_scalaris	regosols
Astragalus_golmuensis	leptosols
Astragalus_ufraensis	calcisols
Astragalus_lonchocarpus	calcisols
Astragalus_majevskianus	cryosols
Astragalus_handelii	chernozems
Oxytropis_vassilczenkoi	cambisols
Astragalus_alaicus	chernozems
Astragalus_ugamicus	cambisols
Oxytropis_hirta	cambisols
Astragalus_marianus	calcisols
Astragalus_cottonianus	calcisols
Astragalus_xanthotrichus
Astragalus_minimus	cambisols
Astragalus_pulsiferae	kastanozems
Astragalus_bonariensis	regosols
Astragalus_pseudochlorostachys	cambisols
Astragalus_melanochiton	regosols
Astragalus_uliginosus	cambisols
Astragalus_adsurgens	chernozems
Astragalus_reflexistipulus	cambisols
Astragalus_wilmottianus	luvisols
Astragalus_nobilis	regosols
Astragalus_moellendorffii	cambisols
Astragalus_charadzeae	cambisols
Astragalus_villosissimus	chernozems
Astragalus_humillimus	cambisols
Astragalus_oplites	leptosols
Astragalus_clarianus	luvisols
Astragalus_tioides	calcisols
Astragalus_spartioides	kastanozems
Astragalus_densiflorus	leptosols
Astragalus_tarumensis	regosols
Astragalus_brachypus	solonetz
Astragalus_prilipkoanus	chernozems
Astragalus_hidalgensis	leptosols
Astragalus_catabostrychos	regosols
Astragalus_turolensis	cambisols
Oxytropis_aciphylla	calcisols
Astragalus_monbeigii	leptosols
Oxytropis_koyukukensis	cambisols
Astragalus_piscator	calcisols
Astragalus_askius	cambisols
Oxytropis_talassica	cambisols
Astragalus_semicircularis	luvisols
Astragalus_darii	calcisols
Oxytropis_melanocalyx	leptosols
Astragalus_potosinus	luvisols
Astragalus_osterhoutii	chernozems
Astragalus_tephrodes	luvisols
Astragalus_sirinicus	cambisols
Astragalus_ceratoides	cambisols
Astragalus_aquilonius	chernozems
Oxytropis_lapponica	cambisols
Astragalus_chiwensis	regosols
Astragalus_anisus	chernozems
Astragalus_galactites	kastanozems
Astracantha_deinacantha	luvisols
Oxytropis_viscida	cambisols
Astragalus_glaucacanthos	regosols
Astragalus_curvipes	regosols
Astragalus_comosus	cambisols
Astragalus_wenquanensis	luvisols
Astragalus_porphyrocalyx	leptosols
Astragalus_sachalinensis	podzols
Astragalus_tegetarioides	kastanozems
Astragalus_micranthus	luvisols
Astragalus_punae	regosols
Astragalus_tungensis	luvisols
Astragalus_onobrychis	cambisols
Astragalus_aridus	arenosols
Astragalus_toanus	cambisols
Astragalus_terrestris	cambisols
Astragalus_capito	leptosols
Oxytropis_eriocarpa	cambisols
Astragalus_severzovii	fluvisols
Astragalus_venturii	cambisols
Astragalus_albertoregelia	cambisols
Astragalus_hallii	chernozems
Astragalus_latiunguiculatus	leptosols
Astragalus_xanthomeloides	cambisols
Astragalus_brevialatus	cambisols
Astragalus_taubertianus	solonchaks
Astragalus_amarus	kastanozems
Astragalus_nurensis	regosols
Astragalus_sarbasnensis	chernozems
Astragalus_vegetus	calcisols
Oxytropis_grandiflora	kastanozems
Astragalus_hirtus	regosols
Astragalus_austroaegaeus	luvisols
Oxytropis_taochensis	cambisols
Oxytropis_riparia	kastanozems
Astragalus_minutulus	leptosols
Astragalus_pycnostachyus	cambisols
Astragalus_dipelta	kastanozems
Oxytropis_kobukensis	cambisols
Oxytropis_squammulosa	kastanozems
Astragalus_legionensis	leptosols
Astragalus_kerrii	luvisols
Astragalus_cerasinus	calcisols
Astragalus_pseudocytisoides	kastanozems
Astragalus_complanatus	calcisols
Astragalus_dombeyi	calcisols
Astragalus_taiyuanensis	cambisols
Astragalus_argyroides	calcisols
Astragalus_straturensis	kastanozems
Astragalus_pachypus	regosols
Astragalus_vallicola	cryosols
Astragalus_reichei	leptosols
Astragalus_breweri	luvisols
Astragalus_anisomerus	cambisols
Astragalus_chardinii	cambisols
Astragalus_porphyrophysa	regosols
Astragalus_macrostachys	cambisols
Astragalus_pachyrhizus	cambisols
Astragalus_tawilicus	cambisols
Astragalus_grammocalyx	cambisols
Astragalus_bossuensis	cambisols
Astragalus_tidestromii	calcisols
Astragalus_paucijugus	regosols
Astragalus_hornii	fluvisols
Astragalus_rawlinsianus	calcisols
Astragalus_ensiformis	luvisols
Astragalus_pseudofragiferus	regosols
Astragalus_hypoxylus	luvisols
Astragalus_williamsii	cambisols
Astragalus_adzharicus	cambisols
Astragalus_angustifolius	cambisols
Astragalus_temirensis	chernozems
Astragalus_tiehmii	cambisols
Astragalus_oligophyllus	cambisols
Astragalus_nelsonianus	calcisols
Astragalus_bazmanicus	regosols
Astragalus_spinosus	solonchaks
Astragalus_leibergii	kastanozems
Astragalus_sericeocanus
Astragalus_goktschaicus	cambisols
Astragalus_monoensis	kastanozems
Astragalus_peruvianus	cambisols
Astragalus_dschangartensis	cambisols
Astragalus_xiphoides	calcisols
Astragalus_ishkamishensis	calcisols
Astragalus_cerussatus	chernozems
Astragalus_laguriformis	regosols
Astragalus_palmeri	regosols
Astragalus_hohenackeri	leptosols
Astragalus_brandegei	luvisols
Astragalus_falcatus	cambisols
Astragalus_sommieri	cambisols
Astragalus_rytilobus	cambisols
Astragalus_flexicaulis	cambisols
Astragalus_erwinii-gaubae	calcisols
Astragalus_macrodon	kastanozems
Astragalus_kuschakewiczi	leptosols
Astragalus_kermanschahensis	calcisols
Astragalus_corrugatus	leptosols
Astragalus_reflexus	luvisols
Astragalus_schistocalyx	regosols
Astragalus_pissisi	leptosols
Astragalus_leucocephalus	cambisols
Astragalus_polyacanthus	leptosols
Astragalus_amatus	cambisols
Astragalus_insularis	regosols
Astragalus_submitis	leptosols
Astragalus_annularis	solonchaks
Astragalus_uncialis	solonetz
Astragalus_boelckei	leptosols
Astragalus_stewartii	cambisols
Oxytropis_oxyphylloides	chernozems
Astragalus_lasioglottis	chernozems
Astragalus_jessenii	calcisols
Astragalus_jodotropis	leptosols
Astragalus_hoffmeisteri	cambisols
Astragalus_captiosus	cambisols
Astragalus_rigidulus	luvisols
Astragalus_eupeplus	kastanozems
Astragalus_onobrychioides	cambisols
Astragalus_matiensis	luvisols
Astragalus_werdermannii	cambisols
Astragalus_atratus	kastanozems
Astragalus_cruckshanksii	leptosols
Astragalus_laceratus	fluvisols
Astragalus_megricus	cambisols
Astragalus_tashqurghanicus	cambisols
Astragalus_ackerbergensis	calcisols
Astragalus_collinus	kastanozems
Astragalus_suffruticosus	cryosols
Astragalus_campylanthus	regosols
Astragalus_tweedyi	kastanozems
Astragalus_tetrapterus	cambisols
Astragalus_frickii	podzols
Astragalus_chlorodontus	chernozems
Astragalus_ulothrix	cambisols
Astragalus_wootonii	calcisols
Oxytropis_aucheri	regosols
Astragalus_chalaranthus	regosols
Astragalus_cuneifolius	calcisols
Oxytropis_multiceps	luvisols
Astragalus_iljinii	leptosols
Astragalus_pelecinus	luvisols
Astragalus_prattii	luvisols
Astragalus_stevenianus	cambisols
Astragalus_bashmensis	leptosols
Astragalus_callithrix	cambisols
Astragalus_asclepiadoides	calcisols
Astragalus_longilobus	cambisols
Astragalus_musimonum	calcisols
Astragalus_oxypterus	chernozems
Astragalus_floridulus	leptosols
Astragalus_taochius	cambisols
Oxytropis_ochroleuca	cambisols
Astragalus_kahiricus	solonchaks
Astragalus_tataricus	cambisols
Astragalus_paralipomenus	leptosols
Astragalus_chlorostachys	cambisols
Astragalus_bowes-lyonii	chernozems
Astragalus_trimestris	regosols
Astragalus_concinnus	leptosols
Astragalus_flavocreatus	cambisols
Astragalus_gilensis	luvisols
Astragalus_austriacus	cambisols
Oxytropis_parryi	chernozems
Astragalus_beckwithii	kastanozems
Astragalus_schizotropis	cambisols
Astragalus_amherstianus	cambisols
Astragalus_dolichophyllus	kastanozems
Astragalus_glycyphylloides	cambisols
Astragalus_mokiacensis	luvisols
Astragalus_kashmirensis	cambisols
Astragalus_crenatus	regosols
Astragalus_suprapilosus	chernozems
Astragalus_ishigensis
Astragalus_ervoides	luvisols
Astragalus_ripleyi	chernozems
Astragalus_saxorum	cambisols
Astragalus_garbancillo	cambisols
Astragalus_anserinifolius	regosols
Astragalus_titovii	cambisols
Astragalus_dekazygus	regosols
Astragalus_quinquejugus	calcisols
Astragalus_follicularis	cambisols
Astragalus_parodii	acrisols
Astragalus_ochrochlorus	cambisols
Astragalus_zayuensis	luvisols
Astragalus_brackenridgei	cambisols
Astragalus_baitagensis	chernozems
Astragalus_arenarius	cambisols
Astragalus_subsecundus	cryosols
Oxytropis_arctica	cambisols
Astragalus_alexandrii	cambisols
Wisteria_sinensis	acrisols
Astragalus_chuskanus	luvisols
Astragalus_sclerocarpus	kastanozems
Astragalus_poliotrichus	calcisols
Astragalus_pullus	luvisols
Astragalus_algerianus	kastanozems
Astragalus_paysonii	chernozems
Astragalus_pseudotesticulatus	cryosols
Astragalus_bustillosii	leptosols
Astragalus_pushtashanicus	leptosols
Astragalus_fragrans	chernozems
Astragalus_sulcatus	chernozems
Astragalus_gilmanii	kastanozems
Astragalus_scorpiurus	cambisols
Astragalus_thomsonii	leptosols
Astragalus_meiliensis	luvisols
Astragalus_alamliensis	cambisols
Astragalus_submaculatus	kastanozems
Astragalus_subuliformis	chernozems
Astragalus_ionae	chernozems
Astragalus_fuhsii	regosols
Oxytropis_williamsii	leptosols
Astragalus_stapfii	regosols
Astragalus_rosae	regosols
Astragalus_schelichowii	cryosols
Astragalus_remotijugus	leptosols
Astragalus_scheremetevianus	cambisols
Colutea_abyssinica	leptosols
Astragalus_pauranthus	kastanozems
Astragalus_wardii	kastanozems
Oxytropis_qinghaiensis	leptosols
Astragalus_junatovii	calcisols
Astragalus_horridus	regosols
Astragalus_urmiensis	cambisols
Astragalus_mareoticus	leptosols
Astragalus_eastwoodiae	calcisols
Astragalus_beathii	calcisols
Astragalus_cusickii	kastanozems
Astragalus_sciureus	calcisols
Astragalus_nitens	cambisols
Astragalus_rhizocephalus	cambisols
Astragalus_verus	regosols
Astragalus_aeluropus	regosols
Astragalus_austiniae	cambisols
Astragalus_albertii	cambisols
Astragalus_zionis	calcisols
Astragalus_convallarius	kastanozems
Astragalus_archibaldii	calcisols
Astragalus_forrestii	luvisols
Oxytropis_maydelliana	cambisols
Astragalus_chrysopterus	cambisols
Astragalus_strictus	leptosols
Astragalus_kronenburgii	kastanozems
Astragalus_palibinii	cambisols
Astragalus_altaicola	kastanozems
Astragalus_podolobus	regosols
Astragalus_daenaensis	cambisols
Astragalus_vagus	leptosols
Astragalus_campylorhynchus	regosols
Astragalus_beatleyae	cambisols
Astragalus_austroargentinus	regosols
Astragalus_ravenii	cambisols
Astragalus_bourgovii	cambisols
Astragalus_camptoceras	calcisols
Astragalus_fialae	cambisols
Astragalus_schimperi	regosols
Astragalus_altimurensis	regosols
Astragalus_hololeios	calcisols
Astragalus_sungpanensis	leptosols
Oxytropis_savellanica	cambisols
Astragalus_harpocarpus	calcisols
Astragalus_megalocystis	calcisols
Astragalus_schugnanicus	regosols
Astragalus_bakuensis	cambisols
Astragalus_mailiensis	leptosols
Astragalus_leptophysus	cambisols
Astragalus_pterocarpus	cambisols
Astragalus_ordubadensis	cambisols
Astragalus_sogdianus	regosols
Astragalus_tanaiticus	chernozems
Astragalus_campylosema	chernozems
Astragalus_roseus	albeluvisols
Astragalus_heterodontus	cambisols
Astragalus_robustus	leptosols
Astragalus_pulcher	chernozems
Astragalus_popovii	regosols
Astragalus_michauxii	acrisols
Astragalus_floridus	leptosols
Astragalus_oreganus	calcisols
Astragalus_sterilis	kastanozems
Astragalus_nigricalycis	cambisols
Astragalus_drabelliformis	calcisols
Astragalus_parvicarinatus	cambisols
Astragalus_inflexus	kastanozems
Astragalus_alatavicus	cambisols
Astragalus_subcinereus	luvisols
Astragalus_looseri	cambisols
Astragalus_freitagii	regosols
Astragalus_drummondii	kastanozems
Astragalus_ochroleucus	leptosols
Astragalus_trigonus	leptosols
Astragalus_orcuttianus	regosols
Astragalus_diaphanus	kastanozems
Astragalus_vicarius	calcisols
Astragalus_tricarinatus	regosols
Astragalus_mackewiczii	chernozems
Astragalus_levitubus	luvisols
Astragalus_guatemalensis	luvisols
Astragalus_irinaea	cambisols
Astragalus_alopecurus	cambisols
Astragalus_brahuicus	calcisols
Astragalus_himalayanus	cambisols
Astragalus_clusii	calcisols
Astragalus_hartwegii	leptosols
Astragalus_longipetalus	kastanozems
Astragalus_harbisonii	regosols
Astragalus_rhodosemius	calcisols
Astracantha_bethlehemitica	leptosols
Astragalus_microcystis	cambisols
Astragalus_fangensis	fluvisols
Astragalus_sangonensis	regosols
Astragalus_moencoppensis	calcisols
Astragalus_arguricus	cambisols
Astragalus_ajfreidii	regosols
Astragalus_ruscifolius	regosols
Astragalus_masenderanus	cambisols
Astragalus_hintonii	luvisols
Oxytropis_campanulata	phaeozems
Astragalus_oxyglottis	cambisols
Astragalus_aqrabatensis	regosols
Astragalus_aloisii	cambisols
Astragalus_sepultipes	luvisols
Oxytropis_lagopus	chernozems
Astragalus_griffithii	calcisols
Astragalus_angustatus	regosols
Astragalus_pseudonobilis	cambisols
Astragalus_recognitus	gypsisols
Astragalus_chionanthus	chernozems
Astragalus_murinus	cambisols
Astragalus_sachanewii	cambisols
Astragalus_franziskae	calcisols
Astragalus_saxifractor	cambisols
Astragalus_harpilobus	regosols
Astragalus_darumbium	andosols
Astragalus_stocksii	regosols
Astragalus_chubutensis	cambisols
Astragalus_sikokianus	cambisols
Astragalus_macrobotrys	cambisols
Astragalus_crassicarpus	luvisols
Astragalus_microdontus	regosols
Astragalus_riouxii	calcisols
Astragalus_graecus	vertisols
Astragalus_mossulensis	regosols
Astragalus_camelorum	solonchaks
Lessertia_capitata	cambisols
Astragalus_geminiflorus	andosols
Astragalus_austinae	cambisols
Astragalus_multijugus	regosols
Astragalus_algarbiensis	vertisols
Astragalus_acaulis	luvisols
Astragalus_brevifolius	kastanozems
Astragalus_macropelmatus	regosols
Astragalus_aucheri	cambisols
Astragalus_muelleri	cambisols
Astragalus_tschujensis	cryosols
Astragalus_sinaicus	luvisols
Astragalus_sphaeranthus	cambisols
Astragalus_argentinus	phaeozems
Astragalus_falcigerus	cambisols
Astragalus_turbinatus	cambisols
Astragalus_fragiferus	regosols
Astragalus_tabrisianus	solonchaks
Astragalus_bolanderi	cambisols
Astragalus_asper	chernozems
Astragalus_monadelphus	luvisols
Astragalus_chiukiangensis	cambisols
Astragalus_cibarius	kastanozems
Astragalus_buchtormensis	chernozems
Astragalus_macrotrichus	cambisols
Astragalus_umbellatus	cambisols
Astragalus_canoflavus	kastanozems
Astragalus_sempervirens	cambisols
Astragalus_spruneri	luvisols
Astragalus_rubrolineatus	leptosols
Astragalus_pomonensis	luvisols
Astragalus_baissunensis	calcisols
Oxytropis_ochrantha	leptosols
Astragalus_complicatus	cambisols
Astragalus_anxius	kastanozems
Astragalus_anni-novi	regosols
Astragalus_pueblae	phaeozems
Astragalus_polaris	cambisols
Astragalus_shiroumensis	podzols
Astragalus_citrinus	calcisols
Astragalus_neocarpus	regosols
Astragalus_tanguticus	calcisols
Astragalus_cancellatus	cambisols
Astragalus_orbiculatus
Astragalus_ajubensis	regosols
Astragalus_duchesnensis	calcisols
Astragalus_eremophilus	leptosols
Astragalus_epiglottis	luvisols
Astragalus_jejunus	calcisols
Astragalus_kavirensis	regosols
Astragalus_fenzelianus	leptosols
Astragalus_stella	cambisols
Astragalus_fabaceus	cambisols
Astragalus_maxwellii	chernozems
Astragalus_parwanicus	calcisols
Oxytropis_macrocarpa	chernozems
Astragalus_tortipes	gypsisols
Astragalus_pringlei	calcisols
Astragalus_pellitus	regosols
Astragalus_depressus	cambisols
Astragalus_kaghysmani	cambisols
Astragalus_griseus	calcisols
Astragalus_americanus	cambisols
Astragalus_sinaloae	luvisols
Astragalus_alopecias	cambisols
Astragalus_bergii	cambisols
Astragalus_smithianus	cambisols
Astragalus_secundus	podzols
Oxytropis_falcata	leptosols
Astragalus_calycinus	cambisols
Astragalus_platytropis	chernozems
Astragalus_connectens	calcisols
Astragalus_detritalis	calcisols
Astragalus_infestus	calcisols
Astragalus_phoenix	calcisols
Astragalus_melilotoides	cambisols
Astragalus_mendocinus	regosols
Astragalus_nummularius	cambisols
Astragalus_sahendi	cambisols
Astragalus_bryantii	luvisols
Astragalus_sanctorum	regosols
Astragalus_lilacinus	cryosols
Astragalus_zagrosicus	cambisols
Astragalus_laccoliticus	luvisols
Oxytropis_microphylla	leptosols
Astragalus_rusbyi	luvisols
Astragalus_havianus	cambisols
Astragalus_jaegerianus	luvisols
Astragalus_maroccanus	regosols
Astragalus_agnicidus	luvisols
Astragalus_sabulonum	calcisols
Oxytropis_pauciflora	leptosols
Astragalus_incertus	cambisols
Astragalus_wingatanus	calcisols
Astragalus_robbinsii	cambisols
Astragalus_dodtii	leptosols
Astragalus_discolor	cambisols
Astragalus_habamontis	cambisols
Astragalus_mongholicus	cambisols
Astragalus_pseudocyclophyllus	calcisols
Astragalus_desereticus	kastanozems
Astragalus_dependens	cambisols
Astragalus_castaneiformis	luvisols
Astragalus_rytidocarpus	cambisols
Oxytropis_mertensiana	cambisols
Astragalus_saganlugensis	chernozems
Astragalus_fridae	calcisols
Astragalus_caeruleopetalinus	luvisols
Tragacantha_densifolia	cambisols
Oxytropis_kansuensis	leptosols
Astragalus_parryi	luvisols
Oxytropis_adamsiana	cambisols
Astragalus_iodanthus	kastanozems
Astragalus_argutensis	cryosols
Astragalus_freynii	podzols
Astragalus_hemiphaca	kastanozems
Astragalus_subarcuatus	chernozems
Astragalus_gebleri	calcisols
Astragalus_mohavensis	calcisols
Astragalus_subverticillatus	regosols
Astragalus_ackermanii	regosols
Astragalus_dignus	cryosols
Astragalus_heptapotamicus	chernozems
Astragalus_alpamarcae	andosols
Astragalus_laspurensis	cambisols
Astragalus_sericophyllus	luvisols
Astragalus_satoi	cambisols
Astragalus_camptopus	cambisols
Astragalus_przewalskii	leptosols
Astragalus_pseudoindurascens	regosols
Astragalus_carinatus	luvisols
Astragalus_manucehrii	luvisols
Astragalus_latifolius	cryosols
Astragalus_dzebrailicus	cambisols
Astragalus_reuterianus	regosols
Astracantha_pterocephala	chernozems
Astragalus_woodruffii	regosols
Astragalus_icmadophilus	cambisols
Astragalus_maireanus	leptosols
Astragalus_calamistratus	regosols
Astracantha_oleifolia	regosols
Astragalus_circumdatus	regosols
Astragalus_waterfallii	calcisols
Astragalus_tamiricus	kastanozems
Astragalus_fastidius	regosols
Astragalus_xanthoxiphidiopsis	calcisols
Astragalus_cochabambensis	acrisols
Astragalus_ammotrophus	cambisols
Astragalus_tolmaczevii	cambisols
Astragalus_pseudomultijugus	regosols
Astragalus_rosellus	leptosols
Astragalus_cysticalyx	kastanozems
Astragalus_sophoroides	calcisols
Astragalus_emoryanus	calcisols
Astragalus_hamiltonii	calcisols
Astragalus_subvestitus	kastanozems
Astragalus_elymaiticus	calcisols
Astragalus_mulfordiae	kastanozems
Oxytropis_besseyi	kastanozems
Astragalus_bibullatus	luvisols
Astragalus_demetrii	chernozems
Astragalus_akkensis	leptosols
Astragalus_veresczaginii	chernozems
Astragalus_varus	cambisols
Oxytropis_campestris	cambisols
Astragalus_schahrudensis	calcisols
Astragalus_melanocalyx	luvisols
Astragalus_pauperculus	luvisols
Astragalus_perianus	chernozems
Astragalus_adulterinus	calcisols
Astragalus_asterias	vertisols
Astragalus_hauarensis	solonchaks
Astragalus_chomutowii	cryosols
Oxytropis_nigrescens	cambisols
Astragalus_eugenii	cambisols
Astracantha_caucasica	cambisols
Astragalus_jodostachys	podzols
Astragalus_colhuensis	regosols
Astragalus_vereskensis	cambisols
Astragalus_cyri	luvisols
Astragalus_pseudobrachystachys	regosols
Astragalus_bakaliensis	regosols
Astragalus_longissimus	regosols
Astragalus_jesdianus	regosols
Onobrychis_conferta	cambisols
Astragalus_jagnobicus	cambisols
Astragalus_nuttallii	kastanozems
Astragalus_shagalensis	cambisols
Astragalus_persicus	leptosols
Astragalus_ferganensis	cambisols
Astragalus_stipitatus	regosols
Astragalus_lorinserianus	cambisols
Astragalus_terracianoi	cambisols
Astragalus_reticulatus	kastanozems
Astragalus_luxurians	cryosols
Astragalus_allochrous	luvisols
Astragalus_utahensis	kastanozems
Astragalus_kirpicznikovii	chernozems
Astragalus_triradiatus	calcisols
Astragalus_shultziorum	cambisols
Astragalus_kialensis	luvisols
Astragalus_kaufmannii	cambisols
Astragalus_johannis-howellii	kastanozems
Astragalus_sanandajianus	calcisols
Astragalus_piscinus	leptosols
Oxytropis_deflexa	cambisols
