Astragalus_polyphyllus	0
Astragalus_kurtschumensis	0
Astragalus_intarrensis	0
Astragalus_neolipskyanus	0
Astragalus_penduliflorus	0
Astragalus_famatinae	0
Astragalus_idaeus	0
Astragalus_cryptanthus	0
Astragalus_schistosus	0
Astragalus_kabadianus	1
Oxytropis_exserta	0
Astragalus_peckii	0
Astragalus_paposanus	0
Astragalus_ceramicus	1
Astragalus_ernestii	0
Astragalus_sardaimionensis	0
Astragalus_lagopoides	0
Astragalus_umbraticus	0
Astragalus_mirabilis	0
Astragalus_aksuensis	0
Astragalus_uraniolimneus	0
Astragalus_cuyanus	0
Astragalus_tehuelches	0
Astragalus_brandegeei	0
Astracantha_denudata	0
Astragalus_howellii	0
Astragalus_borodinii	0
Astragalus_thurberi	1
Astragalus_lessertioides	0
Astragalus_zohrabi	0
Astragalus_substipitatus	1
Astragalus_batangensis	0
Astragalus_tennesseensis	0
Astragalus_salsugineus	0
Astragalus_pulviniformis	0
Astragalus_subumbellatus	1
Astragalus_diphacus	0
Astragalus_ammodytes	0
Astragalus_brachyodontus	0
Astragalus_domeykoanus	0
Astragalus_lurorum	1
Astragalus_achundovii	0
Astragalus_lacei	0
Astragalus_coriaceus	0
Astragalus_xiphidium	0
Oxytropis_tianschanica	0
Astragalus_phlomoides	0
Astragalus_durandianus	1
Astragalus_caprinus	0
Astragalus_urceolatus	0
Astragalus_canadensis	0
Astragalus_mangeri	1
Astragalus_cymbicarpos	0
Astragalus_pseudoborodinii	0
Astragalus_leiosemius	0
Astragalus_verticillatus	0
Astragalus_asymmetricus	0
Astragalus_flexus	0
Astragalus_peterae	0
Astragalus_anserinus	1
Astragalus_eurekensis	0
Astragalus_polozhiae	0
Astragalus_conspicuus	1
Astragalus_multiceps	0
Astragalus_podocarpus	0
Astragalus_eremiticus	0
Astragalus_stalinskyi	0
Astragalus_cimae	0
Astragalus_tortuosus	1
Astragalus_denticulatus	1
Astragalus_eucosmus	0
Astragalus_reventiformis	0
Astragalus_patagonicus	0
Astragalus_gilgitensis	0
Astragalus_kunlunensis	1
Astragalus_bezudensis	1
Astragalus_atwoodii	0
Astragalus_ovigerus	1
Astragalus_campylotrichus	0
Astragalus_spatulatus	0
Astragalus_holmgreniorum	0
Astragalus_graveolens	0
Oxytropis_jordalii	0
Astragalus_iselyi	1
Astragalus_odoratus	0
Astragalus_harrisonii	1
Astragalus_misellus	0
Astragalus_sesquiflorus	1
Oxytropis_albana	0
Astragalus_jiuquanensis	0
Astragalus_cytisoides	1
Astragalus_kralikii	0
Astragalus_triflorus	0
Astragalus_boeticus	0
Astragalus_goldmanii	0
Astragalus_vulpinus	0
Astragalus_macropterus	0
Astragalus_diminutivus	0
Astragalus_uniflorus	0
Astragalus_khoshjailensis	0
Astragalus_shelkovnikovii	0
Astragalus_gorodkovii	0
Astragalus_cognatus	0
Astragalus_basineri	0
Astragalus_miser	0
Astragalus_salmonis	0
Astragalus_angarensis	0
Astragalus_yunnanensis	0
Astragalus_schmalhausenii	1
Astragalus_monanthemus	0
Oxytropis_oreophila	0
Astragalus_caroli-henrici	0
Astragalus_leucolobus	0
Astragalus_megalanthus	0
Astragalus_setosulus	0
Astragalus_biebersteinii	0
Astragalus_ornithopodioides	0
Astragalus_desperatus	1
Astragalus_viridis	0
Astragalus_sinicus	0
Astragalus_chaetodon
Astragalus_tremolsianus	0
Astragalus_melanodon	0
Astragalus_pseudojohannis	0
Astragalus_psilocentros	0
Astragalus_atropubescens	0
Astragalus_vaccarum	0
Astragalus_sesamoides	1
Astragalus_adanus	0
Astragalus_distortus	0
Astragalus_gaubae	0
Astragalus_luteolus	0
Astragalus_hypsogenus	0
Astragalus_kungurensis	0
Astragalus_calliphysa	0
Astragalus_euchlorus	0
Astragalus_galegiformis	0
Astragalus_limprichtii	0
Astragalus_layneae	1
Astragalus_racemosus	0
Astragalus_basiflorus	1
Astragalus_limnocharis	0
Astragalus_egglestonii	0
Astragalus_neobarnebyanus	0
Astragalus_cremnophylax	1
Astragalus_lancearius	1
Astragalus_discernendus	1
Astragalus_debequaeus	1
Astragalus_callistachys	0
Astragalus_puniceus	0
Astragalus_parvus	1
Astragalus_solitarius	0
Astragalus_chionobiiformis	0
Astragalus_speirocarpus	0
Oxytropis_czukotica	0
Astragalus_brachycarpus	0
Astragalus_dielsii	0
Astragalus_sikkimensis	0
Astragalus_monticola	0
Astragalus_sutchuenensis	0
Astragalus_hymenocystis	0
Astragalus_casapaltensis	0
Astragalus_soxmaniorum	0
Astragalus_beketowi	0
Astragalus_sedaensis	0
Astragalus_isphairamicus	0
Astragalus_schmolliae	0
Astragalus_aboriginum	0
Astragalus_welshii	0
Astragalus_lacteus	0
Astragalus_scaphoides	0
Astragalus_bellus	0
Astragalus_alvordensis	0
Astracantha_diphtherites	0
Astragalus_eriocarpus	0
Astragalus_sangimashensis	1
Astragalus_khasianus	0
Astragalus_bisulcatus	0
Astragalus_vesicarius	0
Astragalus_balearicus	0
Astragalus_deanei	0
Astragalus_megalomerus	0
Astragalus_amphioxys	1
Astragalus_trichopodus	0
Astragalus_loanus	0
Astragalus_unifoliolatus	0
Astragalus_micromerius	0
Astragalus_owirensis	0
Astragalus_spinescens	1
Astragalus_oroproselius	0
Astragalus_hartmanii	0
Oxytropis_jonesii	1
Astragalus_takhtadzhjanii	0
Astragalus_alopecuroides	0
Astragalus_plattensis	0
Astragalus_crassifolius	0
Astragalus_coronilla	0
Astragalus_inaequalifolius	0
Astragalus_dictamnoides	0
Astragalus_adpressipilosus	0
Oxytropis_immersa	0
Astragalus_peltatus	0
Astragalus_ptychophyllus	0
Astragalus_reesei	0
Astragalus_polyceras	0
Astragalus_remotiflorus	0
Astragalus_helmii	0
Astragalus_pseudokurrumensis	0
Astragalus_magellanicus	0
Astragalus_petropolitanus	0
Astragalus_dingjiensis	0
Astragalus_andaulgensis	0
Astragalus_crymophilus	0
Astragalus_chordorrhizus	0
Astragalus_illinii	0
Astragalus_kentrophyta	0
Astragalus_chamaemeniscus	0
Astragalus_palenae	0
Astragalus_registanicus	1
Astragalus_maassoumii	0
Astragalus_fedtschenkoanus	0
Astragalus_gracilidentatus	0
Astragalus_limariensis
Oxytropis_coerulea	0
Astragalus_cyaneus	0
Astragalus_anthosphaerus	0
Astragalus_corniculatus	0
Astragalus_barnebyi	1
Astragalus_abbreviatus	0
Astragalus_purpusii	0
Astragalus_brachypetalus	1
Astragalus_pinonis	0
Astragalus_maurus	0
Astragalus_suberosus	0
Astragalus_laguroides	0
Astragalus_rattanii	0
Astragalus_psilolobus	0
Astragalus_fraxinifolius	0
Astragalus_humistratus	0
Astragalus_callichrous	0
Astragalus_vogelii	0
Astragalus_gueldenstaedtiae	1
Astragalus_wrightii	0
Astragalus_zingeri	0
Astragalus_pennellianus	0
Astragalus_toquimanus	0
Astragalus_daghestanicus	0
Astragalus_confertus	0
Astragalus_fruticosus	0
Astragalus_atropurpureus	0
Astragalus_pseudoaustralis	0
Astragalus_orthocarpus	0
Astragalus_medius	0
Astragalus_khwaja-muhammadensis	1
Carmichaelia_violacea	0
Astragalus_schinetorum	0
Astragalus_agraniotii	0
Astragalus_tumninensis	0
Astragalus_aspreticola	0
Astragalus_argophyllus	0
Astragalus_dianthus	0
Astragalus_urbanianus	0
Astragalus_accumbens	0
Oxytropis_humifusa	0
Astragalus_wenxianensis	0
Astragalus_sharestanicus	1
Astragalus_polycladus	0
Astragalus_nitidiflorus	0
Oxytropis_pilosa	0
Astragalus_hispidulus	0
Astragalus_wetherillii	1
Astragalus_mucidus	0
Astragalus_remotus	0
Astragalus_calycosus	0
Astragalus_congdonii	0
Astragalus_agrestis	0
Astragalus_kohrudicus	1
Astragalus_haesitabundus	0
Astragalus_arcuatus	0
Astragalus_crassispinus	1
Oxytropis_obnapiformis	0
Astragalus_chrysostachys	0
Astragalus_hoodianus	0
Astragalus_rzaevii	0
Astragalus_aegobromus	0
Sutherlandia_microphylla	0
Astragalus_quinquefoliolatus	0
Astragalus_hypoglottis	0
Astragalus_coccineus	0
Astragalus_panduratus	0
Astragalus_cronquistii	1
Astragalus_tribuloides	0
Astragalus_shevockii	0
Astragalus_austrosibiricus	0
Astragalus_karkarensis	0
Astragalus_greggii	1
Oxytropis_racemosa	1
Astragalus_varius	0
Astragalus_mayeri	0
Astragalus_didymocarpus	0
Astragalus_simplicifolius	0
Astragalus_agameticus	1
Astragalus_cymboides	1
Astragalus_monumentalis	1
Astragalus_zanskarensis	0
Astragalus_edmondsonii	0
Astragalus_peterfii	0
Astragalus_kirrindicus	0
Astragalus_eusarathron	1
Astragalus_macropodium	0
Astragalus_politovii	0
Astragalus_georgii	0
Astragalus_oniciformis	0
Astragalus_fucatus	1
Astracantha_gummifera	0
Astragalus_pusillus	0
Astragalus_spaldingii	0
Astragalus_daleae	0
Astragalus_turczaninowii	0
Erophaca_baetica	0
Astragalus_pattersonii	0
Sphaerophysa_salsula	0
Astragalus_confusus	0
Astragalus_maximowiczii	0
Astragalus_clerceanus	0
Astragalus_stepporum	0
Astragalus_arizonicus	0
Astragalus_bashgalensis	0
Astracantha_aurea	0
Astragalus_cretaceus	0
Astragalus_tongolensis	0
Astragalus_ornithorrhynchus	0
Astragalus_accidens	0
Astragalus_ruiz-lealii	0
Astragalus_hypoleucus	0
Astragalus_inyoensis	0
Astragalus_ovatus	0
Astragalus_laricus	0
Astragalus_longidentatus	0
Astragalus_macroceras	0
Astragalus_erivanensis	0
Astragalus_lotiflorus	0
Oxytropis_chionobia	0
Astragalus_kirilovii	0
Astragalus_purpurascens	1
Astragalus_auratus	0
Astragalus_kessleri	1
Astragalus_sesameus	0
Astragalus_moranii	0
Astragalus_acmophylloides	0
Astragalus_pyrrhotrichus	0
Astragalus_firuzkuhensis	1
Astragalus_hypogaeus	0
Astragalus_scutaneus	0
Astragalus_leontinus	0
Astragalus_jolderensis	1
Astragalus_tricholobus	1
Astragalus_webberi	0
Astragalus_lineatus	0
Astragalus_clarkeanus
Astragalus_cachinalensis	0
Astragalus_sieversianus	0
Astragalus_molestus	0
Astragalus_sumbari	0
Astragalus_gibbsii	0
Astragalus_oocalycis	0
Astragalus_canescens	1
Astragalus_filicaulis	0
Astragalus_caricinus	0
Astragalus_fissuralis	0
Astragalus_gladiatus	0
Astragalus_arkalycensis	0
Astragalus_laxmannii	0
Astragalus_yumenensis	0
Astragalus_paraplesius	1
Astragalus_sevangensis	0
Astragalus_curvicarpus	0
Astragalus_chlorostegius	0
Astragalus_elatior	1
Astragalus_nivalis	0
Astragalus_neglectus	0
Astragalus_nuttallianus	0
Astragalus_clevelandii	0
Astragalus_recurvus	0
Astragalus_hajastanus	0
Astragalus_chorinensis	0
Astragalus_paralurges	1
Astragalus_varzobicus	0
Astracantha_strobilifera	1
Astragalus_oreades	0
Astragalus_leptocaulis	0
Astragalus_munroi	0
Astragalus_olgae	0
Astragalus_atricapillus
Astragalus_echinops	1
Astragalus_knightii	1
Astragalus_bornmuellerianus	0
Astragalus_laetus	1
Astragalus_neoburkartianus	0
Astragalus_subalpinus	0
Astragalus_scorpioides	0
Astragalus_grahamianus	0
Astragalus_micranthellus	0
Astragalus_tarijensis	0
Astragalus_ampullarius	0
Astragalus_echinatus	0
Astragalus_gymnopodus	0
Astragalus_brachybotrys	0
Astragalus_macropetalus	0
Astragalus_chilienshanensis	0
Astragalus_aksaricus	0
Astragalus_miguelensis	1
Astragalus_psilacanthus	1
Astragalus_episcopus	1
Astragalus_licentianus	0
Astragalus_variabilis	0
Astragalus_balchaschensis
Astragalus_prorifer	0
Astragalus_froedinii	0
Astragalus_richii	0
Astragalus_angreni	0
Astragalus_erythrolepis	0
Astragalus_purshii	0
Astragalus_johnstonii	1
Astragalus_harringtonii	0
Astragalus_paktiensis	0
Astragalus_brachytropis	0
Astragalus_joergensenii	0
Astragalus_geniculatus	1
Astragalus_saralensis	0
Astragalus_filipes	0
Astragalus_cuatrecasasii	0
Oxytropis_jacquinii	0
Astragalus_schmidii	0
Astragalus_distinens	0
Astragalus_holosemius	0
Astragalus_oophorus	0
Astragalus_altus	0
Astragalus_erionotus	0
Astragalus_ortholobus	0
Astragalus_squarrosus	0
Astragalus_kudrjaschovii	0
Astragalus_neomexicanus	0
Astragalus_ophiocarpus	0
Astragalus_lutosus	1
Astragalus_conjunctus	0
Astragalus_coahuilae	1
Astragalus_teheranicus	1
Astragalus_eriopodus	0
Astragalus_ochreatus	0
Astragalus_chamissonis	0
Astragalus_donianus	0
Astragalus_geyeri	0
Astragalus_duanensis	0
Astragalus_bicolor	0
Astragalus_regiomontanus	0
Astragalus_huthianus	0
Astragalus_lunatus	0
Astragalus_whitneyi	0
Astragalus_gompholobium	0
Astragalus_saetiger	1
Astragalus_curvirostris	1
Astragalus_semnanensis	1
Astragalus_yoder-williamsii	0
Astragalus_oocarpus	0
Astragalus_raphiodontus	0
Astragalus_sanctae-crucis	0
Astragalus_sericopetalus	1
Astragalus_nigrivestitus	0
Astragalus_panamintensis	1
Astragalus_pseudoamygdalinus	0
Astragalus_praelongus	1
Astragalus_ancistrocarpus	0
Astragalus_antheliophorus	1
Astragalus_arbuscula	0
Astragalus_dictyolobus	0
Astragalus_vexilliflexus	0
Astragalus_hymenocalyx	0
Astragalus_falconeri	0
Astragalus_feensis	0
Astragalus_gracilis	0
Astragalus_sanguineus	0
Astragalus_syreitschikovii	0
Astragalus_sheldonii	0
Astragalus_esperanzae	0
Astragalus_albulus	0
Oxytropis_strobilacea	0
Astragalus_bhotanensis	0
Astragalus_minutissimus	0
Astragalus_ampullarioides	0
Astragalus_rimarum	0
Astragalus_trigonocarpus	0
Astragalus_oocephalus	0
Astragalus_anemophilus	0
Astragalus_lepsensis	0
Astragalus_eurylobus	0
Astragalus_gruinus	0
Astragalus_huiningensis	0
Astragalus_danicus	0
Astragalus_straussii	0
Astragalus_macrourus	0
Astragalus_pauperiflorus	0
Astragalus_erythrosemius	0
Astragalus_radicans	0
Astragalus_diversifolius	0
Astragalus_pseudomegalomerus	1
Astragalus_berteri	0
Astragalus_tragacantha	0
Astragalus_henryi	0
Astragalus_atropilosulus	0
Astragalus_schanginianus	0
Astragalus_salatavicus	0
Astragalus_melanostachys	0
Astragalus_bicristatus	0
Astragalus_mikrophyton	1
Astragalus_cicer	0
Astragalus_longistipitatus	0
Astragalus_pavlovii	0
Astragalus_paradoxus	0
Astragalus_zacatecanus	0
Astragalus_groetzbachii	1
Astragalus_shatuensis	0
Astragalus_compressus	0
Astragalus_sinuatus	0
Astragalus_brauntonii	0
Astragalus_aquilanus	0
Astragalus_sanczirii	1
Astragalus_hymenostegis
Astragalus_ovoideus	1
Astragalus_perdurans	0
Astragalus_effusus	0
Astragalus_szovitsii	0
Astragalus_badamensis	0
Astragalus_preussii	1
Astragalus_microphysa	1
Astragalus_saurinus	1
Astragalus_beckerianus	0
Astragalus_rafaelensis	1
Oxytropis_splendens	0
Astragalus_capillipes	0
Astragalus_macropus	0
Astragalus_francisquitensis	0
Astragalus_dumetorum	0
Astragalus_arthurii	0
Astragalus_moyanoi	0
Oxytropis_neglecta	0
Astragalus_quinqueflorus	1
Astragalus_ponticus	0
Astragalus_levieri	0
Oxytropis_yunnanensis	0
Astragalus_trichocarpus	0
Astragalus_consobrinus	1
Astragalus_rostratus	0
Astragalus_serenoi	0
Astragalus_lycioides	1
Astragalus_jabbor-khailii	0
Astragalus_linifolius	1
Astragalus_arnoldii	0
Astragalus_vanillae	0
Astragalus_coluteocarpus	0
Hedysarum_boreale	0
Astragalus_buschiorum	0
Astragalus_miyalomontis	0
Astragalus_bachmarensis	0
Astragalus_ellipsoideus	0
Astragalus_stenocystis	0
Astragalus_herbertii	0
Astragalus_chinensis	0
Astragalus_goniatus	0
Astragalus_musiniensis	1
Astragalus_lehmannianus	1
Astragalus_tugarinovii	0
Astragalus_lasiopetalus	0
Astragalus_hancockii	0
Astragalus_arrectus	0
Astragalus_bungeanus	0
Astragalus_frigidus	0
Astragalus_macrotropis	0
Astragalus_siahderrensis	0
Astragalus_sabuletorum	0
Astragalus_lumsdenianus	1
Astragalus_pamirensis	0
Astragalus_longipetiolatus	0
Astragalus_diopogon	0
Astragalus_lindheimeri	0
Astragalus_clandestinus	0
Astragalus_holophyllus	0
Astragalus_persepolitanus	1
Astragalus_pubentissimus	1
Oxytropis_bicolor	0
Astragalus_arnottianus	0
Astragalus_ankylotus	0
Astragalus_platyphyllus	0
Astragalus_riparius	0
Astragalus_hyalolepis	0
Astragalus_kazbeki	0
Astragalus_muliensis	0
Astragalus_orbicularifolius	0
Astragalus_alyssoides	0
Astragalus_baionensis	0
Oxytropis_scammaniana	0
Astragalus_valparadisiensis	0
Oxytropis_poncinsii	0
Astragalus_arequipensis	0
Astragalus_webbianus	0
Astragalus_siliceus	1
Oxytropis_nutans	1
Astragalus_stenanthus	1
Astragalus_grubovii	0
Astragalus_coquimbensis	0
Astragalus_brachycentrus	1
Astragalus_raddei	0
Astragalus_albicaulis	0
Astragalus_nigrolineatus	1
Astragalus_ammodendron	0
Astragalus_strigulosus	0
Astragalus_inopinatus	0
Astragalus_australis	0
Astragalus_mucronifolius	0
Astragalus_kifonsanicus	0
Astragalus_trachoniticus	0
Astragalus_souliei	0
Astragalus_cracca	0
Astragalus_amblytropis	0
Astragalus_ertterae	0
Astragalus_granitovii	0
Astragalus_juratzkanus	1
Astragalus_megacarpus	1
Astragalus_glabellus	0
Astragalus_testiculatus	0
Astragalus_jaliscensis	0
Astragalus_nuciferus	0
Astragalus_stenolepis	0
Astragalus_hamosus	0
Astragalus_bombycinus	0
Astragalus_vesiculosus	0
Astragalus_flavus	1
Astragalus_oihorensis	0
Astragalus_marinus	0
Astragalus_propinquus	0
Astragalus_verrucosus	0
Astragalus_tenellus	0
Astragalus_columbianus	0
Astragalus_brazoensis	0
Astragalus_chorizanthus	0
Astragalus_amnis-amissi	0
Astragalus_johannis	0
Astragalus_gentryi	0
Astragalus_carmanicus	0
Astragalus_piptocephalus	0
Astragalus_fabrisii	0
Astragalus_oxyodon	0
Astragalus_minthorniae	0
Astragalus_dulungkiangensis	0
Astragalus_humifusus	0
Astragalus_gorczakovskii	0
Astragalus_ammodendroides	0
Astragalus_weberbaueri	0
Astragalus_coltonii	1
Astragalus_tatsienensis	0
Astragalus_rufescens	0
Astragalus_centralis	1
Astragalus_strigosostipulatus	0
Astragalus_glaux	0
Astragalus_guttatus	0
Astragalus_toksunensis	0
Astragalus_leucocladus	0
Astragalus_edulis	0
Astracantha_karabaghensis	0
Astragalus_bifidus	0
Astragalus_ecbatanus	0
Astragalus_nutriosensis	0
Astragalus_demavendicolus	0
Astragalus_cinereus	0
Astragalus_monspessulanus	0
Astragalus_miniatus	0
Astragalus_hololeucoides	0
Phyllolobium_tribulifolium	0
Astragalus_rubriflorus	0
Astragalus_naftabensis	0
Astragalus_nutans	0
Astragalus_galiifolius	1
Astragalus_susianus	0
Astragalus_siliquosus	0
Astragalus_cryptobotrys	0
Astragalus_oxyphysus	0
Astragalus_terminalis	0
Astragalus_striatiflorus	1
Astragalus_xylobasis	0
Astragalus_mattam	0
Astragalus_taipaishanensis	0
Astragalus_plumbeus	0
Astragalus_sabulosus	1
Astragalus_utriger	0
Astragalus_mercklinii	1
Astragalus_ledinghamii	1
Astragalus_punctatus	1
Astragalus_anacardius	0
Astragalus_peduncularis	0
Astragalus_sparsus	0
Astragalus_bidentatus	0
Astragalus_supinus	0
Astragalus_leptocarpus	0
Astragalus_missouriensis	0
Astragalus_camptodontoides	0
Astragalus_applegatii	0
Astragalus_lyallii	0
Astragalus_brachystachys	0
Astragalus_rupifragus	0
Astragalus_pendulinus	0
Astragalus_leiophyllus	0
Astragalus_cephalanthus	1
Astragalus_sprucei	0
Astragalus_kustanaicus	0
Astragalus_drupaceus	0
Astragalus_pinetorum	0
Astragalus_biovulatus	0
Astragalus_exscapus	0
Astragalus_commixtus	0
Astragalus_serpens	0
Smirnowia_turkestana	0
Astragalus_charguschanus	0
Astragalus_baba-alliar	1
Astragalus_noziensis	0
Astragalus_platysematus	0
Astragalus_lipskyi	0
Astragalus_trichanthus	1
Astragalus_ciceroides	0
Astragalus_deminutivus	0
Astragalus_tibetanus	0
Astragalus_solandri	0
Astragalus_ebenoides	0
Astragalus_nutzotinensis	0
Astragalus_macronyx	0
Astragalus_troglodytus	0
Astragalus_cottonii	0
Astragalus_malacus	0
Astragalus_polygala	0
Astragalus_lambinonii	1
Astragalus_efoliatus	0
Astragalus_glumaceus	1
Astragalus_heydei	1
Astragalus_equisolensis	1
Astragalus_lasiophyllus	0
Oxytropis_ochotensis	0
Astragalus_cobrensis	0
Astragalus_sulfuratus	0
Astragalus_khaneradarensis	0
Astracantha_cerasocrena	1
Astragalus_ensifer	0
Astragalus_petraeus	0
Astragalus_puberulus	0
Astragalus_curvicaulis	0
Astragalus_chloodes	1
Astragalus_kerkukiensis	0
Astragalus_barbatus	0
Astragalus_alaschanus	0
Astragalus_cavanillesii	0
Astragalus_tupalangi	0
Astragalus_nelidae	0
Astragalus_brevipes	0
Astracantha_cretica	0
Astragalus_armeniacus	0
Oxytropis_nana	1
Astragalus_consanguineus	0
Astragalus_dasyanthus	0
Astragalus_thermensis	0
Astragalus_nivicola	0
Oxytropis_ciliata	0
Astragalus_seidabadensis	0
Astragalus_spegazzinii	0
Astragalus_subrosulariformis	1
Astragalus_somcheticus	0
Astragalus_coluteopsis	1
Astragalus_lasiosemius	0
Astragalus_piutensis	0
Astragalus_gypsodes	1
Astragalus_germaini	0
Astragalus_burkartii	0
Astragalus_nigriceps	0
Astragalus_apollineus	0
Astragalus_savellanicus	0
Astragalus_intercedens	0
Astragalus_pseudoadsurgens	0
Astragalus_exasperatus	0
Astragalus_lentiformis	0
Astragalus_acutifolius	0
Astragalus_pseudohypogaeus	0
Astragalus_bodinii	0
Astragalus_anfractuosus	0
Astragalus_cisoxanus	1
Astracantha_stenonychioides	0
Astragalus_brachylobus	0
Astragalus_kuschkensis	0
Astracantha_parnassi	0
Astragalus_obcordatus	0
Astragalus_pectinatus	0
Astragalus_traskiae	0
Astragalus_gambelianus	0
Astragalus_zerdanus	0
Astragalus_simpsonii	0
Astragalus_jaxarticus	0
Astragalus_wolgensis	0
Astragalus_hyrcanus	0
Astragalus_macrosemius	0
Astragalus_balfourianus	0
Astragalus_lemmonii	0
Astragalus_malacoides	1
Astragalus_giganteus	0
Astragalus_douglasii	0
Astragalus_chaidamuensis	0
Astragalus_pardalinus	1
Astragalus_rawianus	1
Astragalus_dendroides	0
Astragalus_lucidus	0
Astragalus_vavilovii	0
Astragalus_nephtonensis	1
Astragalus_reduncus	0
Astragalus_cottamii	1
Astragalus_mahoschanicus	0
Astragalus_grayi	1
Astragalus_mesites	0
Astragalus_shinanensis	0
Astragalus_djilgensis	0
Astragalus_hirsutus	0
Astracantha_microcephala	0
Astragalus_vaginatus	0
Astragalus_faurei	0
Astragalus_aequalis	0
Astragalus_versicolor	0
Astragalus_atrovinosus	0
Astragalus_glomeratus	0
Oxytropis_sericea	0
Astragalus_bourgaeanus	0
Astragalus_deterior	0
Astragalus_naturitensis	1
Astragalus_vulcanicus	0
Astragalus_lanuginosus	0
Astragalus_reinii	0
Astragalus_avicennicus	0
Astragalus_myrianthus	1
Astragalus_cenorrhynchus	0
Astragalus_brevidens	1
Astragalus_schrenkianus	0
Astragalus_rhacodes	0
Astragalus_emarginatus	0
Astragalus_anisacanthus	1
Astragalus_retusifoliatus	0
Astragalus_obscurus	0
Astragalus_curtipes	0
Astragalus_skythropos	0
Astragalus_imitensis	0
Astragalus_neuquenensis	0
Astragalus_leptus	1
Astragalus_tephrolobus	0
Astragalus_succumbens	0
Astragalus_lyonnetii	0
Astragalus_pakistanicus	0
Astragalus_englerianus	0
Astragalus_pehuenches	0
Astragalus_proximus	0
Astragalus_hemsleyi	1
Astragalus_korovinianus	0
Astragalus_vallaris	0
Astragalus_scleroxylon	0
Astragalus_karelinianus	0
Astragalus_mario-sousae	1
Astragalus_chingoanus	0
Astragalus_nematodes	1
Astragalus_breviscapus	0
Astragalus_weddellianus	0
Astragalus_depauperatus	0
Astragalus_dactylocarpus	0
Astragalus_cuscutae	0
Astragalus_crypticus	0
Astragalus_micrancistrus	1
Astragalus_supervisus	0
Astragalus_nidularius	1
Astragalus_takharensis	1
Astragalus_bracteosus	1
Astragalus_pallescens	0
Astragalus_weixinensis	0
Astragalus_orthocarpoides	0
Astragalus_iodopetalus	0
Astragalus_acutirostris	0
Astragalus_darwinianus	0
Astragalus_demavendicus	0
Astragalus_variegatus	0
Astragalus_arganaticus	0
Astragalus_curviflorus	0
Astragalus_lithophilus	0
Astragalus_vessalae	0
Astragalus_stipulatus	0
Astragalus_pseudoversicolor	0
Tragacantha_fasciculifolia	0
Astragalus_reventus	0
Astragalus_impexus	1
Astragalus_magdalenae	0
Astragalus_crotalariae	0
Astragalus_dilutus	0
Astragalus_gombo	0
Astragalus_physodes	0
Astragalus_oxyphysopsis	0
Astragalus_armatus	0
Astragalus_scaberrimus	0
Astragalus_sparsiflorus	0
Astragalus_tolucanus	0
Astragalus_scopulorum	0
Astragalus_cornutus	0
Astragalus_californicus	0
Astragalus_karakugensis	1
Astragalus_lentiginosus	1
Astragalus_ibrahimianus	0
Astragalus_aschuturi	0
Astragalus_edmondstonei	0
Astragalus_lupulinus	0
Astragalus_lamondiae	0
Astragalus_nudisiliquus	0
Astragalus_aduncus	0
Astragalus_newberryi	0
Astragalus_termeanus	0
Astragalus_endytanthus	1
Astragalus_incanus	0
Astragalus_kolymensis	0
Astragalus_degensis	0
Astragalus_sanguinolentus	0
Astragalus_filiformis	0
Oxytropis_lambertii	0
Astragalus_retamocarpus	0
Astragalus_scabrisetus	0
Astragalus_oncotrichus	0
Astragalus_scoparius	0
Astragalus_gracilipes	0
Astragalus_hispanicus	1
Astragalus_olchonensis	0
Astragalus_abnormalis	1
Astragalus_chamaeleuce	1
Astragalus_plagiophacos	0
Astragalus_carduchorum	0
Astragalus_lalesarensis	0
Astragalus_physocarpus	0
Astragalus_wittmannii	1
Astragalus_asplundii	0
Astragalus_flexuosus	0
Astragalus_eriostomus	1
Astragalus_nothoxys	0
Astragalus_aleppicus	0
Astragalus_villosus	0
Clianthus_puniceus	0
Astragalus_pauper	0
Astragalus_valerianensis	0
Astragalus_globiceps	0
Astragalus_neurophyllus	0
Astragalus_oxyrhynchus	0
Astragalus_molybdenus	0
Astragalus_aspindzicus	0
Astragalus_piletocladus	0
Astragalus_beckii	0
Eremosparton_flaccidum	1
Astragalus_tenuifolius	0
Astragalus_nyensis	1
Astragalus_montigenus	0
Astragalus_tener	0
Astragalus_yangtzeanus	0
Astragalus_pseudoutriger	0
Astragalus_tribulifolius	0
Astragalus_helleri	0
Astragalus_speciosus	0
Astragalus_angustiflorus	0
Astragalus_kuramensis	0
Astragalus_tephrosioides	1
Oxytropis_recognita	0
Astragalus_taschkendicus	1
Astragalus_microcymbus	0
Astragalus_dahuricus	0
Astragalus_porrectus	0
Astragalus_stenoceras	0
Astragalus_erubescens	0
Astragalus_sphaerocystis	0
Astragalus_tyghensis	0
Astragalus_alpinus	0
Astracantha_granatensis	0
Swainsona_formosa	0
Astragalus_littoralis	0
Astragalus_caraganae	0
Astragalus_arbelicus	0
Astragalus_castetteri	0
Astragalus_albens	0
Astragalus_humilis	0
Astragalus_sieberi	0
Astragalus_rahensis	0
Astragalus_contortuplicatus	0
Astragalus_saccatus	0
Astragalus_carminis	0
Astragalus_xipholobus	1
Astragalus_shortianus	0
Astragalus_bernardinus	0
Astragalus_cyclophyllon	0
Astragalus_concretus	0
Astragalus_craibianus	0
Astragalus_norvegicus	0
Astragalus_funereus	1
Astragalus_falciformis	0
Astragalus_glycyphyllos	0
Astragalus_leansanicus	0
Astragalus_inversus	0
Astragalus_bounophilus	0
Astragalus_gudrunensis	1
Astragalus_hamrinensis	0
Astragalus_macrocephalus	0
Astragalus_leptaleus	0
Astragalus_davidii	0
Astragalus_maurorum	0
Astragalus_strictilobus	0
Astragalus_podlechii	0
Astragalus_peregrinus	0
Astragalus_idrietorum	0
Astragalus_hoantchy	0
Astragalus_maritimus	0
Astragalus_pictiformis	0
Astragalus_rhizanthus	0
Astragalus_titanophilus	0
Astragalus_borraginaceus	1
Astragalus_nudus	0
Astragalus_berterianus	0
Astragalus_casei	0
Oxytropis_ochrocephala	0
Astragalus_semilunatus	1
Astragalus_glaucus	0
Astragalus_managildensis	0
Astragalus_wagneri	0
Astragalus_tigridis	1
Astragalus_mollissimus	1
Oxytropis_mollis	0
Astragalus_fuliginosus	1
Astracantha_plumosa	0
Astragalus_vexillaris	0
Astragalus_andersonii	0
Astragalus_tulinovii	0
Astragalus_scalaris	0
Astragalus_golmuensis	0
Astragalus_ufraensis	1
Astragalus_lonchocarpus	1
Astragalus_majevskianus	0
Astragalus_handelii	0
Oxytropis_vassilczenkoi	0
Astragalus_alaicus	0
Astragalus_ugamicus	0
Oxytropis_hirta	0
Astragalus_marianus	1
Astragalus_cottonianus	1
Astragalus_xanthotrichus
Astragalus_minimus	0
Astragalus_pulsiferae	0
Astragalus_bonariensis	0
Astragalus_pseudochlorostachys	0
Astragalus_melanochiton	0
Astragalus_uliginosus	0
Astragalus_adsurgens	0
Astragalus_reflexistipulus	0
Astragalus_wilmottianus	0
Astragalus_nobilis	0
Astragalus_moellendorffii	0
Astragalus_charadzeae	0
Astragalus_villosissimus	0
Astragalus_humillimus	0
Astragalus_oplites	0
Astragalus_clarianus	0
Astragalus_tioides	1
Astragalus_spartioides	0
Astragalus_densiflorus	0
Astragalus_tarumensis	0
Astragalus_brachypus	0
Astragalus_prilipkoanus	0
Astragalus_hidalgensis	0
Astragalus_catabostrychos	0
Astragalus_turolensis	0
Oxytropis_aciphylla	1
Astragalus_monbeigii	0
Oxytropis_koyukukensis	0
Astragalus_piscator	1
Astragalus_askius	0
Oxytropis_talassica	0
Astragalus_semicircularis	0
Astragalus_darii	1
Oxytropis_melanocalyx	0
Astragalus_potosinus	0
Astragalus_osterhoutii	0
Astragalus_tephrodes	0
Astragalus_sirinicus	0
Astragalus_ceratoides	0
Astragalus_aquilonius	0
Oxytropis_lapponica	0
Astragalus_chiwensis	0
Astragalus_anisus	0
Astragalus_galactites	0
Astracantha_deinacantha	0
Oxytropis_viscida	0
Astragalus_glaucacanthos	0
Astragalus_curvipes	0
Astragalus_comosus	0
Astragalus_wenquanensis	0
Astragalus_porphyrocalyx	0
Astragalus_sachalinensis	0
Astragalus_tegetarioides	0
Astragalus_micranthus	0
Astragalus_punae	0
Astragalus_tungensis	0
Astragalus_onobrychis	0
Astragalus_aridus	0
Astragalus_toanus	0
Astragalus_terrestris	0
Astragalus_capito	0
Oxytropis_eriocarpa	0
Astragalus_severzovii	0
Astragalus_venturii	0
Astragalus_albertoregelia	0
Astragalus_hallii	0
Astragalus_latiunguiculatus	0
Astragalus_xanthomeloides	0
Astragalus_brevialatus	0
Astragalus_taubertianus	0
Astragalus_amarus	0
Astragalus_nurensis	0
Astragalus_sarbasnensis	0
Astragalus_vegetus	1
Oxytropis_grandiflora	0
Astragalus_hirtus	0
Astragalus_austroaegaeus	0
Oxytropis_taochensis	0
Oxytropis_riparia	0
Astragalus_minutulus	0
Astragalus_pycnostachyus	0
Astragalus_dipelta	0
Oxytropis_kobukensis	0
Oxytropis_squammulosa	0
Astragalus_legionensis	0
Astragalus_kerrii	0
Astragalus_cerasinus	1
Astragalus_pseudocytisoides	0
Astragalus_complanatus	1
Astragalus_dombeyi	1
Astragalus_taiyuanensis	0
Astragalus_argyroides	1
Astragalus_straturensis	0
Astragalus_pachypus	0
Astragalus_vallicola	0
Astragalus_reichei	0
Astragalus_breweri	0
Astragalus_anisomerus	0
Astragalus_chardinii	0
Astragalus_porphyrophysa	0
Astragalus_macrostachys	0
Astragalus_pachyrhizus	0
Astragalus_tawilicus	0
Astragalus_grammocalyx	0
Astragalus_bossuensis	0
Astragalus_tidestromii	1
Astragalus_paucijugus	0
Astragalus_hornii	0
Astragalus_rawlinsianus	1
Astragalus_ensiformis	0
Astragalus_pseudofragiferus	0
Astragalus_hypoxylus	0
Astragalus_williamsii	0
Astragalus_adzharicus	0
Astragalus_angustifolius	0
Astragalus_temirensis	0
Astragalus_tiehmii	0
Astragalus_oligophyllus	0
Astragalus_nelsonianus	1
Astragalus_bazmanicus	0
Astragalus_spinosus	0
Astragalus_leibergii	0
Astragalus_sericeocanus
Astragalus_goktschaicus	0
Astragalus_monoensis	0
Astragalus_peruvianus	0
Astragalus_dschangartensis	0
Astragalus_xiphoides	1
Astragalus_ishkamishensis	1
Astragalus_cerussatus	0
Astragalus_laguriformis	0
Astragalus_palmeri	0
Astragalus_hohenackeri	0
Astragalus_brandegei	0
Astragalus_falcatus	0
Astragalus_sommieri	0
Astragalus_rytilobus	0
Astragalus_flexicaulis	0
Astragalus_erwinii-gaubae	1
Astragalus_macrodon	0
Astragalus_kuschakewiczi	0
Astragalus_kermanschahensis	1
Astragalus_corrugatus	0
Astragalus_reflexus	0
Astragalus_schistocalyx	0
Astragalus_pissisi	0
Astragalus_leucocephalus	0
Astragalus_polyacanthus	0
Astragalus_amatus	0
Astragalus_insularis	0
Astragalus_submitis	0
Astragalus_annularis	0
Astragalus_uncialis	0
Astragalus_boelckei	0
Astragalus_stewartii	0
Oxytropis_oxyphylloides	0
Astragalus_lasioglottis	0
Astragalus_jessenii	1
Astragalus_jodotropis	0
Astragalus_hoffmeisteri	0
Astragalus_captiosus	0
Astragalus_rigidulus	0
Astragalus_eupeplus	0
Astragalus_onobrychioides	0
Astragalus_matiensis	0
Astragalus_werdermannii	0
Astragalus_atratus	0
Astragalus_cruckshanksii	0
Astragalus_laceratus	0
Astragalus_megricus	0
Astragalus_tashqurghanicus	0
Astragalus_ackerbergensis	1
Astragalus_collinus	0
Astragalus_suffruticosus	0
Astragalus_campylanthus	0
Astragalus_tweedyi	0
Astragalus_tetrapterus	0
Astragalus_frickii	0
Astragalus_chlorodontus	0
Astragalus_ulothrix	0
Astragalus_wootonii	1
Oxytropis_aucheri	0
Astragalus_chalaranthus	0
Astragalus_cuneifolius	1
Oxytropis_multiceps	0
Astragalus_iljinii	0
Astragalus_pelecinus	0
Astragalus_prattii	0
Astragalus_stevenianus	0
Astragalus_bashmensis	0
Astragalus_callithrix	0
Astragalus_asclepiadoides	1
Astragalus_longilobus	0
Astragalus_musimonum	1
Astragalus_oxypterus	0
Astragalus_floridulus	0
Astragalus_taochius	0
Oxytropis_ochroleuca	0
Astragalus_kahiricus	0
Astragalus_tataricus	0
Astragalus_paralipomenus	0
Astragalus_chlorostachys	0
Astragalus_bowes-lyonii	0
Astragalus_trimestris	0
Astragalus_concinnus	0
Astragalus_flavocreatus	0
Astragalus_gilensis	0
Astragalus_austriacus	0
Oxytropis_parryi	0
Astragalus_beckwithii	0
Astragalus_schizotropis	0
Astragalus_amherstianus	0
Astragalus_dolichophyllus	0
Astragalus_glycyphylloides	0
Astragalus_mokiacensis	0
Astragalus_kashmirensis	0
Astragalus_crenatus	0
Astragalus_suprapilosus	0
Astragalus_ishigensis
Astragalus_ervoides	0
Astragalus_ripleyi	0
Astragalus_saxorum	0
Astragalus_garbancillo	0
Astragalus_anserinifolius	0
Astragalus_titovii	0
Astragalus_dekazygus	0
Astragalus_quinquejugus	1
Astragalus_follicularis	0
Astragalus_parodii	0
Astragalus_ochrochlorus	0
Astragalus_zayuensis	0
Astragalus_brackenridgei	0
Astragalus_baitagensis	0
Astragalus_arenarius	0
Astragalus_subsecundus	0
Oxytropis_arctica	0
Astragalus_alexandrii	0
Wisteria_sinensis	0
Astragalus_chuskanus	0
Astragalus_sclerocarpus	0
Astragalus_poliotrichus	1
Astragalus_pullus	0
Astragalus_algerianus	0
Astragalus_paysonii	0
Astragalus_pseudotesticulatus	0
Astragalus_bustillosii	0
Astragalus_pushtashanicus	0
Astragalus_fragrans	0
Astragalus_sulcatus	0
Astragalus_gilmanii	0
Astragalus_scorpiurus	0
Astragalus_thomsonii	0
Astragalus_meiliensis	0
Astragalus_alamliensis	0
Astragalus_submaculatus	0
Astragalus_subuliformis	0
Astragalus_ionae	0
Astragalus_fuhsii	0
Oxytropis_williamsii	0
Astragalus_stapfii	0
Astragalus_rosae	0
Astragalus_schelichowii	0
Astragalus_remotijugus	0
Astragalus_scheremetevianus	0
Colutea_abyssinica	0
Astragalus_pauranthus	0
Astragalus_wardii	0
Oxytropis_qinghaiensis	0
Astragalus_junatovii	1
Astragalus_horridus	0
Astragalus_urmiensis	0
Astragalus_mareoticus	0
Astragalus_eastwoodiae	1
Astragalus_beathii	1
Astragalus_cusickii	0
Astragalus_sciureus	1
Astragalus_nitens	0
Astragalus_rhizocephalus	0
Astragalus_verus	0
Astragalus_aeluropus	0
Astragalus_austiniae	0
Astragalus_albertii	0
Astragalus_zionis	1
Astragalus_convallarius	0
Astragalus_archibaldii	1
Astragalus_forrestii	0
Oxytropis_maydelliana	0
Astragalus_chrysopterus	0
Astragalus_strictus	0
Astragalus_kronenburgii	0
Astragalus_palibinii	0
Astragalus_altaicola	0
Astragalus_podolobus	0
Astragalus_daenaensis	0
Astragalus_vagus	0
Astragalus_campylorhynchus	0
Astragalus_beatleyae	0
Astragalus_austroargentinus	0
Astragalus_ravenii	0
Astragalus_bourgovii	0
Astragalus_camptoceras	1
Astragalus_fialae	0
Astragalus_schimperi	0
Astragalus_altimurensis	0
Astragalus_hololeios	1
Astragalus_sungpanensis	0
Oxytropis_savellanica	0
Astragalus_harpocarpus	1
Astragalus_megalocystis	1
Astragalus_schugnanicus	0
Astragalus_bakuensis	0
Astragalus_mailiensis	0
Astragalus_leptophysus	0
Astragalus_pterocarpus	0
Astragalus_ordubadensis	0
Astragalus_sogdianus	0
Astragalus_tanaiticus	0
Astragalus_campylosema	0
Astragalus_roseus	0
Astragalus_heterodontus	0
Astragalus_robustus	0
Astragalus_pulcher	0
Astragalus_popovii	0
Astragalus_michauxii	0
Astragalus_floridus	0
Astragalus_oreganus	1
Astragalus_sterilis	0
Astragalus_nigricalycis	0
Astragalus_drabelliformis	1
Astragalus_parvicarinatus	0
Astragalus_inflexus	0
Astragalus_alatavicus	0
Astragalus_subcinereus	0
Astragalus_looseri	0
Astragalus_freitagii	0
Astragalus_drummondii	0
Astragalus_ochroleucus	0
Astragalus_trigonus	0
Astragalus_orcuttianus	0
Astragalus_diaphanus	0
Astragalus_vicarius	1
Astragalus_tricarinatus	0
Astragalus_mackewiczii	0
Astragalus_levitubus	0
Astragalus_guatemalensis	0
Astragalus_irinaea	0
Astragalus_alopecurus	0
Astragalus_brahuicus	1
Astragalus_himalayanus	0
Astragalus_clusii	1
Astragalus_hartwegii	0
Astragalus_longipetalus	0
Astragalus_harbisonii	0
Astragalus_rhodosemius	1
Astracantha_bethlehemitica	0
Astragalus_microcystis	0
Astragalus_fangensis	0
Astragalus_sangonensis	0
Astragalus_moencoppensis	1
Astragalus_arguricus	0
Astragalus_ajfreidii	0
Astragalus_ruscifolius	0
Astragalus_masenderanus	0
Astragalus_hintonii	0
Oxytropis_campanulata	0
Astragalus_oxyglottis	0
Astragalus_aqrabatensis	0
Astragalus_aloisii	0
Astragalus_sepultipes	0
Oxytropis_lagopus	0
Astragalus_griffithii	1
Astragalus_angustatus	0
Astragalus_pseudonobilis	0
Astragalus_recognitus	0
Astragalus_chionanthus	0
Astragalus_murinus	0
Astragalus_sachanewii	0
Astragalus_franziskae	1
Astragalus_saxifractor	0
Astragalus_harpilobus	0
Astragalus_darumbium	0
Astragalus_stocksii	0
Astragalus_chubutensis	0
Astragalus_sikokianus	0
Astragalus_macrobotrys	0
Astragalus_crassicarpus	0
Astragalus_microdontus	0
Astragalus_riouxii	1
Astragalus_graecus	0
Astragalus_mossulensis	0
Astragalus_camelorum	0
Lessertia_capitata	0
Astragalus_geminiflorus	0
Astragalus_austinae	0
Astragalus_multijugus	0
Astragalus_algarbiensis	0
Astragalus_acaulis	0
Astragalus_brevifolius	0
Astragalus_macropelmatus	0
Astragalus_aucheri	0
Astragalus_muelleri	0
Astragalus_tschujensis	0
Astragalus_sinaicus	0
Astragalus_sphaeranthus	0
Astragalus_argentinus	0
Astragalus_falcigerus	0
Astragalus_turbinatus	0
Astragalus_fragiferus	0
Astragalus_tabrisianus	0
Astragalus_bolanderi	0
Astragalus_asper	0
Astragalus_monadelphus	0
Astragalus_chiukiangensis	0
Astragalus_cibarius	0
Astragalus_buchtormensis	0
Astragalus_macrotrichus	0
Astragalus_umbellatus	0
Astragalus_canoflavus	0
Astragalus_sempervirens	0
Astragalus_spruneri	0
Astragalus_rubrolineatus	0
Astragalus_pomonensis	0
Astragalus_baissunensis	1
Oxytropis_ochrantha	0
Astragalus_complicatus	0
Astragalus_anxius	0
Astragalus_anni-novi	0
Astragalus_pueblae	0
Astragalus_polaris	0
Astragalus_shiroumensis	0
Astragalus_citrinus	1
Astragalus_neocarpus	0
Astragalus_tanguticus	1
Astragalus_cancellatus	0
Astragalus_orbiculatus
Astragalus_ajubensis	0
Astragalus_duchesnensis	1
Astragalus_eremophilus	0
Astragalus_epiglottis	0
Astragalus_jejunus	1
Astragalus_kavirensis	0
Astragalus_fenzelianus	0
Astragalus_stella	0
Astragalus_fabaceus	0
Astragalus_maxwellii	0
Astragalus_parwanicus	1
Oxytropis_macrocarpa	0
Astragalus_tortipes	0
Astragalus_pringlei	1
Astragalus_pellitus	0
Astragalus_depressus	0
Astragalus_kaghysmani	0
Astragalus_griseus	1
Astragalus_americanus	0
Astragalus_sinaloae	0
Astragalus_alopecias	0
Astragalus_bergii	0
Astragalus_smithianus	0
Astragalus_secundus	0
Oxytropis_falcata	0
Astragalus_calycinus	0
Astragalus_platytropis	0
Astragalus_connectens	1
Astragalus_detritalis	1
Astragalus_infestus	1
Astragalus_phoenix	1
Astragalus_melilotoides	0
Astragalus_mendocinus	0
Astragalus_nummularius	0
Astragalus_sahendi	0
Astragalus_bryantii	0
Astragalus_sanctorum	0
Astragalus_lilacinus	0
Astragalus_zagrosicus	0
Astragalus_laccoliticus	0
Oxytropis_microphylla	0
Astragalus_rusbyi	0
Astragalus_havianus	0
Astragalus_jaegerianus	0
Astragalus_maroccanus	0
Astragalus_agnicidus	0
Astragalus_sabulonum	1
Oxytropis_pauciflora	0
Astragalus_incertus	0
Astragalus_wingatanus	1
Astragalus_robbinsii	0
Astragalus_dodtii	0
Astragalus_discolor	0
Astragalus_habamontis	0
Astragalus_mongholicus	0
Astragalus_pseudocyclophyllus	1
Astragalus_desereticus	0
Astragalus_dependens	0
Astragalus_castaneiformis	0
Astragalus_rytidocarpus	0
Oxytropis_mertensiana	0
Astragalus_saganlugensis	0
Astragalus_fridae	1
Astragalus_caeruleopetalinus	0
Tragacantha_densifolia	0
Oxytropis_kansuensis	0
Astragalus_parryi	0
Oxytropis_adamsiana	0
Astragalus_iodanthus	0
Astragalus_argutensis	0
Astragalus_freynii	0
Astragalus_hemiphaca	0
Astragalus_subarcuatus	0
Astragalus_gebleri	1
Astragalus_mohavensis	1
Astragalus_subverticillatus	0
Astragalus_ackermanii	0
Astragalus_dignus	0
Astragalus_heptapotamicus	0
Astragalus_alpamarcae	0
Astragalus_laspurensis	0
Astragalus_sericophyllus	0
Astragalus_satoi	0
Astragalus_camptopus	0
Astragalus_przewalskii	0
Astragalus_pseudoindurascens	0
Astragalus_carinatus	0
Astragalus_manucehrii	0
Astragalus_latifolius	0
Astragalus_dzebrailicus	0
Astragalus_reuterianus	0
Astracantha_pterocephala	0
Astragalus_woodruffii	0
Astragalus_icmadophilus	0
Astragalus_maireanus	0
Astragalus_calamistratus	0
Astracantha_oleifolia	0
Astragalus_circumdatus	0
Astragalus_waterfallii	1
Astragalus_tamiricus	0
Astragalus_fastidius	0
Astragalus_xanthoxiphidiopsis	1
Astragalus_cochabambensis	0
Astragalus_ammotrophus	0
Astragalus_tolmaczevii	0
Astragalus_pseudomultijugus	0
Astragalus_rosellus	0
Astragalus_cysticalyx	0
Astragalus_sophoroides	1
Astragalus_emoryanus	1
Astragalus_hamiltonii	1
Astragalus_subvestitus	0
Astragalus_elymaiticus	1
Astragalus_mulfordiae	0
Oxytropis_besseyi	0
Astragalus_bibullatus	0
Astragalus_demetrii	0
Astragalus_akkensis	0
Astragalus_veresczaginii	0
Astragalus_varus	0
Oxytropis_campestris	0
Astragalus_schahrudensis	1
Astragalus_melanocalyx	0
Astragalus_pauperculus	0
Astragalus_perianus	0
Astragalus_adulterinus	1
Astragalus_asterias	0
Astragalus_hauarensis	0
Astragalus_chomutowii	0
Oxytropis_nigrescens	0
Astragalus_eugenii	0
Astracantha_caucasica	0
Astragalus_jodostachys	0
Astragalus_colhuensis	0
Astragalus_vereskensis	0
Astragalus_cyri	0
Astragalus_pseudobrachystachys	0
Astragalus_bakaliensis	0
Astragalus_longissimus	0
Astragalus_jesdianus	0
Onobrychis_conferta	0
Astragalus_jagnobicus	0
Astragalus_nuttallii	0
Astragalus_shagalensis	0
Astragalus_persicus	0
Astragalus_ferganensis	0
Astragalus_stipitatus	0
Astragalus_lorinserianus	0
Astragalus_terracianoi	0
Astragalus_reticulatus	0
Astragalus_luxurians	0
Astragalus_allochrous	0
Astragalus_utahensis	0
Astragalus_kirpicznikovii	0
Astragalus_triradiatus	1
Astragalus_shultziorum	0
Astragalus_kialensis	0
Astragalus_kaufmannii	0
Astragalus_johannis-howellii	0
Astragalus_sanandajianus	1
Astragalus_piscinus	0
Oxytropis_deflexa	0
