Astragalus_polyphyllus	7
Astragalus_kurtschumensis	6
Astragalus_intarrensis	6
Astragalus_neolipskyanus	6
Astragalus_penduliflorus	6
Astragalus_famatinae	6
Astragalus_idaeus	6
Astragalus_cryptanthus	16
Astragalus_schistosus	24
Astragalus_kabadianus	5
Oxytropis_exserta	3
Astragalus_peckii	15
Astragalus_paposanus	16
Astragalus_ceramicus	5
Astragalus_ernestii	18
Astragalus_sardaimionensis	7
Astragalus_lagopoides	6
Astragalus_umbraticus	6
Astragalus_mirabilis	16
Astragalus_aksuensis	6
Astragalus_uraniolimneus	6
Astragalus_cuyanus	24
Astragalus_tehuelches	24
Astragalus_brandegeei	18
Astracantha_denudata	6
Astragalus_howellii	15
Astragalus_borodinii	6
Astragalus_thurberi	5
Astragalus_lessertioides	6
Astragalus_zohrabi	6
Astragalus_substipitatus	5
Astragalus_batangensis	16
Astragalus_tennesseensis	18
Astragalus_salsugineus	15
Astragalus_pulviniformis	24
Astragalus_subumbellatus	5
Astragalus_diphacus	16
Astragalus_ammodytes	1
Astragalus_brachyodontus	16
Astragalus_domeykoanus	24
Astragalus_lurorum	5
Astragalus_achundovii	6
Astragalus_lacei	24
Astragalus_coriaceus	16
Astragalus_xiphidium	6
Oxytropis_tianschanica	8
Astragalus_phlomoides	24
Astragalus_durandianus	5
Astragalus_caprinus	16
Astragalus_urceolatus	18
Astragalus_canadensis	18
Astragalus_mangeri	5
Astragalus_cymbicarpos	6
Astragalus_pseudoborodinii	6
Astragalus_leiosemius	24
Astragalus_verticillatus	3
Astragalus_asymmetricus	15
Astragalus_flexus	26
Astragalus_peterae	16
Astragalus_anserinus	5
Astragalus_eurekensis	15
Astragalus_polozhiae	15
Astragalus_conspicuus	5
Astragalus_multiceps	6
Astragalus_podocarpus	8
Astragalus_eremiticus	15
Astragalus_stalinskyi	6
Astragalus_cimae	18
Astragalus_tortuosus	5
Astragalus_denticulatus	5
Astragalus_eucosmus	6
Astragalus_reventiformis	15
Astragalus_patagonicus	24
Astragalus_gilgitensis	6
Astragalus_kunlunensis	5
Astragalus_bezudensis	5
Astragalus_atwoodii	18
Astragalus_ovigerus	5
Astragalus_campylotrichus	24
Astragalus_spatulatus	15
Astragalus_holmgreniorum	18
Astragalus_graveolens	6
Oxytropis_jordalii	6
Astragalus_iselyi	5
Astragalus_odoratus	6
Astragalus_harrisonii	5
Astragalus_misellus	15
Astragalus_sesquiflorus	5
Oxytropis_albana	6
Astragalus_jiuquanensis	6
Astragalus_cytisoides	5
Astragalus_kralikii	16
Astragalus_triflorus	16
Astragalus_boeticus	18
Astragalus_goldmanii	24
Astragalus_vulpinus	15
Astragalus_macropterus	6
Astragalus_diminutivus	6
Astragalus_uniflorus	6
Astragalus_khoshjailensis	16
Astragalus_shelkovnikovii	6
Astragalus_gorodkovii	6
Astragalus_cognatus	15
Astragalus_basineri	6
Astragalus_miser	7
Astragalus_salmonis	15
Astragalus_angarensis	6
Astragalus_yunnanensis	16
Astragalus_schmalhausenii	5
Astragalus_monanthemus	24
Oxytropis_oreophila	7
Astragalus_caroli-henrici	24
Astragalus_leucolobus	15
Astragalus_megalanthus	7
Astragalus_setosulus	6
Astragalus_biebersteinii	6
Astragalus_ornithopodioides	6
Astragalus_desperatus	5
Astragalus_viridis	6
Astragalus_sinicus	6
Astragalus_tremolsianus	16
Astragalus_melanodon	6
Astragalus_pseudojohannis	24
Astragalus_psilocentros	6
Astragalus_atropubescens	15
Astragalus_vaccarum	24
Astragalus_sesamoides	5
Astragalus_adanus	15
Astragalus_distortus	18
Astragalus_gaubae	24
Astragalus_luteolus	18
Astragalus_hypsogenus	6
Astragalus_kungurensis	1
Astragalus_calliphysa	24
Astragalus_euchlorus	6
Astragalus_galegiformis	6
Astragalus_limprichtii	6
Astragalus_layneae	5
Astragalus_racemosus	15
Astragalus_basiflorus	5
Astragalus_limnocharis	7
Astragalus_egglestonii	18
Astragalus_neobarnebyanus	24
Astragalus_cremnophylax	5
Astragalus_lancearius	5
Astragalus_discernendus	5
Astragalus_debequaeus	5
Astragalus_callistachys	24
Astragalus_puniceus	15
Astragalus_parvus	5
Astragalus_solitarius	6
Astragalus_chionobiiformis	16
Astragalus_speirocarpus	15
Oxytropis_czukotica	8
Astragalus_brachycarpus	6
Astragalus_dielsii	6
Astragalus_sikkimensis	18
Astragalus_monticola	24
Astragalus_sutchuenensis	6
Astragalus_hymenocystis	24
Astragalus_casapaltensis	6
Astragalus_soxmaniorum	18
Astragalus_beketowi	6
Astragalus_sedaensis	16
Astragalus_isphairamicus	7
Astragalus_schmolliae	18
Astragalus_aboriginum	6
Astragalus_welshii	7
Astragalus_lacteus	6
Astragalus_scaphoides	15
Astragalus_bellus	24
Astragalus_alvordensis	6
Astracantha_diphtherites	24
Astragalus_eriocarpus	6
Astragalus_sangimashensis	5
Astragalus_khasianus	18
Astragalus_bisulcatus	15
Astragalus_vesicarius	6
Astragalus_balearicus	6
Astragalus_deanei	24
Astragalus_megalomerus	6
Astragalus_amphioxys	5
Astragalus_trichopodus	18
Astragalus_loanus	15
Astragalus_unifoliolatus	6
Astragalus_micromerius	6
Astragalus_owirensis	6
Astragalus_spinescens	5
Astragalus_oroproselius	24
Astragalus_hartmanii	24
Oxytropis_jonesii	5
Astragalus_takhtadzhjanii	16
Astragalus_alopecuroides	6
Astragalus_plattensis	15
Astragalus_crassifolius	18
Astragalus_coronilla	24
Astragalus_inaequalifolius	6
Astragalus_dictamnoides	7
Astragalus_adpressipilosus	6
Oxytropis_immersa	6
Astragalus_peltatus	24
Astragalus_ptychophyllus	24
Astragalus_reesei	6
Astragalus_polyceras	15
Astragalus_remotiflorus	24
Astragalus_helmii	7
Astragalus_pseudokurrumensis	24
Astragalus_magellanicus	6
Astragalus_petropolitanus	20
Astragalus_dingjiensis	16
Astragalus_andaulgensis	6
Astragalus_crymophilus	6
Astragalus_chordorrhizus	23
Astragalus_illinii	24
Astragalus_kentrophyta	6
Astragalus_chamaemeniscus	6
Astragalus_palenae	24
Astragalus_registanicus	5
Astragalus_maassoumii	24
Astragalus_fedtschenkoanus	15
Astragalus_gracilidentatus	26
Oxytropis_coerulea	6
Astragalus_cyaneus	18
Astragalus_anthosphaerus	6
Astragalus_corniculatus	7
Astragalus_barnebyi	5
Astragalus_abbreviatus	15
Astragalus_purpusii	16
Astragalus_brachypetalus	5
Astragalus_pinonis	15
Astragalus_maurus	6
Astragalus_suberosus	18
Astragalus_laguroides	15
Astragalus_rattanii	18
Astragalus_psilolobus	15
Astragalus_fraxinifolius	6
Astragalus_humistratus	18
Astragalus_callichrous	25
Astragalus_vogelii	16
Astragalus_gueldenstaedtiae	5
Astragalus_wrightii	18
Astragalus_zingeri	7
Astragalus_pennellianus	18
Astragalus_toquimanus	15
Astragalus_daghestanicus	6
Astragalus_confertus	16
Astragalus_fruticosus	6
Astragalus_atropurpureus	6
Astragalus_pseudoaustralis	6
Astragalus_orthocarpus	16
Astragalus_medius	7
Astragalus_khwaja-muhammadensis	5
Carmichaelia_violacea	6
Astragalus_schinetorum	24
Astragalus_agraniotii	6
Astragalus_tumninensis	23
Astragalus_aspreticola	25
Astragalus_argophyllus	7
Astragalus_dianthus	24
Astragalus_urbanianus	10
Astragalus_accumbens	18
Oxytropis_humifusa	8
Astragalus_wenxianensis	18
Astragalus_sharestanicus	5
Astragalus_polycladus	16
Astragalus_nitidiflorus	6
Oxytropis_pilosa	6
Astragalus_hispidulus	25
Astragalus_wetherillii	5
Astragalus_mucidus	6
Astragalus_remotus	18
Astragalus_calycosus	15
Astragalus_congdonii	18
Astragalus_agrestis	7
Astragalus_kohrudicus	5
Astragalus_haesitabundus	6
Astragalus_arcuatus	15
Astragalus_crassispinus	5
Oxytropis_obnapiformis	15
Astragalus_chrysostachys	24
Astragalus_hoodianus	6
Astragalus_rzaevii	6
Astragalus_aegobromus	16
Sutherlandia_microphylla	18
Astragalus_quinquefoliolatus	24
Astragalus_hypoglottis	6
Astragalus_coccineus	18
Astragalus_panduratus	18
Astragalus_cronquistii	5
Astragalus_tribuloides	25
Astragalus_shevockii	15
Astragalus_austrosibiricus	6
Astragalus_karkarensis	7
Astragalus_greggii	5
Oxytropis_racemosa	5
Astragalus_varius	7
Astragalus_mayeri	6
Astragalus_didymocarpus	18
Astragalus_simplicifolius	6
Astragalus_agameticus	5
Astragalus_cymboides	5
Astragalus_monumentalis	5
Astragalus_zanskarensis	7
Astragalus_edmondsonii	16
Astragalus_peterfii	7
Astragalus_kirrindicus	6
Astragalus_eusarathron	5
Astragalus_macropodium	6
Astragalus_politovii	6
Astragalus_georgii	24
Astragalus_oniciformis	15
Astragalus_fucatus	5
Astracantha_gummifera	6
Astragalus_pusillus	6
Astragalus_spaldingii	15
Astragalus_daleae	18
Astragalus_turczaninowii	26
Erophaca_baetica	18
Astragalus_pattersonii	7
Sphaerophysa_salsula	6
Astragalus_confusus	24
Astragalus_maximowiczii	24
Astragalus_clerceanus	6
Astragalus_stepporum	24
Astragalus_arizonicus	18
Astragalus_bashgalensis	6
Astracantha_aurea	7
Astragalus_cretaceus	24
Astragalus_tongolensis	16
Astragalus_ornithorrhynchus	7
Astragalus_accidens	18
Astragalus_ruiz-lealii	24
Astragalus_hypoleucus	16
Astragalus_inyoensis	15
Astragalus_ovatus	6
Astragalus_laricus	16
Astragalus_longidentatus	16
Astragalus_macroceras	6
Astragalus_erivanensis	6
Astragalus_lotiflorus	15
Oxytropis_chionobia	8
Astragalus_kirilovii	15
Astragalus_purpurascens	5
Astragalus_auratus	16
Astragalus_kessleri	5
Astragalus_sesameus	6
Astragalus_moranii	24
Astragalus_acmophylloides	6
Astragalus_pyrrhotrichus	6
Astragalus_firuzkuhensis	5
Astragalus_hypogaeus	15
Astragalus_scutaneus	29
Astragalus_leontinus	6
Astragalus_jolderensis	5
Astragalus_tricholobus	5
Astragalus_webberi	18
Astragalus_lineatus	6
Astragalus_cachinalensis	16
Astragalus_sieversianus	6
Astragalus_molestus	6
Astragalus_sumbari	24
Astragalus_gibbsii	15
Astragalus_oocalycis	15
Astragalus_canescens	5
Astragalus_filicaulis	24
Astragalus_caricinus	6
Astragalus_fissuralis	6
Astragalus_gladiatus	6
Astragalus_arkalycensis	7
Astragalus_laxmannii	15
Astragalus_yumenensis	15
Astragalus_paraplesius	5
Astragalus_sevangensis	6
Astragalus_curvicarpus	15
Astragalus_chlorostegius	11
Astragalus_elatior	5
Astragalus_nivalis	8
Astragalus_neglectus	18
Astragalus_nuttallianus	18
Astragalus_clevelandii	18
Astragalus_recurvus	18
Astragalus_hajastanus	6
Astragalus_chorinensis	6
Astragalus_paralurges	5
Astragalus_varzobicus	6
Astracantha_strobilifera	5
Astragalus_oreades	23
Astragalus_leptocaulis	15
Astragalus_munroi	16
Astragalus_olgae	6
Astragalus_echinops	5
Astragalus_knightii	5
Astragalus_bornmuellerianus	6
Astragalus_laetus	5
Astragalus_neoburkartianus	24
Astragalus_subalpinus	15
Astragalus_scorpioides	6
Astragalus_grahamianus	6
Astragalus_micranthellus	6
Astragalus_tarijensis	6
Astragalus_ampullarius	18
Astragalus_echinatus	18
Astragalus_gymnopodus	24
Astragalus_brachybotrys	7
Astragalus_macropetalus	15
Astragalus_chilienshanensis	16
Astragalus_aksaricus	7
Astragalus_miguelensis	5
Astragalus_psilacanthus	5
Astragalus_episcopus	5
Astragalus_licentianus	6
Astragalus_variabilis	6
Astragalus_prorifer	24
Astragalus_froedinii	24
Astragalus_richii	6
Astragalus_angreni	6
Astragalus_erythrolepis	24
Astragalus_purshii	15
Astragalus_johnstonii	5
Astragalus_harringtonii	6
Astragalus_paktiensis	6
Astragalus_brachytropis	23
Astragalus_joergensenii	6
Astragalus_geniculatus	5
Astragalus_saralensis	6
Astragalus_filipes	15
Astragalus_cuatrecasasii	0
Oxytropis_jacquinii	6
Astragalus_schmidii	24
Astragalus_distinens	20
Astragalus_holosemius	13
Astragalus_oophorus	15
Astragalus_altus	18
Astragalus_erionotus	16
Astragalus_ortholobus	8
Astragalus_squarrosus	24
Astragalus_kudrjaschovii	24
Astragalus_neomexicanus	18
Astragalus_ophiocarpus	6
Astragalus_lutosus	5
Astragalus_conjunctus	15
Astragalus_coahuilae	5
Astragalus_teheranicus	5
Astragalus_eriopodus	24
Astragalus_ochreatus	24
Astragalus_chamissonis	16
Astragalus_donianus	18
Astragalus_geyeri	6
Astragalus_duanensis	15
Astragalus_bicolor	7
Astragalus_regiomontanus	16
Astragalus_huthianus	16
Astragalus_lunatus	6
Astragalus_whitneyi	6
Astragalus_gompholobium	11
Astragalus_saetiger	5
Astragalus_curvirostris	5
Astragalus_semnanensis	5
Astragalus_yoder-williamsii	15
Astragalus_oocarpus	18
Astragalus_raphiodontus	24
Astragalus_sanctae-crucis	6
Astragalus_sericopetalus	5
Astragalus_nigrivestitus	7
Astragalus_panamintensis	5
Astragalus_pseudoamygdalinus	16
Astragalus_praelongus	5
Astragalus_ancistrocarpus	24
Astragalus_antheliophorus	5
Astragalus_arbuscula	15
Astragalus_dictyolobus	24
Astragalus_vexilliflexus	6
Astragalus_hymenocalyx	13
Astragalus_falconeri	6
Astragalus_feensis	18
Astragalus_gracilis	15
Astragalus_sanguineus	16
Astragalus_syreitschikovii	6
Astragalus_sheldonii	15
Astragalus_esperanzae	18
Astragalus_albulus	6
Oxytropis_strobilacea	6
Astragalus_bhotanensis	6
Astragalus_minutissimus	6
Astragalus_ampullarioides	18
Astragalus_rimarum	16
Astragalus_trigonocarpus	6
Astragalus_oocephalus	29
Astragalus_anemophilus	24
Astragalus_lepsensis	7
Astragalus_eurylobus	6
Astragalus_gruinus	24
Astragalus_huiningensis	6
Astragalus_danicus	6
Astragalus_straussii	24
Astragalus_macrourus	6
Astragalus_pauperiflorus	24
Astragalus_erythrosemius	6
Astragalus_radicans	18
Astragalus_diversifolius	7
Astragalus_pseudomegalomerus	5
Astragalus_berteri	6
Astragalus_tragacantha	18
Astragalus_henryi	6
Astragalus_atropilosulus	18
Astragalus_schanginianus	6
Astragalus_salatavicus	18
Astragalus_melanostachys	6
Astragalus_bicristatus	15
Astragalus_mikrophyton	5
Astragalus_cicer	6
Astragalus_longistipitatus	7
Astragalus_pavlovii	13
Astragalus_paradoxus	6
Astragalus_zacatecanus	18
Astragalus_groetzbachii	5
Astragalus_shatuensis	6
Astragalus_compressus	15
Astragalus_sinuatus	15
Astragalus_brauntonii	15
Astragalus_aquilanus	6
Astragalus_sanczirii	5
Astragalus_ovoideus	5
Astragalus_perdurans	24
Astragalus_effusus	24
Astragalus_szovitsii	16
Astragalus_badamensis	7
Astragalus_preussii	5
Astragalus_microphysa	5
Astragalus_saurinus	5
Astragalus_beckerianus	6
Astragalus_rafaelensis	5
Oxytropis_splendens	6
Astragalus_capillipes	6
Astragalus_macropus	7
Astragalus_francisquitensis	24
Astragalus_dumetorum	6
Astragalus_arthurii	15
Astragalus_moyanoi	3
Oxytropis_neglecta	6
Astragalus_quinqueflorus	5
Astragalus_ponticus	6
Astragalus_levieri	23
Oxytropis_yunnanensis	16
Astragalus_trichocarpus	6
Astragalus_consobrinus	5
Astragalus_rostratus	16
Astragalus_serenoi	18
Astragalus_lycioides	5
Astragalus_jabbor-khailii	6
Astragalus_linifolius	5
Astragalus_arnoldii	16
Astragalus_vanillae	25
Astragalus_coluteocarpus	6
Hedysarum_boreale	6
Astragalus_buschiorum	6
Astragalus_miyalomontis	18
Astragalus_bachmarensis	23
Astragalus_ellipsoideus	15
Astragalus_stenocystis	6
Astragalus_herbertii	16
Astragalus_chinensis	18
Astragalus_goniatus	6
Astragalus_musiniensis	5
Astragalus_lehmannianus	5
Astragalus_tugarinovii	6
Astragalus_lasiopetalus	6
Astragalus_hancockii	23
Astragalus_arrectus	15
Astragalus_bungeanus	6
Astragalus_frigidus	6
Astragalus_macrotropis	6
Astragalus_siahderrensis	6
Astragalus_sabuletorum	1
Astragalus_lumsdenianus	5
Astragalus_pamirensis	6
Astragalus_longipetiolatus	18
Astragalus_diopogon	16
Astragalus_lindheimeri	15
Astragalus_clandestinus	16
Astragalus_holophyllus	6
Astragalus_persepolitanus	5
Astragalus_pubentissimus	5
Oxytropis_bicolor	6
Astragalus_arnottianus	16
Astragalus_ankylotus	14
Astragalus_platyphyllus	7
Astragalus_riparius	15
Astragalus_hyalolepis	6
Astragalus_kazbeki	6
Astragalus_muliensis	18
Astragalus_orbicularifolius	16
Astragalus_alyssoides	6
Astragalus_baionensis	6
Oxytropis_scammaniana	6
Astragalus_valparadisiensis	3
Oxytropis_poncinsii	8
Astragalus_arequipensis	6
Astragalus_webbianus	6
Astragalus_siliceus	5
Oxytropis_nutans	5
Astragalus_stenanthus	5
Astragalus_grubovii	18
Astragalus_coquimbensis	16
Astragalus_brachycentrus	5
Astragalus_raddei	24
Astragalus_albicaulis	7
Astragalus_nigrolineatus	5
Astragalus_ammodendron	24
Astragalus_strigulosus	16
Astragalus_inopinatus	8
Astragalus_australis	6
Astragalus_mucronifolius	24
Astragalus_kifonsanicus	6
Astragalus_trachoniticus	24
Astragalus_souliei	18
Astragalus_cracca	0
Astragalus_amblytropis	15
Astragalus_ertterae	18
Astragalus_granitovii	7
Astragalus_juratzkanus	5
Astragalus_megacarpus	5
Astragalus_glabellus	18
Astragalus_testiculatus	7
Astragalus_jaliscensis	18
Astragalus_nuciferus	16
Astragalus_stenolepis	16
Astragalus_hamosus	6
Astragalus_bombycinus	25
Astragalus_vesiculosus	24
Astragalus_flavus	5
Astragalus_oihorensis	16
Astragalus_marinus	6
Astragalus_propinquus	6
Astragalus_verrucosus	18
Astragalus_tenellus	7
Astragalus_columbianus	15
Astragalus_brazoensis	29
Astragalus_chorizanthus	6
Astragalus_amnis-amissi	7
Astragalus_johannis	24
Astragalus_gentryi	16
Astragalus_carmanicus	24
Astragalus_piptocephalus	6
Astragalus_fabrisii	24
Astragalus_oxyodon	8
Astragalus_minthorniae	18
Astragalus_dulungkiangensis	18
Astragalus_humifusus	6
Astragalus_gorczakovskii	1
Astragalus_ammodendroides	16
Astragalus_weberbaueri	3
Astragalus_coltonii	5
Astragalus_tatsienensis	18
Astragalus_rufescens	24
Astragalus_centralis	5
Astragalus_strigosostipulatus	24
Astragalus_glaux	6
Astragalus_guttatus	6
Astragalus_toksunensis	11
Astragalus_leucocladus	6
Astragalus_edulis	16
Astracantha_karabaghensis	6
Astragalus_bifidus	14
Astragalus_ecbatanus	24
Astragalus_nutriosensis	15
Astragalus_demavendicolus	13
Astragalus_cinereus	6
Astragalus_monspessulanus	6
Astragalus_miniatus	15
Astragalus_hololeucoides	6
Phyllolobium_tribulifolium	16
Astragalus_rubriflorus	16
Astragalus_naftabensis	6
Astragalus_nutans	18
Astragalus_galiifolius	5
Astragalus_susianus	6
Astragalus_siliquosus	6
Astragalus_cryptobotrys	6
Astragalus_oxyphysus	15
Astragalus_terminalis	7
Astragalus_striatiflorus	5
Astragalus_xylobasis	6
Astragalus_mattam	16
Astragalus_taipaishanensis	18
Astragalus_plumbeus	6
Astragalus_sabulosus	5
Astragalus_utriger	6
Astragalus_mercklinii	5
Astragalus_ledinghamii	5
Astragalus_punctatus	5
Astragalus_anacardius	24
Astragalus_peduncularis	7
Astragalus_sparsus	16
Astragalus_bidentatus	3
Astragalus_supinus	6
Astragalus_leptocarpus	18
Astragalus_missouriensis	15
Astragalus_camptodontoides	6
Astragalus_applegatii	15
Astragalus_lyallii	15
Astragalus_brachystachys	6
Astragalus_rupifragus	7
Astragalus_pendulinus	6
Astragalus_leiophyllus	16
Astragalus_cephalanthus	5
Astragalus_sprucei	3
Astragalus_kustanaicus	7
Astragalus_drupaceus	18
Astragalus_pinetorum	16
Astragalus_biovulatus	24
Astragalus_exscapus	6
Astragalus_commixtus	6
Astragalus_serpens	7
Smirnowia_turkestana	24
Astragalus_charguschanus	8
Astragalus_baba-alliar	5
Astragalus_noziensis	16
Astragalus_platysematus	24
Astragalus_lipskyi	24
Astragalus_trichanthus	5
Astragalus_ciceroides	6
Astragalus_deminutivus	6
Astragalus_tibetanus	6
Astragalus_solandri	16
Astragalus_ebenoides	24
Astragalus_nutzotinensis	6
Astragalus_macronyx	6
Astragalus_troglodytus	18
Astragalus_cottonii	23
Astragalus_malacus	15
Astragalus_polygala	6
Astragalus_lambinonii	5
Astragalus_efoliatus	11
Astragalus_glumaceus	5
Astragalus_heydei	5
Astragalus_equisolensis	5
Astragalus_lasiophyllus	15
Oxytropis_ochotensis	8
Astragalus_cobrensis	18
Astragalus_sulfuratus	24
Astragalus_khaneradarensis	24
Astracantha_cerasocrena	5
Astragalus_ensifer	24
Astragalus_petraeus	6
Astragalus_puberulus	6
Astragalus_curvicaulis	16
Astragalus_chloodes	5
Astragalus_kerkukiensis	11
Astragalus_barbatus	16
Astragalus_alaschanus	6
Astragalus_cavanillesii	16
Astragalus_tupalangi	7
Astragalus_nelidae	16
Astragalus_brevipes	16
Astracantha_cretica	6
Astragalus_armeniacus	6
Oxytropis_nana	5
Astragalus_consanguineus	15
Astragalus_dasyanthus	7
Astragalus_thermensis	6
Astragalus_nivicola	6
Oxytropis_ciliata	15
Astragalus_seidabadensis	24
Astragalus_spegazzinii	16
Astragalus_subrosulariformis	5
Astragalus_somcheticus	6
Astragalus_coluteopsis	5
Astragalus_lasiosemius	24
Astragalus_piutensis	15
Astragalus_gypsodes	5
Astragalus_germaini	16
Astragalus_burkartii	6
Astragalus_nigriceps	6
Astragalus_apollineus	6
Astragalus_savellanicus	6
Astragalus_intercedens	24
Astragalus_pseudoadsurgens	6
Astragalus_exasperatus	6
Astragalus_lentiformis	15
Astragalus_acutifolius	6
Astragalus_pseudohypogaeus	6
Astragalus_bodinii	6
Astragalus_anfractuosus	15
Astragalus_cisoxanus	5
Astracantha_stenonychioides	6
Astragalus_brachylobus	15
Astragalus_kuschkensis	24
Astracantha_parnassi	6
Astragalus_obcordatus	0
Astragalus_pectinatus	15
Astragalus_traskiae	6
Astragalus_gambelianus	18
Astragalus_zerdanus	6
Astragalus_simpsonii	18
Astragalus_jaxarticus	24
Astragalus_wolgensis	7
Astragalus_hyrcanus	15
Astragalus_macrosemius	6
Astragalus_balfourianus	18
Astragalus_lemmonii	15
Astragalus_malacoides	5
Astragalus_giganteus	24
Astragalus_douglasii	15
Astragalus_chaidamuensis	25
Astragalus_pardalinus	5
Astragalus_rawianus	5
Astragalus_dendroides	15
Astragalus_lucidus	18
Astragalus_vavilovii	6
Astragalus_nephtonensis	5
Astragalus_reduncus	15
Astragalus_cottamii	5
Astragalus_mahoschanicus	16
Astragalus_grayi	5
Astragalus_mesites	16
Astragalus_shinanensis	23
Astragalus_djilgensis	8
Astragalus_hirsutus	6
Astracantha_microcephala	6
Astragalus_vaginatus	6
Astragalus_faurei	29
Astragalus_aequalis	15
Astragalus_versicolor	6
Astragalus_atrovinosus	6
Astragalus_glomeratus	1
Oxytropis_sericea	15
Astragalus_bourgaeanus	6
Astragalus_deterior	18
Astragalus_naturitensis	5
Astragalus_vulcanicus	6
Astragalus_lanuginosus	6
Astragalus_reinii	6
Astragalus_avicennicus	6
Astragalus_myrianthus	5
Astragalus_cenorrhynchus	16
Astragalus_brevidens	5
Astragalus_schrenkianus	15
Astragalus_rhacodes	15
Astragalus_emarginatus	6
Astragalus_anisacanthus	5
Astragalus_retusifoliatus	6
Astragalus_obscurus	15
Astragalus_curtipes	15
Astragalus_skythropos	18
Astragalus_imitensis	7
Astragalus_neuquenensis	24
Astragalus_leptus	5
Astragalus_tephrolobus	8
Astragalus_succumbens	6
Astragalus_lyonnetii	18
Astragalus_pakistanicus	16
Astragalus_englerianus	18
Astragalus_pehuenches	29
Astragalus_proximus	18
Astragalus_hemsleyi	5
Astragalus_korovinianus	18
Astragalus_vallaris	15
Astragalus_scleroxylon	26
Astragalus_karelinianus	7
Astragalus_mario-sousae	5
Astragalus_chingoanus	6
Astragalus_nematodes	5
Astragalus_breviscapus	6
Astragalus_weddellianus	6
Astragalus_depauperatus	7
Astragalus_dactylocarpus	25
Astragalus_cuscutae	6
Astragalus_crypticus	6
Astragalus_micrancistrus	5
Astragalus_supervisus	16
Astragalus_nidularius	5
Astragalus_takharensis	5
Astragalus_bracteosus	5
Astragalus_pallescens	7
Astragalus_weixinensis	6
Astragalus_orthocarpoides	6
Astragalus_iodopetalus	18
Astragalus_acutirostris	18
Astragalus_darwinianus	24
Astragalus_demavendicus	18
Astragalus_variegatus	7
Astragalus_arganaticus	15
Astragalus_curviflorus	24
Astragalus_lithophilus	6
Astragalus_vessalae	24
Astragalus_stipulatus	18
Astragalus_pseudoversicolor	16
Tragacantha_fasciculifolia	24
Astragalus_reventus	15
Astragalus_impexus	5
Astragalus_magdalenae	4
Astragalus_crotalariae	25
Astragalus_dilutus	15
Astragalus_gombo	16
Astragalus_physodes	15
Astragalus_oxyphysopsis	24
Astragalus_armatus	16
Astragalus_scaberrimus	6
Astragalus_sparsiflorus	18
Astragalus_tolucanus	18
Astragalus_scopulorum	7
Astragalus_cornutus	7
Astragalus_californicus	15
Astragalus_karakugensis	5
Astragalus_lentiginosus	5
Astragalus_ibrahimianus	16
Astragalus_aschuturi	6
Astragalus_edmondstonei	16
Astragalus_lupulinus	6
Astragalus_lamondiae	13
Astragalus_nudisiliquus	6
Astragalus_aduncus	6
Astragalus_newberryi	18
Astragalus_termeanus	24
Astragalus_endytanthus	5
Astragalus_incanus	6
Astragalus_kolymensis	6
Astragalus_degensis	18
Astragalus_sanguinolentus	6
Astragalus_filiformis	15
Oxytropis_lambertii	15
Astragalus_retamocarpus	24
Astragalus_scabrisetus	26
Astragalus_oncotrichus	24
Astragalus_scoparius	15
Astragalus_gracilipes	24
Astragalus_hispanicus	5
Astragalus_olchonensis	18
Astragalus_abnormalis	5
Astragalus_chamaeleuce	5
Astragalus_plagiophacos	16
Astragalus_carduchorum	24
Astragalus_lalesarensis	24
Astragalus_physocarpus	15
Astragalus_wittmannii	5
Astragalus_asplundii	6
Astragalus_flexuosus	7
Astragalus_eriostomus	5
Astragalus_nothoxys	18
Astragalus_aleppicus	29
Astragalus_villosus	0
Clianthus_puniceus	6
Astragalus_pauper	6
Astragalus_valerianensis	6
Astragalus_globiceps	24
Astragalus_neurophyllus	7
Astragalus_oxyrhynchus	20
Astragalus_molybdenus	6
Astragalus_aspindzicus	6
Astragalus_piletocladus	25
Astragalus_beckii	6
Eremosparton_flaccidum	5
Astragalus_tenuifolius	16
Astragalus_nyensis	5
Astragalus_montigenus	6
Astragalus_tener	29
Astragalus_yangtzeanus	6
Astragalus_pseudoutriger	6
Astragalus_tribulifolius	18
Astragalus_helleri	16
Astragalus_speciosus	16
Astragalus_angustiflorus	6
Astragalus_kuramensis	18
Astragalus_tephrosioides	5
Oxytropis_recognita	8
Astragalus_taschkendicus	5
Astragalus_microcymbus	7
Astragalus_dahuricus	6
Astragalus_porrectus	26
Astragalus_stenoceras	7
Astragalus_erubescens	24
Astragalus_sphaerocystis	15
Astragalus_tyghensis	15
Astragalus_alpinus	6
Astracantha_granatensis	6
Swainsona_formosa	6
Astragalus_littoralis	6
Astragalus_caraganae	6
Astragalus_arbelicus	24
Astragalus_castetteri	24
Astragalus_albens	18
Astragalus_humilis	6
Astragalus_sieberi	25
Astragalus_rahensis	24
Astragalus_contortuplicatus	15
Astragalus_saccatus	24
Astragalus_carminis	16
Astragalus_xipholobus	5
Astragalus_shortianus	15
Astragalus_bernardinus	18
Astragalus_cyclophyllon	6
Astragalus_concretus	6
Astragalus_craibianus	18
Astragalus_norvegicus	6
Astragalus_funereus	5
Astragalus_falciformis	7
Astragalus_glycyphyllos	6
Astragalus_leansanicus	6
Astragalus_inversus	15
Astragalus_bounophilus	18
Astragalus_gudrunensis	5
Astragalus_hamrinensis	13
Astragalus_macrocephalus	6
Astragalus_leptaleus	7
Astragalus_davidii	18
Astragalus_maurorum	16
Astragalus_strictilobus	24
Astragalus_podlechii	24
Astragalus_peregrinus	25
Astragalus_idrietorum	24
Astragalus_hoantchy	18
Astragalus_maritimus	16
Astragalus_pictiformis	18
Astragalus_rhizanthus	6
Astragalus_titanophilus	18
Astragalus_borraginaceus	5
Astragalus_nudus	6
Astragalus_berterianus	16
Astragalus_casei	18
Oxytropis_ochrocephala	16
Astragalus_semilunatus	5
Astragalus_glaucus	7
Astragalus_managildensis	15
Astragalus_wagneri	16
Astragalus_tigridis	5
Astragalus_mollissimus	5
Oxytropis_mollis	6
Astragalus_fuliginosus	5
Astracantha_plumosa	6
Astragalus_vexillaris	6
Astragalus_andersonii	15
Astragalus_tulinovii	16
Astragalus_scalaris	24
Astragalus_golmuensis	16
Astragalus_ufraensis	5
Astragalus_lonchocarpus	5
Astragalus_majevskianus	8
Astragalus_handelii	7
Oxytropis_vassilczenkoi	6
Astragalus_alaicus	7
Astragalus_ugamicus	6
Oxytropis_hirta	6
Astragalus_marianus	5
Astragalus_cottonianus	5
Astragalus_minimus	6
Astragalus_pulsiferae	15
Astragalus_bonariensis	24
Astragalus_pseudochlorostachys	6
Astragalus_melanochiton	24
Astragalus_uliginosus	6
Astragalus_adsurgens	7
Astragalus_reflexistipulus	6
Astragalus_wilmottianus	18
Astragalus_nobilis	24
Astragalus_moellendorffii	6
Astragalus_charadzeae	6
Astragalus_villosissimus	7
Astragalus_humillimus	6
Astragalus_oplites	16
Astragalus_clarianus	18
Astragalus_tioides	5
Astragalus_spartioides	15
Astragalus_densiflorus	16
Astragalus_tarumensis	24
Astragalus_brachypus	26
Astragalus_prilipkoanus	7
Astragalus_hidalgensis	16
Astragalus_catabostrychos	24
Astragalus_turolensis	6
Oxytropis_aciphylla	5
Astragalus_monbeigii	16
Oxytropis_koyukukensis	6
Astragalus_piscator	5
Astragalus_askius	6
Oxytropis_talassica	6
Astragalus_semicircularis	18
Astragalus_darii	5
Oxytropis_melanocalyx	16
Astragalus_potosinus	18
Astragalus_osterhoutii	7
Astragalus_tephrodes	18
Astragalus_sirinicus	6
Astragalus_ceratoides	6
Astragalus_aquilonius	7
Oxytropis_lapponica	6
Astragalus_chiwensis	24
Astragalus_anisus	7
Astragalus_galactites	15
Astracantha_deinacantha	18
Oxytropis_viscida	6
Astragalus_glaucacanthos	24
Astragalus_curvipes	24
Astragalus_comosus	6
Astragalus_wenquanensis	18
Astragalus_porphyrocalyx	16
Astragalus_sachalinensis	23
Astragalus_tegetarioides	15
Astragalus_micranthus	18
Astragalus_punae	24
Astragalus_tungensis	18
Astragalus_onobrychis	6
Astragalus_aridus	4
Astragalus_toanus	6
Astragalus_terrestris	6
Astragalus_capito	16
Oxytropis_eriocarpa	6
Astragalus_severzovii	11
Astragalus_venturii	6
Astragalus_albertoregelia	6
Astragalus_hallii	7
Astragalus_latiunguiculatus	16
Astragalus_xanthomeloides	6
Astragalus_brevialatus	6
Astragalus_taubertianus	25
Astragalus_amarus	15
Astragalus_nurensis	24
Astragalus_sarbasnensis	7
Astragalus_vegetus	5
Oxytropis_grandiflora	15
Astragalus_hirtus	24
Astragalus_austroaegaeus	18
Oxytropis_taochensis	6
Oxytropis_riparia	15
Astragalus_minutulus	16
Astragalus_pycnostachyus	6
Astragalus_dipelta	15
Oxytropis_kobukensis	6
Oxytropis_squammulosa	15
Astragalus_legionensis	16
Astragalus_kerrii	18
Astragalus_cerasinus	5
Astragalus_pseudocytisoides	15
Astragalus_complanatus	5
Astragalus_dombeyi	5
Astragalus_taiyuanensis	6
Astragalus_argyroides	5
Astragalus_straturensis	15
Astragalus_pachypus	24
Astragalus_vallicola	8
Astragalus_reichei	16
Astragalus_breweri	18
Astragalus_anisomerus	6
Astragalus_chardinii	6
Astragalus_porphyrophysa	24
Astragalus_macrostachys	6
Astragalus_pachyrhizus	6
Astragalus_tawilicus	6
Astragalus_grammocalyx	6
Astragalus_bossuensis	6
Astragalus_tidestromii	5
Astragalus_paucijugus	24
Astragalus_hornii	11
Astragalus_rawlinsianus	5
Astragalus_ensiformis	18
Astragalus_pseudofragiferus	24
Astragalus_hypoxylus	18
Astragalus_williamsii	6
Astragalus_adzharicus	6
Astragalus_angustifolius	6
Astragalus_temirensis	7
Astragalus_tiehmii	6
Astragalus_oligophyllus	6
Astragalus_nelsonianus	5
Astragalus_bazmanicus	24
Astragalus_spinosus	25
Astragalus_leibergii	15
Astragalus_goktschaicus	6
Astragalus_monoensis	15
Astragalus_peruvianus	6
Astragalus_dschangartensis	6
Astragalus_xiphoides	5
Astragalus_ishkamishensis	5
Astragalus_cerussatus	7
Astragalus_laguriformis	24
Astragalus_palmeri	24
Astragalus_hohenackeri	16
Astragalus_brandegei	18
Astragalus_falcatus	6
Astragalus_sommieri	6
Astragalus_rytilobus	6
Astragalus_flexicaulis	6
Astragalus_erwinii-gaubae	5
Astragalus_macrodon	15
Astragalus_kuschakewiczi	16
Astragalus_kermanschahensis	5
Astragalus_corrugatus	16
Astragalus_reflexus	18
Astragalus_schistocalyx	24
Astragalus_pissisi	16
Astragalus_leucocephalus	6
Astragalus_polyacanthus	16
Astragalus_amatus	6
Astragalus_insularis	24
Astragalus_submitis	16
Astragalus_annularis	25
Astragalus_uncialis	26
Astragalus_boelckei	16
Astragalus_stewartii	6
Oxytropis_oxyphylloides	7
Astragalus_lasioglottis	7
Astragalus_jessenii	5
Astragalus_jodotropis	16
Astragalus_hoffmeisteri	6
Astragalus_captiosus	6
Astragalus_rigidulus	18
Astragalus_eupeplus	15
Astragalus_onobrychioides	6
Astragalus_matiensis	18
Astragalus_werdermannii	6
Astragalus_atratus	15
Astragalus_cruckshanksii	16
Astragalus_laceratus	11
Astragalus_megricus	6
Astragalus_tashqurghanicus	6
Astragalus_ackerbergensis	5
Astragalus_collinus	15
Astragalus_suffruticosus	8
Astragalus_campylanthus	24
Astragalus_tweedyi	15
Astragalus_tetrapterus	6
Astragalus_frickii	23
Astragalus_chlorodontus	7
Astragalus_ulothrix	6
Astragalus_wootonii	5
Oxytropis_aucheri	24
Astragalus_chalaranthus	24
Astragalus_cuneifolius	5
Oxytropis_multiceps	18
Astragalus_iljinii	16
Astragalus_pelecinus	18
Astragalus_prattii	18
Astragalus_stevenianus	6
Astragalus_bashmensis	16
Astragalus_callithrix	6
Astragalus_asclepiadoides	5
Astragalus_longilobus	6
Astragalus_musimonum	5
Astragalus_oxypterus	7
Astragalus_floridulus	16
Astragalus_taochius	6
Oxytropis_ochroleuca	6
Astragalus_kahiricus	25
Astragalus_tataricus	6
Astragalus_paralipomenus	16
Astragalus_chlorostachys	6
Astragalus_bowes-lyonii	7
Astragalus_trimestris	24
Astragalus_concinnus	16
Astragalus_flavocreatus	6
Astragalus_gilensis	18
Astragalus_austriacus	6
Oxytropis_parryi	7
Astragalus_beckwithii	15
Astragalus_schizotropis	6
Astragalus_amherstianus	6
Astragalus_dolichophyllus	15
Astragalus_glycyphylloides	6
Astragalus_mokiacensis	18
Astragalus_kashmirensis	6
Astragalus_crenatus	24
Astragalus_suprapilosus	7
Astragalus_ervoides	18
Astragalus_ripleyi	7
Astragalus_saxorum	6
Astragalus_garbancillo	6
Astragalus_anserinifolius	24
Astragalus_titovii	6
Astragalus_dekazygus	24
Astragalus_quinquejugus	5
Astragalus_follicularis	6
Astragalus_parodii	0
Astragalus_ochrochlorus	6
Astragalus_zayuensis	18
Astragalus_brackenridgei	6
Astragalus_baitagensis	7
Astragalus_arenarius	6
Astragalus_subsecundus	8
Oxytropis_arctica	6
Astragalus_alexandrii	6
Wisteria_sinensis	0
Astragalus_chuskanus	18
Astragalus_sclerocarpus	15
Astragalus_poliotrichus	5
Astragalus_pullus	18
Astragalus_algerianus	15
Astragalus_paysonii	7
Astragalus_pseudotesticulatus	8
Astragalus_bustillosii	16
Astragalus_pushtashanicus	16
Astragalus_fragrans	7
Astragalus_sulcatus	7
Astragalus_gilmanii	15
Astragalus_scorpiurus	6
Astragalus_thomsonii	16
Astragalus_meiliensis	18
Astragalus_alamliensis	6
Astragalus_submaculatus	15
Astragalus_subuliformis	7
Astragalus_ionae	7
Astragalus_fuhsii	24
Oxytropis_williamsii	16
Astragalus_stapfii	24
Astragalus_rosae	24
Astragalus_schelichowii	8
Astragalus_remotijugus	16
Astragalus_scheremetevianus	6
Colutea_abyssinica	16
Astragalus_pauranthus	15
Astragalus_wardii	15
Oxytropis_qinghaiensis	16
Astragalus_junatovii	5
Astragalus_horridus	24
Astragalus_urmiensis	6
Astragalus_mareoticus	16
Astragalus_eastwoodiae	5
Astragalus_beathii	5
Astragalus_cusickii	15
Astragalus_sciureus	5
Astragalus_nitens	6
Astragalus_rhizocephalus	6
Astragalus_verus	24
Astragalus_aeluropus	24
Astragalus_austiniae	6
Astragalus_albertii	6
Astragalus_zionis	5
Astragalus_convallarius	15
Astragalus_archibaldii	5
Astragalus_forrestii	18
Oxytropis_maydelliana	6
Astragalus_chrysopterus	6
Astragalus_strictus	16
Astragalus_kronenburgii	15
Astragalus_palibinii	6
Astragalus_altaicola	15
Astragalus_podolobus	24
Astragalus_daenaensis	6
Astragalus_vagus	16
Astragalus_campylorhynchus	24
Astragalus_beatleyae	6
Astragalus_austroargentinus	24
Astragalus_ravenii	6
Astragalus_bourgovii	6
Astragalus_camptoceras	5
Astragalus_fialae	6
Astragalus_schimperi	24
Astragalus_altimurensis	24
Astragalus_hololeios	5
Astragalus_sungpanensis	16
Oxytropis_savellanica	6
Astragalus_harpocarpus	5
Astragalus_megalocystis	5
Astragalus_schugnanicus	24
Astragalus_bakuensis	6
Astragalus_mailiensis	16
Astragalus_leptophysus	6
Astragalus_pterocarpus	6
Astragalus_ordubadensis	6
Astragalus_sogdianus	24
Astragalus_tanaiticus	7
Astragalus_campylosema	7
Astragalus_roseus	1
Astragalus_heterodontus	6
Astragalus_robustus	16
Astragalus_pulcher	7
Astragalus_popovii	24
Astragalus_michauxii	0
Astragalus_floridus	16
Astragalus_oreganus	5
Astragalus_sterilis	15
Astragalus_nigricalycis	6
Astragalus_drabelliformis	5
Astragalus_parvicarinatus	6
Astragalus_inflexus	15
Astragalus_alatavicus	6
Astragalus_subcinereus	18
Astragalus_looseri	6
Astragalus_freitagii	24
Astragalus_drummondii	15
Astragalus_ochroleucus	16
Astragalus_trigonus	16
Astragalus_orcuttianus	24
Astragalus_diaphanus	15
Astragalus_vicarius	5
Astragalus_tricarinatus	24
Astragalus_mackewiczii	7
Astragalus_levitubus	18
Astragalus_guatemalensis	18
Astragalus_irinaea	6
Astragalus_alopecurus	6
Astragalus_brahuicus	5
Astragalus_himalayanus	6
Astragalus_clusii	5
Astragalus_hartwegii	16
Astragalus_longipetalus	15
Astragalus_harbisonii	24
Astragalus_rhodosemius	5
Astracantha_bethlehemitica	16
Astragalus_microcystis	6
Astragalus_fangensis	11
Astragalus_sangonensis	24
Astragalus_moencoppensis	5
Astragalus_arguricus	6
Astragalus_ajfreidii	24
Astragalus_ruscifolius	24
Astragalus_masenderanus	6
Astragalus_hintonii	18
Oxytropis_campanulata	20
Astragalus_oxyglottis	6
Astragalus_aqrabatensis	24
Astragalus_aloisii	6
Astragalus_sepultipes	18
Oxytropis_lagopus	7
Astragalus_griffithii	5
Astragalus_angustatus	24
Astragalus_pseudonobilis	6
Astragalus_recognitus	13
Astragalus_chionanthus	7
Astragalus_murinus	6
Astragalus_sachanewii	6
Astragalus_franziskae	5
Astragalus_saxifractor	6
Astragalus_harpilobus	24
Astragalus_darumbium	3
Astragalus_stocksii	24
Astragalus_chubutensis	6
Astragalus_sikokianus	6
Astragalus_macrobotrys	6
Astragalus_crassicarpus	18
Astragalus_microdontus	24
Astragalus_riouxii	5
Astragalus_graecus	29
Astragalus_mossulensis	24
Astragalus_camelorum	25
Lessertia_capitata	6
Astragalus_geminiflorus	3
Astragalus_austinae	6
Astragalus_multijugus	24
Astragalus_algarbiensis	29
Astragalus_acaulis	18
Astragalus_brevifolius	15
Astragalus_macropelmatus	24
Astragalus_aucheri	6
Astragalus_muelleri	6
Astragalus_tschujensis	8
Astragalus_sinaicus	18
Astragalus_sphaeranthus	6
Astragalus_argentinus	20
Astragalus_falcigerus	6
Astragalus_turbinatus	6
Astragalus_fragiferus	24
Astragalus_tabrisianus	25
Astragalus_bolanderi	6
Astragalus_asper	7
Astragalus_monadelphus	18
Astragalus_chiukiangensis	6
Astragalus_cibarius	15
Astragalus_buchtormensis	7
Astragalus_macrotrichus	6
Astragalus_umbellatus	6
Astragalus_canoflavus	15
Astragalus_sempervirens	6
Astragalus_spruneri	18
Astragalus_rubrolineatus	16
Astragalus_pomonensis	18
Astragalus_baissunensis	5
Oxytropis_ochrantha	16
Astragalus_complicatus	6
Astragalus_anxius	15
Astragalus_anni-novi	24
Astragalus_pueblae	20
Astragalus_polaris	6
Astragalus_shiroumensis	23
Astragalus_citrinus	5
Astragalus_neocarpus	24
Astragalus_tanguticus	5
Astragalus_cancellatus	6
Astragalus_ajubensis	24
Astragalus_duchesnensis	5
Astragalus_eremophilus	16
Astragalus_epiglottis	18
Astragalus_jejunus	5
Astragalus_kavirensis	24
Astragalus_fenzelianus	16
Astragalus_stella	6
Astragalus_fabaceus	6
Astragalus_maxwellii	7
Astragalus_parwanicus	5
Oxytropis_macrocarpa	7
Astragalus_tortipes	13
Astragalus_pringlei	5
Astragalus_pellitus	24
Astragalus_depressus	6
Astragalus_kaghysmani	6
Astragalus_griseus	5
Astragalus_americanus	6
Astragalus_sinaloae	18
Astragalus_alopecias	6
Astragalus_bergii	6
Astragalus_smithianus	6
Astragalus_secundus	23
Oxytropis_falcata	16
Astragalus_calycinus	6
Astragalus_platytropis	7
Astragalus_connectens	5
Astragalus_detritalis	5
Astragalus_infestus	5
Astragalus_phoenix	5
Astragalus_melilotoides	6
Astragalus_mendocinus	24
Astragalus_nummularius	6
Astragalus_sahendi	6
Astragalus_bryantii	18
Astragalus_sanctorum	24
Astragalus_lilacinus	8
Astragalus_zagrosicus	6
Astragalus_laccoliticus	18
Oxytropis_microphylla	16
Astragalus_rusbyi	18
Astragalus_havianus	6
Astragalus_jaegerianus	18
Astragalus_maroccanus	24
Astragalus_agnicidus	18
Astragalus_sabulonum	5
Oxytropis_pauciflora	16
Astragalus_incertus	6
Astragalus_wingatanus	5
Astragalus_robbinsii	6
Astragalus_dodtii	16
Astragalus_discolor	6
Astragalus_habamontis	6
Astragalus_mongholicus	6
Astragalus_pseudocyclophyllus	5
Astragalus_desereticus	15
Astragalus_dependens	6
Astragalus_castaneiformis	18
Astragalus_rytidocarpus	6
Oxytropis_mertensiana	6
Astragalus_saganlugensis	7
Astragalus_fridae	5
Astragalus_caeruleopetalinus	18
Tragacantha_densifolia	6
Oxytropis_kansuensis	16
Astragalus_parryi	18
Oxytropis_adamsiana	6
Astragalus_iodanthus	15
Astragalus_argutensis	8
Astragalus_freynii	23
Astragalus_hemiphaca	15
Astragalus_subarcuatus	7
Astragalus_gebleri	5
Astragalus_mohavensis	5
Astragalus_subverticillatus	24
Astragalus_ackermanii	24
Astragalus_dignus	8
Astragalus_heptapotamicus	7
Astragalus_alpamarcae	3
Astragalus_laspurensis	6
Astragalus_sericophyllus	18
Astragalus_satoi	6
Astragalus_camptopus	6
Astragalus_przewalskii	16
Astragalus_pseudoindurascens	24
Astragalus_carinatus	18
Astragalus_manucehrii	18
Astragalus_latifolius	8
Astragalus_dzebrailicus	6
Astragalus_reuterianus	24
Astracantha_pterocephala	7
Astragalus_woodruffii	24
Astragalus_icmadophilus	6
Astragalus_maireanus	16
Astragalus_calamistratus	24
Astracantha_oleifolia	24
Astragalus_circumdatus	24
Astragalus_waterfallii	5
Astragalus_tamiricus	15
Astragalus_fastidius	24
Astragalus_xanthoxiphidiopsis	5
Astragalus_cochabambensis	0
Astragalus_ammotrophus	6
Astragalus_tolmaczevii	6
Astragalus_pseudomultijugus	24
Astragalus_rosellus	16
Astragalus_cysticalyx	15
Astragalus_sophoroides	5
Astragalus_emoryanus	5
Astragalus_hamiltonii	5
Astragalus_subvestitus	15
Astragalus_elymaiticus	5
Astragalus_mulfordiae	15
Oxytropis_besseyi	15
Astragalus_bibullatus	18
Astragalus_demetrii	7
Astragalus_akkensis	16
Astragalus_veresczaginii	7
Astragalus_varus	6
Oxytropis_campestris	6
Astragalus_schahrudensis	5
Astragalus_melanocalyx	18
Astragalus_pauperculus	18
Astragalus_perianus	7
Astragalus_adulterinus	5
Astragalus_asterias	29
Astragalus_hauarensis	25
Astragalus_chomutowii	8
Oxytropis_nigrescens	6
Astragalus_eugenii	6
Astracantha_caucasica	6
Astragalus_jodostachys	23
Astragalus_colhuensis	24
Astragalus_vereskensis	6
Astragalus_cyri	18
Astragalus_pseudobrachystachys	24
Astragalus_bakaliensis	24
Astragalus_longissimus	24
Astragalus_jesdianus	24
Onobrychis_conferta	6
Astragalus_jagnobicus	6
Astragalus_nuttallii	15
Astragalus_shagalensis	6
Astragalus_persicus	16
Astragalus_ferganensis	6
Astragalus_stipitatus	24
Astragalus_lorinserianus	6
Astragalus_terracianoi	6
Astragalus_reticulatus	15
Astragalus_luxurians	8
Astragalus_allochrous	18
Astragalus_utahensis	15
Astragalus_kirpicznikovii	7
Astragalus_triradiatus	5
Astragalus_shultziorum	6
Astragalus_kialensis	18
Astragalus_kaufmannii	6
Astragalus_johannis-howellii	15
Astragalus_sanandajianus	5
Astragalus_piscinus	16
Oxytropis_deflexa	6
