Group A: Perennial herbs or shrublets with a woody base, stemless or with well developed stem. Stipules usually foliaceous. Corolla bright showy yellow; keel broad (limb of keels c. 3–10 mm wide), wing-petals equaling or minutely shorter, very rarely longer than keels, if keels less than 3 mm wide then wing longer than keels. Standard orbicular or elliptic. Calyx gibbose at the base, at the teeth mouth open. Plants covered with basifixed hairs or rarely covered with medifixed hairs (section <em>Caraganella</em>).
01. sect. Chlorostachys Bunge.
Astragalus atropilosulus
Astragalus atropilosulus subsp. abyssinicus
Astragalus atropilosulus subsp. atropilosulus
Astragalus atropilosulus subsp. burkeanus
Astragalus chlorostachys
Astragalus tumbatsicus
Astragalus uttaranchalensis
02. sect. Cenantrum Bunge.
Astragalus aksuensis 
Astragalus arnoldianus
Astragalus bahrakianus
Astragalus changduensis
Astragalus chilienshanensis
Astragalus degensis
Astragalus dictamnoides
Astragalus ernestii
Astragalus floridulus
Astragalus frigidus
Astragalus frigidus subsp. frigidus
Astragalus frigidus subsp. secundus
Astragalus frigidus subsp. parviflorus
Astragalus henryi
Astragalus ishigensis
Astragalus kawakamii
Astragalus lepsensis
Astragalus lessertioides
Astragalus longilobus
Astragalus luteolus
Astragalus minhensis
Astragalus moellendorfii
Astragalus monadelphus
Astragalus mongholicus
Astragalus muliensis
Astragalus nakaianus
Astragalus neomonadelphus
Astragalus penduliflorus
Astragalus petrovii
Astragalus przewalskii
Astragalus pseudochlorostachys
Astragalus purpurinus
Astragalus saralensis
Astragalus sericeocanus
Astragalus setsureianus
Astragalus sichuanensis
Astragalus tecti-mundi
Astragalus tecti-mundi subsp. orientalis
Astragalus tecti-mundi subsp. tecti-mundi
Astragalus tokachiensis
Astragalus tongolensis
Astragalus ulziykhutagii
Astragalus umbellatus
Astragalus xitaibaicus
Astragalus yidunensis
03. sect. Caraganella Bunge.
Astragalus koschukensis
Astragalus memoriosus
Astragalus reshadianus
Astragalus stocksii
04. sect. Nuculiella Gontsch.
Astragalus chinensis
05. sect. Coluteocarpus Boiss.
Astragalus coluteocarpus
Astragalus coluteocarpus subsp. coluteocarpus
Astragalus coluteocarpus subsp. chitralensis
Astragalus coluteocarpus subsp. heratensis 
Astragalus dshimensis
Astragalus hoantchy
Astragalus otiporensis
Astragalus oxypterus
Astragalus paktiensis
06. sect. Pelta Podlech & I.Deml.
Astragalus edmondsonii
Astragalus olgae
Astragalus peltatus
Astragalus peltopsis
Astragalus perplexans
Astragalus wilhelminae
07. sect. Pendulina Gontsch.
Astragalus acormosus
Astragalus adylovii
Astragalus albertoregelia
Astragalus andersianus
Astragalus austro
Astragalus baftensis
Astragalus bogensis
Astragalus dieterlei
Astragalus gardanikaphtharicus
Astragalus merxmuelleri
Astragalus mirabilis
Astragalus nuratensis
Astragalus pauper
Astragalus pauperiformis
Astragalus secundiflorus
Astragalus vegetior
Astragalus viridiflorus
08. sect. Caprini DC.
Astragalus aaronii
Astragalus abbreviatus
Astragalus absentivus 
Astragalus adulterinus
Astragalus aegobromus
Astragalus aegobromus subsp. grandifrons
Astragalus aharicus
Astragalus akhanii
Astragalus aksaricus
Astragalus aktauensis
Astragalus aktauensis subsp. chodshamastonicus
Astragalus albertshoferi
Astragalus alexeenkoi
Astragalus alexeji
Astragalus aliomranii
Astragalus allectus
Astragalus altaicola
Astragalus altanii
Astragalus amygdalinus
Astragalus andaulgensis
Astragalus angustiflorus
Astragalus angustiflorus subsp. angustiflorus
Astragalus angustiflorus subsp. anatolicus
Astragalus anisomerus
Astragalus antalyensis
Astragalus aphanassjievii
Astragalus apiculatus
Astragalus apricus
Astragalus aqrabatensis
Astragalus archibaldii
Astragalus arianus
Astragalus aspreticola
Astragalus assadii
Astragalus atrovinosus
Astragalus auganus
Astragalus austrodarvasicus
Astragalus austrodshungaricus
Astragalus avicennicus
Astragalus bachardenii
Astragalus bakuensis
Astragalus balchanensis
Astragalus balchaschensis
Astragalus basilii
Astragalus basilicus
Astragalus belcheraghensis
Astragalus bilobatoalatus
Astragalus boreoafricanus
Astragalus bozakmanii
Astragalus brachystachys
Astragalus brotherusii
Astragalus buchtormensis
Astragalus buchtormensis var. fucescens
Astragalus callainus
Astragalus candolleanus
Astragalus cartilagineus
Astragalus cartilagineus subsp. cartilaginous
Astragalus cartilagineus subsp. honigbergeri
Astragalus chamanbidensis
Astragalus caprinus
Astragalus caprinus subsp. caprinus
Astragalus caprinus subsp. huetii
Astragalus cavanillesii
Astragalus charguschanus
Astragalus chlorodontus
Astragalus chrysanthus
Astragalus cisoxanus
Astragalus concinnus
Astragalus connectens
Astragalus controversus
Astragalus costatus
Astragalus czilduchtaroni
Astragalus damardanicus
Astragalus dasyanthus
Astragalus degilmonus
Astragalus delicatulus
Astragalus denticulatus
Astragalus drasianus
Astragalus edelbergianus
Astragalus ekbergii
Astragalus elwendicus
Astragalus eriobasis
Astragalus erythrosemius
Astragalus esferayenicus
Astragalus eupeplus
Astragalus eusarathron
Astragalus evanensis
Astragalus exasperatus
Astragalus exscapus
Astragalus exscapus subsp. exscapus
Astragalus exscapus subsp. pubiflorus
Astragalus exscapus subsp. transsilvanicus
Astragalus fabaceus
Astragalus farctissimus
Astragalus farctus
Astragalus farkharensis
Astragalus firuzkuhensis
Astragalus flemingii
Astragalus flexus
Astragalus fortuitus
Astragalus fukangensis
Astragalus gagnieui
Astragalus gandomanicus
Astragalus gaubae
Astragalus gaudanensis
Astragalus ghorbandicus
Astragalus gifanicus
Astragalus gilgitensis
Astragalus glabrescens
Astragalus gompholobium
Astragalus grey-wilsonianus
Astragalus gypsaceus
Astragalus gypsicola
Astragalus hamzae
Astragalus hermannii
Astragalus ibicinus
Astragalus ictericus
Astragalus imbecillus
Astragalus impexus
Astragalus inanae
Astragalus indistinctus
Astragalus indurescens
Astragalus inflaticarpus
Astragalus inquilinus
Astragalus iranshahrii
Astragalus ischredensis
Astragalus ishkamishensis
Astragalus issykkulensis
Astragalus jarmolenkoi
Astragalus johannis
Astragalus juniperetorum
Astragalus kamelinii
Astragalus kashafensis
Astragalus kashmarensis
Astragalus kaswinensis
Astragalus kermanschahensis
Astragalus khosrowabadensis
Astragalus khwaja-muhammadensis
Astragalus kirchhoffiae
Astragalus kirghisorum
Astragalus kirpicznikovii
Astragalus kjurendaghi
Astragalus kopetdaghi
Astragalus kopetdaghi var. kopetdaghi
Astragalus kopetdaghi var. orientikopetdaghensis
Astragalus korotkovae
Astragalus koulehensis
Astragalus kukkonenii
Astragalus kunarensis
Astragalus kuschkensis
Astragalus kusnetzovii
Astragalus laetus
Astragalus lagobromus
Astragalus lambinonii
Astragalus lanceolatus
Astragalus lasiopetalus
Astragalus lentilobus
Astragalus leonardii
Astragalus lepidus
Astragalus leporinus
Astragalus linczevskii
Astragalus lipskyi
Astragalus litwinowianus
Astragalus longipetalus
Astragalus luculentus
Astragalus maassoumii
Astragalus macronyx
Astragalus macropelmatus
Astragalus malacophyllus
Astragalus malatyaensis
Astragalus malaviensis
Astragalus managettae
Astragalus mardinensis
Astragalus margonensis
Astragalus maurus
Astragalus merkensis
Astragalus miralamensis
Astragalus modestus
Astragalus monanthemus
Astragalus mozaffarianii
Astragalus multijugus
Astragalus neochorgosicus
Astragalus neomobayenii
Astragalus neopodlechii
Astragalus nephtonensis
Astragalus neplii
Astragalus nicharensis
Astragalus nicolai
Astragalus nummularius
Astragalus nummularius subsp. nummularius
Astragalus nummularius subsp. trichopterus
Astragalus nurabadensis
Astragalus orbiculatus
Astragalus ovinus
Astragalus pakicus
Astragalus parvulus
Astragalus pascuicola
Astragalus patentipilosus
Astragalus pellitus
Astragalus penicillatus
Astragalus perdurans
Astragalus pindreensis
Astragalus pinetorum
Astragalus pinetorum subsp. pinetorum
Astragalus pinetorum subsp. alamutensis
Astragalus pinetorum subsp. declinatus
Astragalus pinetorum subsp. multifoliolatus
Astragalus piranshahricus
Astragalus platyfoliolatus
Astragalus polybotrys
Astragalus przevalskianus
Astragalus pseudoamygdalinus
Astragalus pseudobrachystachys
Astragalus pseudobuchtormensis
Astragalus pseudoeremophysa
Astragalus pseudogompholobium
Astragalus pseudoibicinus
Astragalus pseudoibicinus subsp. kowlikoshensis
Astragalus pseudoibicinus subsp. pseudoibicinus.
Astragalus pseudoindurascens
Astragalus pseudojohannis
Astragalus pseudokurrumensis
Astragalus pseudomultijugus
Astragalus pseudopellitus
Astragalus pseudopinetorum
Astragalus pseudotitovii
Astragalus pseudotomentellus
Astragalus pseudoutriger
Astragalus pseudozagrosicus
Astragalus psilosepalus
Astragalus pulposus
Astragalus purpurascens
Astragalus pyrrhotrichus
Astragalus ramitensis
Astragalus rawianus
Astragalus remotijugus
Astragalus renzianus
Astragalus reticulato-venosus
Astragalus rhabdophorus
Astragalus rhizanthus
Astragalus rhizocephalus
Astragalus rhizocephalus subsp. hindukushensis
Astragalus rhizocephalus subsp. rhizocephalus
Astragalus rotundus
Astragalus rubellus
Astragalus rubrifolius
Astragalus rubrocalycinus
Astragalus rubromarginatus
Astragalus rubromarginatus subsp. oeroilanicus
Astragalus rubromarginatus subsp. rubromarginatus
Astragalus rubtzovii
Astragalus rufescens
Astragalus salangensis
Astragalus sanczirii
Astragalus sangcharakensis
Astragalus saremii
Astragalus sarytavicus
Astragalus savellanicus
Astragalus schanginianus
Astragalus schemachensis
Astragalus schmidii
Astragalus schutensis
Astragalus semilunatus
Astragalus sericeopuberulus
Astragalus sewertzowii
Astragalus shahsavarii
Astragalus shatuensis
Astragalus sisyrodites
Astragalus sojakii
Astragalus spitzenbergeri
Astragalus subinduratus
Astragalus subpenicillatus
Astragalus subrosulariformis
Astragalus subrosularis
Astragalus subspinescens
Astragalus substipitatus
Astragalus subverticillatus
Astragalus syreitschikovii
Astragalus takharensis
Astragalus talassicus
Astragalus taldicensis
Astragalus tanaiticus
Astragalus terekliensis
Astragalus titovii
Astragalus tomentellus
Astragalus touranicus
Astragalus trachycarpus
Astragalus tremolsianus
Astragalus trichostigma
Astragalus tschimganicus
Astragalus tupalangi
Astragalus urbanus
Astragalus urmiensis
Astragalus utriger
Astragalus varakensis
Astragalus varzobicus
Astragalus vereskensis
Astragalus vexans
Astragalus virens
Astragalus volkii
Astragalus vulcanicus
Astragalus webbianus
Astragalus wolgensis
Astragalus zagrosicus
Astragalus zangooianus
Astragalus zarokoensis
Astragalus zaprjagaevii
Astragalus ziaratensis
09. sect. Hololeios Sirj. & Rech.f.
Astragalus hololeios
10. sect. Erionotus Bunge.
Astragalus adpressepilosus
Astragalus babatagii
Astragalus babatagii subsp. indurescens
Astragalus bischkendicus
Astragalus calamistratus
Astragalus catabostrychos
Astragalus chingoanus
Astragalus chodshamastonicus
Astragalus citrinus
Astragalus citrinus subsp. citrinus
Astragalus citrinus subsp. barrowianus
Astragalus citrinus subsp. khorasanicus
Astragalus curvipes
Astragalus densus
Astragalus echanensis
Astragalus erionotus
Astragalus erubescens
Astragalus floccosifolius
Astragalus ikonnikovii
Astragalus kelikanensis
Astragalus korolkovii
Astragalus lalandei
Astragalus lanuginosus
Astragalus mironovii
Astragalus mucidus
Astragalus ochranthus
Astragalus omissus
Astragalus papillosus
Astragalus pseudobabatagii
Astragalus unilocularis
11. sect. Astragalus.
Astragalus acanthochristianopsis
Astragalus akkensis
Astragalus albovillosus
Astragalus aleppicus
Astragalus aleppicus subsp. aleppicus
Astragalus aleppicus subsp. megaloceras
Astragalus anthosphaerus
Astragalus baissunensis
Astragalus basineri
Astragalus bezudensis
Astragalus borraginaceus
Astragalus caraganae
Astragalus caryolobus
Astragalus christianus
Astragalus christianus subsp. christianus
Astragalus christianus subsp. sintenisii
Astragalus cilicius
Astragalus columnaris
Astragalus diyarbakirensis
Astragalus drupaceus
Astragalus eigii
Astragalus elatior
Astragalus faurei
Astragalus gilvus
Astragalus graecus
Astragalus harpocarpus
Astragalus hedgei
Astragalus huber-morathii
Astragalus ilachchiensis
Astragalus lacei
Astragalus macrocarpus
Astragalus macrocarpus subsp. macrocarpus
Astragalus macrocarpus subsp. lefkarensis
Astragalus maurorum
Astragalus melanophrurius
Astragalus nervulosus
Astragalus neurocarpus
Astragalus nigrocalycinus
Astragalus nuciferus
Astragalus orthocarpoides
Astragalus orthocarpus
Astragalus pisidicus
Astragalus pseudo-orthocarpus
Astragalus rahiminejadii
Astragalus retamocarpus
Astragalus rosae
Astragalus sabzakensis
Astragalus salehabadensis
Astragalus schizotropis
Astragalus siahderrensis
Astragalus silifkeense
Astragalus sulfuratus
Astragalus tephrosioides
Astragalus torbathaydariyehensis
Astragalus turkestanus
Astragalus zarreianus
12. sect. Christianophysa Podlech & Kirchhoff.
Astragalus victoriae
13. sect. Lithoon (Nevski) Gontsch.
Astragalus sieversianus
14. sect. Chronopus Bunge.
Astragalus bazmanicus
Astragalus dactylocarpus
Astragalus dactylocarpus subsp. dactylocarpus
Astragalus dactylocarpus subsp. acinaciferus
Astragalus ensifer
Astragalus fruticosus
Astragalus gombo
Astragalus gomboeformis
Astragalus jesdianus
Astragalus khaneradarensis
Astragalus sieberi
Astragalus sparsus
Astragalus trigonus
Astragalus vanillae
15. sect. Eremophysa Bunge.
Astragalus chiwensis
Astragalus citoinflatus
Astragalus jarmalii
Astragalus kahiricus
Astragalus kelifii
Astragalus lehmannianus
Astragalus leiophysa
Astragalus litwinowii
Astragalus maximowiczii
Astragalus rassulovae
Astragalus sphaerophysa
Astragalus tatjanae
Astragalus winkleri
16. sect. Alopecuroidei DC.
Astragalus alopecias
Astragalus alopecuroides
Astragalus alopecuroides subsp. alopecuroides
Astragalus alopecuroides subsp. grosii
Astragalus alopecurus
Astragalus arasbaranensis
Astragalus aytatchii
Astragalus bahcesarayensis
Astragalus burqinensis
Astragalus crinitus
Astragalus dasysemius
Astragalus dictyolobus
Astragalus dipsaceus
Astragalus ebrahimabadensis
Astragalus echinops
Astragalus ehrenbergii
Astragalus ekicii
Astragalus elatus
Astragalus eximius
Astragalus foliosus
Astragalus genuflexus
Astragalus globiceps
Astragalus gymnalopecias
Astragalus hamadanus
Astragalus hymenocalyx
Astragalus jessenii
Astragalus kirrindicus
Astragalus kulabensis
Astragalus kushmasarensis
Astragalus latianicus
Astragalus maabudii
Astragalus macrocephalus
Astragalus macrocephalus subsp. macrocephalus
Astragalus macrocephalus subsp. cucullaris
Astragalus macrocephalus subsp. finitimus
Astragalus megalotropis
Astragalus mogoltavicus
Astragalus neoassadianus
Astragalus neomaassoumianus
Astragalus obtusifolius
Astragalus oocephalus
Astragalus ovabaghensis
Astragalus panduratus
Astragalus phlomoides
Astragalus ponticus
Astragalus pseudovulpinus
Astragalus saetiger
Astragalus sarzehensis
Astragalus schahrudensis
Astragalus sericostachys
Astragalus speciosus
Astragalus stepporum
Astragalus turbinatus
Astragalus tawilicus
Astragalus uhlwormianus
Astragalus vulpinus
17. sect. Alopecioides Gontsch.
Astragalus terrae-rubrae
18. sect. Laxiflori C.Agerer-Kirchhoff.
Astragalus azraqensis
Astragalus baijiensis
Astragalus bracteosus
Astragalus chlorostegius
Astragalus decurrens
Astragalus erythrotaenius
Astragalus gigantostegius
Astragalus petropolitanus
19. sect. Eremophysopsis Gontsch.
Astragalus sericopetalus
20. sect. Pseudosesbanella Podlech.
Astragalus falconeri
Astragalus falconeri var. falconeri
Astragalus falconeri var. pilosus
Astragalus hoffmeisteri
Astragalus notabilis
21. sect. Mesocarpon Gontsch.
Astragalus nigritus
Astragalus pseudoquisqualis
Astragalus quisqualis
22. sect. Skythropos N.D.Simpson.
Astragalus datunensis
Astragalus griersonii
Astragalus kongrensis
Astragalus licentianus
Astragalus nanfengensis
Astragalus skythropos
Astragalus yunnanensis
Astragalus yunnanensis subsp. yunnanensis
Astragalus yunnanensis subsp. incanus
Astragalus yunnanensis var. glabricalyx
23. sect. Galegiformes DC.
Astragalus basiflorus
Astragalus brachytrichus
Astragalus calcicola
Astragalus chengkangensis
Astragalus concretus
Astragalus dumetorum
Astragalus forrestii
Astragalus galegiformis
Astragalus graveolens
Astragalus gymnopodus
Astragalus hancockii
Astragalus isabellae
Astragalus japonicus
Astragalus khasianus
Astragalus kialensis
Astragalus kuramensis
Astragalus lamalaensis
Astragalus lobbichleri
Astragalus lucidus
Astragalus matiensis
Astragalus maxwellii
Astragalus minshanensis
Astragalus moupinensis
Astragalus nainitalensis
Astragalus paroensis
Astragalus poluninii
Astragalus pseudohofmeisteri
Astragalus rhododendrophila
Astragalus stewartii
Astragalus stipulatus
Astragalus trichocarpus
Astragalus vicia
Astragalus xiqingshanicus
Astragalus yamamotoi
Astragalus zadaensis
24. sect. Macropodium Freyn.
Astragalus macropodium
25. sect. Gontscharoviella Kamelin.
Astragalus alaicus
Astragalus alatavicus
Astragalus bamianicus
Astragalus devestitus
Astragalus dignus
Astragalus galiifolius
Astragalus hedgeanus
Astragalus kaschkadarjensis
Astragalus neubauerianus
Astragalus nevskii
Astragalus pamirensis
Astragalus patentivillosus
Astragalus rassoulii
Astragalus toppinianus
26. sect. Aegacantha Bunge.
Astragalus ajfreidii
Astragalus ajfreidii subsp. ajfreidii
Astragalus ajfreidii subsp. brevivexillatus
Astragalus aloisii
Astragalus altimurensis
Astragalus antheliophorus
Astragalus antoninae
Astragalus atraphaxifolius
Astragalus baghlanensis
Astragalus bobrovii
Astragalus bornmuelleranus
Astragalus caroli-henrici
Astragalus confertissimus
Astragalus discernendus
Astragalus discernendus subsp. discernendus
Astragalus discernendus subsp. polyneurus
Astragalus dsharfii
Astragalus endytanthus
Astragalus franziskae
Astragalus freitagii
Astragalus grahamianus
Astragalus gregarius
Astragalus hadroacanthus
Astragalus hostilis
Astragalus infestus
Astragalus interiectus
Astragalus koikitaensis
Astragalus lamondiae
Astragalus langtangensis
Astragalus lasiosemius
Astragalus leiosemius
Astragalus leiosemius subsp. leiosemius
Astragalus leiosemius subsp. orientalis
Astragalus leptus
Astragalus leptus subsp. ghazniensis
Astragalus leptus subsp. leptus
Astragalus leptus subsp. longipedunculatus
Astragalus melanochiton
Astragalus molestus
Astragalus montis-parrowii
Astragalus multiceps
Astragalus nepalensis
Astragalus nigrivestitus
Astragalus nigrocalyx
Astragalus oihorensis
Astragalus oplites
Astragalus parkeri
Astragalus parwanicus
Astragalus pecten-erinis
Astragalus pecten-hystricis
Astragalus phalacrophyton
Astragalus podlechii
Astragalus polyacanthus
Astragalus pseudoangustifolius
Astragalus psilacanthus
Astragalus psilacanthus subsp. psilacanthus
Astragalus psilacanthus subsp. pseudopsilocentros
Astragalus psilocentros
Astragalus raphiodontus
Astragalus roschanicus
Astragalus rubescens
Astragalus sharestanicus
Astragalus stenopterus
Astragalus strigosostipulatus
Astragalus terrestris
Astragalus vallis-astoris
Astragalus wendelboi
Astragalus zanskarensis
27. sect. Scheremeteviana O. & B.Fedtsch.
Astragalus cystocarpus
Astragalus darwasicus
Astragalus longistipitatus
Astragalus mundulus
Astragalus ovczinnikovii
Astragalus scheremetevianus
28. sect. Bungeastrum Gontsch.
Astragalus insignis
Astragalus taschkutanus
29. sect. Chrysopterus Y.C.Ho.
Astragalus brevialatus
Astragalus chrysopterus
30. sect. Leptophysa Vved.
Astragalus leptophysus
31. sect. Lithophilus Bunge.
Astragalus dalaiensis
Astragalus kashmirensis
Astragalus lithophilus
Astragalus munroi
32. sect. Rhabdotus Boiss.
Astragalus venulosus
Astragalus venulosus subsp. venulosus
Astragalus venulosus subsp. irqensis
33. sect. Hookeriana Podlech.
Astragalus acaulis
34. sect. Pogonotropis Bunge.
Astragalus physocalyx

Group B: Annuals or perennials, herbaceous, caulescent, with developed stem, rarely caespitose. Plant covered only with basifixed hairs. Calyx closed at the teeth mouth. Corrola yellow or purplish. Keels narrow, usually shorter than the wing-petals. Standard elliptic or oblong, rarely orbicular. Vegetative parts covered with basifixed hairs.
35. sect. Annulares DC.
Astragalus annularis
Astragalus drepanocarpus
36. sect. Oroboidei A. Gray.
Astragalus aflatunensisa
Astragalus alaschanus
Astragalus alpinus
Astragalus alpinus subsp. alpinus
Astragalus alpinus subsp. arcticus 
Astragalus austrosachalinensis
Astragalus brachytropis
Astragalus caeruleopetalinus
Astragalus chateri
Astragalus clarkeanus
Astragalus crassifolius
Astragalus dabanshanicus
Astragalus daqingshanicus
Astragalus dengolanensis
Astragalus dutreuilii
Astragalus facetus
Astragalus gongshanensis
Astragalus hemiphaca
Astragalus kokandensis
Astragalus kongurensis
Astragalus kurgankolensis
Astragalus laceratus
Astragalus latiunguiculatus
Astragalus lhorongensis
Astragalus luxurians
Astragalus macropterus
Astragalus nangxianensis
Astragalus neo-assaabadensis
Astragalus nigrodentatus
Astragalus norvegicus
Astragalus ochotensis
Astragalus ohbaensis
Astragalus olchonensis
Astragalus pavlovii
Astragalus peterae
Astragalus politovii
Astragalus puberulus
Astragalus regestus
Astragalus sachalinensis
Astragalus schmakovii
Astragalus sedaensis
Astragalus sherriffii
Astragalus shiroumaensis
Astragalus strizhovae
Astragalus taipaishanensis
Astragalus vallicoides
Astragalus vallicola
Astragalus versicolor
37. sect. Theiochrus Bunge.
Astragalus botryophorus
Astragalus siliquosus
Astragalus siliquosus subsp. siliquosus
Astragalus siliquosus subsp. stramineus
Astragalus simonii
Astragalus yilmazii
38(146). sect. Harpilobus Bunge.
Astragalus arpilobus
Astragalus arpilobus subsp. arpilobus
Astragalus arpilobus subsp. drobovii
Astragalus arpilobus subsp. hauarensis
Astragalus campylorhynchus
Astragalus crenatus
Astragalus eremophilus
Astragalus eremophilus subsp. eremophilus
Astragalus eremophilus subsp. makranicus
Astragalus juvenalis
Astragalus laricus
Astragalus longidentatus
Astragalus mareoticus
Astragalus reesei
Astragalus reticulatus
39. sect. Aulacolobus Bunge.
Astragalus guttatus
40. sect. Thlaspidium Lipsky.
Astragalus thlaspi
41. sect. Oxyglottis Bunge.
Astragalus biserrula
Astragalus compositus
Astragalus crispocarpus
Astragalus oxyglottis
Astragalus schmalhausenii
Astragalus vicarius
42. sect. Hemiphragmium (W.D.J.Koch) Bunge.
Astragalus australis
Astragalus beketovii
Astragalus changaicus
Astragalus chorinensis
Astragalus chubsugulicus
Astragalus gorczakovskii
Astragalus gorodkovii
Astragalus kaufmannii
Astragalus kenteicus
Astragalus klementzii
Astragalus kolymensis
Astragalus pseudoaustralis
Astragalus sarchanensis
Astragalus sobolevskiae
Astragalus tolmaczevii
Astragalus trigonocarpus
Astragalus tschujensis
Astragalus tugarinovii
Astragalus tumninensis
Astragalus vaginatus
43(115). sect. Sesamei DC.
Astragalus asterias
Astragalus biovulatus
Astragalus camariensis
Astragalus cornu-bovis
Astragalus coronilla
Astragalus coronilla subsp. coronilla
Astragalus coronilla subsp. semnanicus
Astragalus filicaulis
Astragalus geniculatus
Astragalus gryphus
Astragalus kerkukiensis
Astragalus longicaulis
Astragalus persepolitanus
Astragalus pseudosinaicus
Astragalus raphaelis
Astragalus remanens
Astragalus saharae
Astragalus schimperi
Astragalus scorpioides
Astragalus sesameus
Astragalus sesamoides
Astragalus sinaicus
Astragalus stella
Astragalus tadmorensis
Astragalus transjoricus
Astragalus tribuloides
Astragalus triradiatus
Astragalus uninodus
44. sect. Brachylobium Boiss.
Astragalus aestivorum
Astragalus azizii
Astragalus bashmensis
Astragalus confertiformis
Astragalus daenensis
Astragalus dasycarpus
Astragalus minutulus
Astragalus penetratus
Astragalus yazdii
Astragalus zerdanus
45. sect. Brachycarpus Boriss.
Astragalus athranthus
Astragalus barclayanus
Astragalus bashgalensis
Astragalus bowes-lyonii
Astragalus brachysemia
Astragalus densiflorus
Astragalus despectus
Astragalus fetissowii
Astragalus handelii
Astragalus heterodontus
Astragalus imetensis
Astragalus jagnobicus
Astragalus karakorensis
Astragalus kunlunensis
Astragalus longiracemosus
Astragalus luteiflorus
Astragalus mahoschanicus
Astragalus malcolmii
Astragalus melanostachys
Astragalus mieheorum
Astragalus miseriflorus
Astragalus nanshanicus
Astragalus pishanxianensis
Astragalus porphyrocalyx
Astragalus pseudojagnobicus
Astragalus pseudomahoschanicus
Astragalus pseudoversicolor
Astragalus rytidocarpus
Astragalus sagastaigolensis
Astragalus schugnanicus
Astragalus subscaposus
Astragalus thomsonii
Astragalus tulinovii
Astragalus valerii
Astragalus villosulus
46. sect. Dasyphyllium Bunge.
Astragalus calophyllus
Astragalus cedreti
Astragalus chrysochlorus
Astragalus cretaceus
Astragalus densifolius
Astragalus densifolius subsp. densifolius
Astragalus densifolius subsp. amasiensis
Astragalus densifolius subsp. ayashensis
Astragalus distinctissimus
Astragalus emarginatus
Astragalus eriophylloides
Astragalus haussknechtii
Astragalus lanatus
Astragalus listoniae
Astragalus oxytropifolius
47. sect. Melilotopsis Gontsch.
Astragalus aurantiacus
Astragalus capillipes
Astragalus dependens
Astragalus guinanicus
<li><a href="http://astragalusofworld.com/astragalus-guinanicus-y-h-wu-f-albiflorus/">Astragalus guinanicu f. albiflorus
Astragalus huiningensis
Astragalus melilotoides
Astragalus satoi
Astragalus tenuis
48. sect. Mikrophyton Podlech.
Astragalus mikrophytoides
Astragalus mikrophyton
Astragalus tatlii
49. sect. Stipitella Podlech.
Astragalus cuneifolius
Astragalus eustrophacanthus
Astragalus massagetowii
Astragalus stipitatus
Astragalus stipitatus subsp. stipitatus
Astragalus stipitatus subsp. shatuensis
</blockquote>
50. sect. Irineae Boriss.
Astragalus amherstianus
Astragalus irinae
Astragalus jabbor-khailii
Astragalus nanellus
Astragalus saxifractor
Astragalus subumbellatus
Astragalus truncato-alatus
51. sect. Rechingeria Podlech.
Astragalus karateginii
52. sect. Thaumasiophaca Podlech.
Astragalus thaumasios
53. sect. Drepanodes Bunge.
Astragalus falciformis
Astragalus maritimus
Astragalus nemorosus
Astragalus reinii
54. sect. Grammocalyx Bunge.
Astragalus lineatus
55. sect. Plagiophaca Maassoumi & Podlech.
Astragalus nezva-montis
Astragalus plagiophacos
Astragalus inexpectatus
56. sect. Aberrantes Podlech.
Astragalus claussii
Astragalus vassilczenkoi
57. sect. Woronowia Podlech & M.Ekici.
Astragalus mirus

Group C: Annuals or perennials, herbaceous, caulescent; stem rarely fistulate. Plant covered with basifixed or rarely medifixed hairs. Corolla yellow or purplish. Keels narrow, usually shorter than the wing-petals. This group is usually growing in humid habitats or meadows. Pods ovoid, cylindric straight or arcuat.
58(147). sect. Bucerates DC.
Astragalus algarbiensis
Astragalus cymbicarpos
Astragalus edulis
Astragalus hamosus
Astragalus maroccanus
Astragalus solandri
Astragalus trimestris
59. sect. Cyamodes Bunge.
Astragalus boeticus
60. sect. Glycyphyllos Bunge.
Astragalus fraxinifolius
Astragalus glycyphylloides
Astragalus glycyphyllos
Astragalus magnificus
Astragalus paraglycyphyllos
Astragalus reflexistipulus
61(148). sect. Synochreati DC.
Astragalus acmonotrichus
Astragalus fragrans
Astragalus gaeobotrys
Astragalus levieri
Astragalus mugliensis
Astragalus rubicundus
62. sect. Sisyrophorus Bunge.
Astragalus aydosensis
Astragalus nigdeanus
Astragalus pelliger
Astragalus serpentinicola
63. sect. Uliginosi A. Gray .
Astragalus discessiflorus
Astragalus falcatus
Astragalus odoratus
Astragalus peduncularis
Astragalus qitaiensis
Astragalus schelichowii
Astragalus sikokianus
Astragalus uliginosus

Group D: Annual or perennial, covered with only basifixed hairs. Corolla yellow. Keel equaling or longer than wing petals. Keels ca. 6–9 mm wide, limb longer than claw. Growing in China, Taiwan, Japan and Central Asia.
64. sect. Komaroviella Gontsch.
Astragalus aksaicus
Astragalus aridovallicola
Astragalus batangensis
Astragalus bouffordii
Astragalus chagyabensis
Astragalus changmuicus
Astragalus chiukiangensis
Astragalus confertus
Astragalus damxungensis
Asrtagalus dulungkiangensis
Astragalus habamontis
Astragalus haiyuanensis
Astragalus himalayanus
Astragalus himachalensis
Astragalus kuschakewiczii
Astragalus leptocladus
Astragalus mattam
Astragalus mattam var. macroflorus
Astragalus oxyodon
Astragalus retusifoliolatus
Astragalus robbinsii
Astragalus saxorum
Astragalus saxorum var. magniflorus
Astragalus schumilovae
Astragalus semicircularis
Astragalus weixinensis
65. sect. Poliothrix Bunge.
Astragalus austrotibetanus
Astragalus baitagensis
Astragalus baxoiensis
Astragalus blandulus
Astragalus cobresiiphilus
Astragalus euchlorus
Astragalus golmunensis
Astragalus havianus
Astragalus hysophilus
Astragalus leucocephalus
Astragalus maowensis
Astragalus mekongensis
Astragalus minutidentatus
Astragalus monbeigii
Astragalus montivagus
Astragalus nanjiangianus
Astragalus oreocharis
Astragalus polycladus
Astragalus polycladus f. albiflorus
Astragalus  polycladus var. parvicarpus
Astragalus praeteritus
Astragalus pseudobagramiensis
Astragalus pullus
Astragalus sanjappae
Astragalus sikkimensis
Astragalus strictus
Astragalus strictus f. albiflorus
Astragalus strictus var. emarginatus
Astragalus subansiriensis
Astragalus sungpanensis
Astragalus swatensis
Astragalus tenuicaulis
Astragalus tibeticola
Astragalus tsangpoensis
Astragalus yangii
Astragalus yunningensis
Astragalus yutianensis
Astragalus zacharensis
Astragalus zayuensis
66. sect. Lotidium Bunge.
Astragalus davidii
Astragalus fangensis
Astragalus nankotaizanensis
Astragalus nokoensis
Astragalus sciadophorus
Astragalus sinicus
Astragalus souliei
Astragalus sutchuensis
Astragalus tungensis
Astragalus wolungensis
Astragalus wulingensis
Astragalus wushanicus
Astragalus yangtzeanus
Astragalus zhouquinus

Group H: Herbaceous, acaulescent, covered with medifixed hairs, symmetric or asymmetric. Leaves imparipinate, usually with dark violet punctat. Corolla always violet to purplish, rarely yellowish; keels narrow, shorter than the wing-petals. With clear gum duct in some species. Claw of the keels and wings free from staminal tube. Calyx covered with black and white medifixed, mixed with basifixed hairs or very rarely, extremely asymmetric medifixed hairs. Pods bilocular, usually maculate.
67. sect. Incani DC.
Astragalus abharensis
Astragalus abnormalis
Astragalus achundovii
Astragalus ackerbergensis
Astragalus alavaanus
Astragalus ancistrocarpus
Astragalus andabadensis
Astragalus angulosus
Astragalus askius
Astragalus borbulakensis
Astragalus bordschensis
Astragalus brachycarpus
Astragalus brachyrachis
Astragalus brahuicus
Astragalus bukanensis
Astragalus caespititius
Astragalus cariensis
Astragalus cellatus
Astragalus cerasinus
Astragalus chaetopodus
Astragalus charadzae
Astragalus cinereus
Astragalus confusus
Astragalus cottonianus
Astragalus culminatus
Astragalus curvirostris
Astragalus cuscutae
Astragalus cyclophyllon
Astragalus cyprius
Astragalus cyri
Astragalus czorochensis
Astragalus darendensis
Astragalus dekazygus
Astragalus delutulus
Astragalus demavendicus
Astragalus dieteri
Astragalus dilutuloides
Astragalus didbanensis
Astragalus divandarrehensis
Astragalus diversus
Astragalus dopolanicus
Astragalus dorudensis
Astragalus duranii
Astragalus edinburghensis
Astragalus elezgensis
Astragalus elongatus
Astragalus elongatus subsp. elongatus
Astragalus elongatus subsp. nucleiferus
Astragalus estahbanensis
Astragalus fagh-soleimanensis
Astragalus faucicola
Astragalus frickii
Astragalus fridae
Astragalus fuliginosus
Astragalus geocyamus
Astragalus germanicopolitanus
Astragalus gigantifoliolatus
Astragalus gilvanensis
Astragalus gillettii
Astragalus glaucophyllodes
Astragalus glaucophyllus
Astragalus gracialis
Astragalus groetzbachii
Astragalus gudrunensis
Astragalus gueldenstaedtiae
Astragalus gulul-saranii
Astragalus guzelsuensis
Astragalus harazensis
Astragalus holdichianus
Astragalus homandicus
Astragalus ihsancalisi
Astragalus incanus
Astragalus incanus subsp. incanus
Astragalus incanus subsp. nummularioides
Astragalus innotabilis
Astragalus jolderensis
Astragalus kabutarlanensis
Astragalus kalatehensis
Astragalus kazbeki
Astragalus khadem-kandicus
Astragalus kiamaky-daghensis
Astragalus kuhidashtehensis
Astragalus lacus-valashti
Astragalus latifolius
Astragalus leucophanus
Astragalus longicuspis
Astragalus longisubulatus
Astragalus maarofii
Astragalus mehranensis
Astragalus mercklinii
Astragalus micrancistrus
Astragalus monozyx
Astragalus monspessulanus
Astragalus monspessulanus subsp. gypsophilus
Astragalus monspessulanus subsp. illyricus
Astragalus monspessulanus var. buffae
Astragalus monspessulanus subsp. monspessulanus
Astragalus montis-aquillae
Astragalus montis-bakhtiari
Astragalus montis-queydari
Astragalus nalbandanicus
Astragalus nevshehiricus
Astragalus nezaketae
Astragalus olangensis
Astragalus olurensis
Astragalus ordubadensis
Astragalus paucifoliolatus
Astragalus pendulus
Astragalus platysematus
Astragalus polhillii
Astragalus prilipkoanus
Astragalus procerus
Astragalus prosgaeus
Astragalus pseudocyclophyllus
Astragalus pseudorobustus
Astragalus pseudoyusufeliensis
Astragalus punctatus
Astragalus qaratschaicus
Astragalus quinquefoliolatus
Astragalus refractus
Astragalus riouxii
Astragalus robustus
Astragalus rollovii
Astragalus rostratus
Astragalus sabetii
Astragalus safavii
Astragalus salatavicus
Astragalus sangimashensis
Astragalus sanguinolentus
Astragalus sarabensis
Astragalus scabrifolius
Astragalus schizopterus
Astragalus semiromensis
Astragalus siahcheshmehensis
Astragalus sigmoideus
Astragalus somcheticus
Astragalus spruneri
Astragalus subalpinus
Astragalus subglaberrimus
Astragalus submaculatus
Astragalus superfluus
Astragalus supervisus
Astragalus sykesiae
Astragalus taschkendicus
Astragalus tenellus
Astragalus tigridis
Astragalus vardziae
Astragalus velatus
Astragalus xiphidiopsis
Astragalus yildirimlii
Astragalus yusufeliensis
Astragalus zanjanensis
Astragalus zaraensis
68. sect. Laguropsis Bunge.
Astragalus admirabilus
Astragalus alabugensis
Astragalus arkalycensis
Astragalus baotouensis
Astragalus beitashanensis
Astragalus calycinus
Astragalus centralis
Astragalus chamaephyton
Astragalus dilutus
Astragalus ellipsoideus
Astragalus follicularis
Astragalus grum-grshimailoi
Astragalus imitans
Astragalus inaequalifolius
Astragalus kazymbeticus
Astragalus koslovii
Astragalus kuldzhuktauense
Astragalus kurtschumensis
Astragalus laguroides
Astragalus lupulinus
Astragalus nenilinii
Astragalus nobilis
Astragalus novissimus
Astragalus obtusifoliolus
Astragalus ochrias
Astragalus petropylensis
Astragalus plumbeus
Astragalus pseudonobilis
Astragalus psilolobus
Astragalus pulcher
Astragalus sabuletorum
Astragalus saidii
Astragalus sandalaschensis
Astragalus schachimardanus
Astragalus schrenkianus
Astragalus sphaerocystis
Astragalus subschachimardanus
Astragalus subsecundus
Astragalus taiyuanensis
Astragalus tamiricus
Astragalus tekesensis
Astragalus tuyehensis
Astragalus wenquanensis
Astragalus zaissanensis

Group G: Perennials, thorny cushion-form or shrublets, rarely non-thorny herbs, with gum duct. Inflorescence pedunculate or synflorescence. Vegetative parts covered with basifixed hairs, rarely covered with medifixed hairs (section <em>Leucocercis</em>). Leaves paripinate, rachis ending in a spine, very rarely imparipinnate with a terminal leaflet. Corolla yellow or purplish. Keels narrow, c. 2.5–3 mm wide, always shorter than the wing-petals, claw of the wing-petals and keels in different length adnate to the staminal tube. Pods unilocular or bilocular, few seeds.
69. sect. Macrosemium Bunge.
Astragalus chamaephaca
Astragalus paradoxus
Astragalus tuna-ekimii
70. sect. Acidodes Bunge.
Astragalus carduchorum
Astragalus chartostegius
Astragalus icmadophilus
Astragalus iodotropis
Astragalus kordloricus
Astragalus leiophyllus
Astragalus macrosemius
Astragalus magnibracteatus
Astragalus ochrochlorus
Astragalus sahendi
Astragalus titziae
71. sect. Anthylloidei DC.
Astragalus anthylloides
Astragalus belolipovii
Astragalus bodeanus
Astragalus coluteoides
Astragalus coluteopsis
Astragalus crassispinus
Astragalus daghestanicus
Astragalus diopogon
Astragalus distans
Astragalus ebenoides
Astragalus ermineus
Astragalus fissicalyx
Astragalus flexilipes
Astragalus fuhsii
Astragalus ghashghaicus
Astragalus keratensis
Astragalus khoshjailensis
Astragalus lalesarensis
Astragalus lumsdenianus
Astragalus megalocystis
Astragalus melanogramma
Astragalus murinus
Astragalus naghadehensis
Astragalus nigrohirsutus
Astragalus pseudanthylloides
Astragalus pseudomurinus
Astragalus pseudotortuosus
Astragalus raddei
Astragalus raswendicus
Astragalus remotiflorus
Astragalus rubrolineatus
Astragalus submitis
Astragalus surugensis
Astragalus szovitsii
Astragalus tortuosus
Astragalus wagneri
Astragalus wiesneri
Astragalus willisii
Astragalus yushensis
Astragalus zederbaueri
72. sect. Halicacabus Bunge.
Astragalus chardinii
Astragalus halicacabus
Astragalus veiskaramii
73. sect. Leucocercis Bunge.
Astragalus curviflorus
Astragalus fischeri
Astragalus kentrophyllus
Astragalus mucronifolius
Astragalus ovoideus
Astragalus talimansurensis
74. sect. Adiaspastus Bunge.
Astragalus asaphes
Astragalus aureus
Astragalus bactrianus
Astragalus beckerianus
Astragalus caucasicus
Astragalus cerasocrenus
Astragalus chionobiiformis
Astragalus coarctatus
Astragalus divaricatus
Astragalus dolonus
Astragalus gevashensis
Astragalus hareftae
Astragalus karabaghensis
Astragalus latusioides
Astragalus michauxianus
Astragalus nevadensis
Astragalus nevadensis subsp. muticus
Astragalus nevadensis subsp. nevadensis
Astragalus noeanus
Astragalus oltensis
Astragalus oreites
Astragalus polyanthus
Astragalus prominens
Astragalus sangesuricus
Astragalus sempervirens
Astragalus transoxanus
Astragalus vedicus
75. sect. Brachycalyx Bunge.
Astragalus albispinus
Astragalus brachycalyx
Astragalus brachycalyx subsp. brachycalyx
Astragalus brachycalyx subsp. eriostylus
Astragalus breviflorus
Astragalus breviflorus subsp. breviflorus
Astragalus breviflorus subsp. elongatus
Astragalus caspicus
Astragalus caspicus subsp. caspicus
Astragalus caspicus subsp. pseudocaspius
Astragalus jamzadae
Astragalus leucoptilus
Astragalus pseudocaspius
76. sect. Acanthophace Bunge.
Astragalus cryptocarpos
Astragalus cystosus
Astragalus hemsleyi
Astragalus hezarensis
Astragalus horridus
Astragalus leptacanthus
Astragalus lycioides
Astragalus schistocalyx
Astragalus syrtschensis
Astragalus sclerocladus
Astragalus stenostegius
77. sect. Lamprocarpa Maassoumi.
Astragalus lamprocarpus
Astragalus ovigerus
78. sect. Macrophyllium Boiss.
Astragalus dipodurus
Astragalus glabrifolius
Astragalus isauricus
Astragalus karjaginii
Astragalus longifolius
Astragalus hakkiaricus
Astragalus octopus
Astragalus oleaefolius
Astragalus patnosicus
Astragalus peymanii
Astragalus yukselii
79. sect. Pterophorus Bunge.
Astragalus acicularis
Astragalus baibutensis
Astragalus cephalotes
Astragalus condensatus
Astragalus cymbibracteatus
Astragalus drusorum
Astragalus kirshehiricus
Astragalus lesbiacus
Astragalus parnassi
Astragalus parnassi subsp. parnassi
Astragalus parnassi subsp. calabricus
Astragalus phrygius
Astragalus talasseus
Astragalus thracicus
Astragalus thracicus subsp. afyonicus
Astragalus thracicus subsp. monachorum
Astragalus thracicus subsp. thracicus
Astragalus tmoleus
Astragalus verae
Astragalus yuralicus
80. sect. Diphtheriphorus Bunge.
Astragalus bethlehemiticus
Astragalus chtonocephalus
Astragalus diphtherites
81. sect. Rhacophorus Bunge.
Astragalus acetabulosus
Astragalus acmophylloides
Astragalus acmophyllus
Astragalus alexeenkoanus
Astragalus amblolepis
Astragalus andalanicus
Astragalus antabicus
Astragalus antiochianus
Astragalus arnacanthoides
Astragalus barba-jovis
Astragalus barboides
Astragalus calavriformis
Astragalus commagenicus
Astragalus compactus
Astragalus consimilis
Astragalus crassinervius
Astragalus creticus
Astragalus creticus subsp. creticus
Astragalus creticus subsp. minoicus
Astragalus cylleneus
Astragalus cymbostegis
Astragalus dissectus
Astragalus dolinicola
Astragalus dumetorum
Astragalus echinus
Astragalus echinus subsp. echinus
Astragalus echinus subsp. chionistrae
Astragalus ekimii
Astragalus elazigensis
Astragalus eriocalyx
Astragalus eriosphaerus
Astragalus exiguus
Astragalus gamasiabensis
Astragalus globiflorus
Astragalus granatensis
Astragalus karakalensis
Astragalus kurdicus
Astragalus laconicus
Astragalus lamarckii
Astragalus lasiostylus
Astragalus lateritiiformis
Astragalus lateritius
Astragalus leucomallophorus
Astragalus meyeri
Astragalus micropterus
Astragalus muschianus
Astragalus paralipomenus
Astragalus pennatus
Astragalus plumosus
Astragalus plumosus subsp. fenzlii
Astragalus plumosus subsp. plumosus
Astragalus plumosus subsp. krugeanus
Astragalus polystachys
Astragalus prusianus
Astragalus psilodontius
Astragalus psilostylus
Astragalus pterocephalus
Astragalus ptilocephalus
Astragalus pycnocephalus
Astragalus rhodosemius
Astragalus roseocalycinus
Astragalus rubens
Astragalus rumelicus
Astragalus schottianus
Astragalus siculus
Astragalus stenolepis
Astragalus strictifolius
Astragalus sumarensis
Astragalus trachyacanthos
Astragalus vepres
Astragalus zachlensis
82. sect. Platonychium Bunge.
Astragalus arnacantha
Astragalus cruentiflorus
Astragalus denudatus
Astragalus dschuparensis
Astragalus echidna
Astragalus farakulumensis
Astragalus floccosus
Astragalus floccosus subsp. floccosus
Astragalus floccosus subsp. pichleri
Astragalus floccosus subsp. rahensis
Astragalus glaucops
Astragalus gossypinus
Astragalus gummifer
Astragalus hypsogeton
Astragalus khatamsazae
Astragalus longistylus
Astragalus membranostipulus
Astragalus mesoleios
Astragalus microcephalus
Astragalus microcephalus subsp. pycnocladus
Astragalus microcephalus subsp. microcephalus
Astragalus myriacanthus
Astragalus nebrodensis
Astragalus neomozaffarianii
Astragalus nydeggeri
Astragalus pushtashanicus
Astragalus rhodochrous
Astragalus rosellus
Astragalus sirjaevii
Astragalus splendidissimus
Astragalus townsendii
Astragalus turkmenorum
Astragalus verus
Astragalus zoharyi
83. sect. Hystrix Bunge.
Astragalus hystrix
Astragalus yueksekovae
84. sect. Polystegis Boiss.
Astragalus piptocephalus
85. sect. Hymenostegis Bunge.
Astragalus aberrans
Astragalus altiusculus
Astragalus anguranensis
Astragalus assadabadensis
Astragalus atrokurdicus
Astragalus austrokhorasanicus
Astragalus austromahneshanensis
Astragalus austrotaromensis
Astragalus bashmaghensis
Astragalus blattneri
Astragalus bounophilus
Astragalus bradosticus
Astragalus brunsianus
Astragalus capax
Astragalus chehreganii
Astragalus chrysostachys
Astragalus ciloensis
Astragalus dejectus
Astragalus demonstratus
Astragalus dianat-nejadii
Astragalus doghrunensis
Astragalus expetitus
Astragalus ferruminatus
Astragalus glumaceus
Astragalus gueruenensis
Astragalus hirticalyx 
Astragalus hymenocystis
Astragalus hakkianus
Astragalus hymenostegis
Astragalus kapherrianus
Astragalus karl-heinzii
Astragalus kohrudicus
Astragalus lagopoides
Astragalus laguriformis
Astragalus leptynticus
Astragalus makuensis
Astragalus marivanensis
Astragalus melanostictus
Astragalus mesopotamicus
Astragalus montis-nacarouzii
Astragalus mostafa-assadii
Astragalus naftabensis
Astragalus narmanicus
Astragalus narmanicus
Astragalus nervistipulus
Astragalus orientopersicus
Astragalus paralurges
Astragalus paralurgiformis
Astragalus pauxillis
Astragalus pediculariformis
Astragalus pereshkhoranicus
Astragalus persicus
Astragalus plauriflorus
Astragalus pseudoparalurges
Astragalus pseudopersicus
Astragalus qeydarnabiensis
Astragalus qorvehensis
Astragalus qoturensis
Astragalus recognitus
Astragalus remotispicatus
Astragalus rijabensis
Astragalus rubriflorus
Astragalus rubrostriatus
Astragalus salavatabadensis
Astragalus sciureus
Astragalus seidabadensis
Astragalus sekaniensis
Astragalus simakanensis
Astragalus sohrevardianus
Astragalus sosnowskyi
Astragalus straussii
Astragalus subkohrudicus
Astragalus sublaguriformis
Astragalus subrecognitus
Astragalus tabrizianus
Astragalus taeniolepis
Astragalus trifoliastrum
Astragalus uraniolimneus
Astragalus velenovskyi
Astragalus vernaculus
Astragalus zohrabi
86. sect. Davisiana Podlech & Ekici.
Astragalus davisii
87. sect. Hymenocoleus Bunge.
Astragalus vaginans
87(b). sect. Elvendia invalid ???
Astragalus erythrolepis
Astragalus leucargyreus
88. sect. Microphysa Bunge.
Astragalus ardahalicus
Astragalus callistachys
Astragalus callistachys subsp. callistachys
Astragalus callistachys subsp. porphyrobaphis
Astragalus carmanicus
Astragalus cemerinus
Astragalus cephalanthus
Astragalus demavendicola
Astragalus fragiferus
Astragalus hotkanensis
Astragalus lurorum
Astragalus meimandicus 
Astragalus microphysa
Astragalus microphysopsis
Astragalus pseudofragiferus
Astragalus ptychophyllus
Astragalus reuterianus
Astragalus rubriphysa
Astragalus sanandajianus
89. sect. Campylanthus Bunge.
Astragalus ahmad-parsai
Astragalus argyrostachys
Astragalus campylanthus
Astragalus chalaranthus
Astragalus ecbatanus
Astragalus erinifolius
Astragalus ghanbarianii
Astragalus nervifolius
Astragalus susianus
Astragalus susianus subsp. susianus
Astragalus susianus subsp. stapfianus
90. sect. Tricholobus Bunge, Olim.
Astragalus hohenackeri
Astragalus magistratus
Astragalus tricholobus
91. sect. Poterion Bunge.
Astragalus anisacanthus
Astragalus anisacanthus subsp. anisacanthus
Astragalus anisacanthus subsp. schurabicus
Astragalus arbusculinus
Astragalus armatus
Astragalus armatus subsp. armatus
Astragalus armatus subsp. numidicus
Astragalus baba-alliar
Astragalus bruguieri
Astragalus calliphysa
Astragalus calliphysa subsp. calliphysa
Astragalus calliphysa subsp. angustifolius
Astragalus clusianus
Astragalus fasciculifolius
Astragalus glaucacanthos
Astragalus pachyrhachis
Astragalus porphyrophysa
Astragalus russellii
Astragalus spinosus
92. sect. Eriostoma Bornm.
Astragalus eriostomus
93. sect. Semnanenses Podlech & Zarre.
Astragalus semnanensis
94. sect. Diacme Boiss.
Astragalus roussaeanus
95. sect. Argaeus Bunge.
Astragalus argaeus
96. sect. Tragacantha DC.
Astragalus angustifolius
Astragalus angustifolius subsp. aegeicus
Astragalus angustifolius subsp. angustifolius
Astragalus angustifolius subsp. balcanicus
Astragalus angustifolius subsp. echinoides
Astragalus angustifolius subsp. erinaceus
Astragalus angustifolius subsp. odonianus
Astragalus angustifolius subsp. postianus
Astragalus balearicus
Astragalus brulloi
Astragalus croaticus
Astragalus dirmilensis
Astragalus genargenteus
Astragalus gennarii
Astragalus greuteri
Astragalus gymnolobus
Astragalus heideri
Astragalus hermoneus
Astragalus ibrahimianus
Astragalus kamarinensis
Astragalus pungens
Astragalus renzii
Astragalus sirinicus
Astragalus taygeteus
Astragalus tegulensis
Astragalus terraciano
Astragalus thermensis
Astragalus tragacantha
Astragalus tymphresteus
Astragalus valdeviolaceus

Group F: Herbaceous, perennial, very rarely annual, caulescent or acaulescent, woody base. Covered with basifixed or medifixed hairs; symmetric or asymmetric. Leaves imparipinnate, if in young age paripinnate then flowers pink or purplish. Flowers small, closed. Corolla always violet to purplish, rarely yellowish; keels narrow, shorter than the wing-petals. Without gum duct. Claw of the keels and wing free from staminal tube. Calyx covered with medifixed hairs mixed with basifixed hairs or only basifixed hairs or very rarely extremely asymmetric medifixed hairs. Pods bilocular.
97. sect. Hypoglottidei DC.
Astragalus agrestis
Astragalus akmanii
Astragalus ansinii
Astragalus arakliensis
Astragalus atricapillus
Astragalus atrifructus
Astragalus bachmarensis
Astragalus bojnurdensis
Astragalus bourgaeanus
Astragalus brachypetalus
Astragalus cedreticola
Astragalus chadjanensis
Astragalus chordorrhizus
Astragalus cicer
Astragalus ciceroides
Astragalus coodei
Astragalus danicus
Astragalus flexicaulis
Astragalus freynii
Astragalus glaux
Astragalus gooraiensis
Astragalus hamzaoglui
Astragalus herbertii
Astragalus humifusus
Astragalus hypoglottis
Astragalus hypoglottis subsp. hypoglottis
Astragalus hypoglottis subsp. gremlii
Astragalus kazempourii
Astragalus kubensis
Astragalus latistipulatus
Astragalus longirostratus
Astragalus maniaticus
Astragalus nabelekii
Astragalus nurensis
Astragalus oreades
Astragalus ovatus
Astragalus parvarensis
Astragalus pauperiflorus
Astragalus phanothrix
Astragalus pineticola
Astragalus pishchakensis
Astragalus plauricaudex
Astragalus pseudofragrans
Astragalus pseudopurpureus
Astragalus rimarum
Astragalus sachanewii
Astragalus saganlugensis
Astragalus sapozhnikovii
Astragalus scholerianus
Astragalus supinus
Astragalus tibetanus
Astragalus tshegemensis
Astragalus vavilovii
Astragalus vexillaris
Astragalus viridissimus
Astragalus wulumuquianus
98. sect. Ebracteolati N.D.Simpson.
Astragalus craibianus
Astragalus smithianus
99. sect. Pseudotapinodes Podlech & L.R.Xu.
Astragalus conaensis
Astragalus dickoreï
Astragalus dingjiensis
Astragalus longiscapus
Astragalus orbicularifolius
Astragalus pseudorigidulus
Astragalus rigidulus
100. sect. Tapinodes Bunge.
Astragalus depressus
Astragalus froedinii
Astragalus tetuanensis
101. sect. Brachycephalae N.D.Simpson.
Astragalus bhotanensis
102. sect. Malacothrix Bunge.
Astragalus absconditus
Astragalus adiyamanensis
Astragalus agassii
Astragalus aladagensis
Astragalus alamkuhensis
Astragalus alamouticus
Astragalus andreji-sytinii
Astragalus angustistipulatus
Astragalus anodiophilus
Astragalus anserinaefolius
Astragalus antilibani
Astragalus argentophyllus
Astragalus ashtianensis
Astragalus aspadanus
Astragalus austroaegaeus
Astragalus aznabjurticus
Astragalus aznaicus
Astragalus babakhanloui
Astragalus bajgiranensis
Astragalus bakirdaghensis
Astragalus bashkalensis
Astragalus beckii
Astragalus bejourensis
Astragalus belgheisicoides
Astragalus belgheisicus
Astragalus birangae
Astragalus bozghoushensis
Astragalus brevitomentosus
Astragalus caligineus
Astragalus calvertii
Astragalus canosus
Astragalus capillatus
Astragalus chahartaghensis
Astragalus chichesticus
Astragalus chrysotrichus
Astragalus ciceropsis
Astragalus clivicola
Astragalus comosus
Astragalus daghdaghabadensis
Astragalus elegans
Astragalus entomophyllus
Astragalus eriocarpus
Astragalus eriopodus
Astragalus exspectatus
Astragalus exsul
Astragalus fresenii
Astragalus galbineus
Astragalus gharemanii
Astragalus glochidiatus
Astragalus goeznensis
Astragalus griseus
Astragalus hajiabadensis
Astragalus hartvigii
Astragalus heterodoxus
Astragalus heterophyllus
Astragalus heterozyx
Astragalus hirtus
Astragalus holopsilus
Astragalus holosemius
Astragalus idoneus
Astragalus indomitus
Astragalus inoblitus
Astragalus iranicus
Astragalus perdurabilis
Astragalus jacobsii
Astragalus kabristanicus
Astragalus kaleibarensis
Astragalus khajiboulaghensis
Astragalus khunsarensis
Astragalus krylovii
Astragalus laristanicus
Astragalus lasiocalycinus
Astragalus lisaricus
Astragalus lippertii
Astragalus macrostachys
Astragalus macrouroides
Astragalus macrourus
Astragalus maireanus
Astragalus mandenovae
Astragalus marandicus
Astragalus markasicus
Astragalus marzanabadensis
Astragalus megricus
Astragalus mehrizianus
Astragalus melanodon
Astragalus memnonius
Astragalus meshkinensis
Astragalus mollis
Astragalus mousaianus
Astragalus mutuus
Astragalus nahavandicus
Astragalus neoalbanicus
Astragalus neo-iranshahri
Astragalus paragriseus
Astragalus patrius
Astragalus perdurabilis
Astragalus pileh-khasehensis
Astragalus plebejus
Astragalus podocarpus
Astragalus protractus
Astragalus pseudoantilibani
Astragalus pseudobeckii
Astragalus pseudocomosus
Astragalus pseudocylindraceus
Astragalus pseudomacrostachys
Astragalus pseudopulchellus
Astragalus pseudotauricola
Astragalus rawlinsianus
Astragalus reconditus
Astragalus roessleri
Astragalus rubicalyx
Astragalus rudimentus
Astragalus runemarkii
Astragalus rusticus
Astragalus rzaevii
Astragalus saccatus
Astragalus sarae
Astragalus sarikamishensis
Astragalus segregatus
Astragalus senilis
Astragalus shabilensis
Astragalus shahinii
Astragalus shahsavaranicus
Astragalus shehbazii
Astragalus shuturunkuhensis
Astragalus singarensis
Astragalus sisakhtianus
Astragalus sivendicus
Astragalus spachianiformis
Astragalus spachianus
Astragalus stridii
Astragalus subaspadanus
Astragalus suluklensis
Astragalus taebiae
Astragalus tahbaziae
Astragalus takhtadzhjanii
Astragalus taleshensis
Astragalus tauricola
Astragalus tavakolii
Astragalus tekabensis
Astragalus tenuiscapus
Astragalus termeanus
Astragalus turkmanchaicusis
Astragalus turolensis
Astragalus typhaeformis
Astragalus unalii
Astragalus vessalae
Astragalus vicinalis
103. sect. Platyglottis Bunge.
Astragalus berytheus
Astragalus bombycinus 
Astragalus camptoceras
Astragalus devesae
Astragalus gines-lopezii
Astragalus nitidiflorus
Astragalus palaestinus
Astragalus palaestinus var. palaestinus
Astragalus palaestinus var. hierosolymitanus
Astragalus palaestinus var. jorensis
Astragalus peregrinus
Astragalus peregrinus subsp. peregrinus
Astragalus peregrinus subsp. wperegrinusarionis
Astragalus suberosus
Astragalus suberosus subsp. suberosus
Astragalus suberosus subsp. haarbachii
Astragalus taubertianus
Astragalus verrucosus
104. sect. Mirae Sirj. & Rech.f.
Astragalus migpo
105. sect. Helmia Bunge.
Astragalus arnoldii
Astragalus burtschumensis
Astragalus chomutovii
Astragalus cupulicalycinus
Astragalus depauperatus
Astragalus dshangartensis
Astragalus eerqisiensis
Astragalus efoliolatus
Astragalus helmii
Astragalus helmii var. helmii
Astragalus helmii var. tergeminus
Astragalus heptapotamicus
Astragalus hoshanbaoensis
Astragalus involutivus
Astragalus ionae
Astragalus kasachstanicus
Astragalus lachnolobus
Astragalus macropetalus
Astragalus nikitinae
Astragalus pendulatopetalus
Astragalus permiensis
Astragalus persimilis
Astragalus polakovii
Astragalus poljakovii
Astragalus saichanensis
Astragalus tekessicus
Astragalus terektensis
Astragalus tuvinicus
Astragalus vladimiri-komarovii
106. sect. Dipelta Bunge.
Astragalus dipelta
107. sect. Hispiduli Podlech.
Astragalus bakaliensis
Astragalus callichrous
Astragalus duplostrigosus
Astragalus hispidulus
Astragalus intercedens
Astragalus kralikii
Astragalus oncotrichus
Astragalus scorpiurus
108. sect. Heterodontus Bunge.
Astragalus dahuricus
109. sect. Ammodendron Bunge.
Astragalus acutifolius
Astragalus ahmed-adlii
Astragalus aiwadzhi
Astragalus akhundzadahensis
Astragalus amalecitanus
Astragalus ammodendroides
Astragalus ammodendron
Astragalus anachoreticus
Astragalus androssovianus
Astragalus arvatensis
Astragalus badghysi
Astragalus baerii
Astragalus baharensis
Astragalus bazarganii
Astragalus biabanensis
Astragalus biarjmandicus
Astragalus brachypus
Astragalus brevicalycinus
Astragalus camelorum
Astragalus chodshenticus
Astragalus cognatus
Astragalus collenetteae
Astragalus darrehbidensis
Astragalus erwinii-gaubae
Astragalus excedens
Astragalus farsicus
Astragalus filifoliolatus
Astragalus ghamishluensis
Astragalus gebleri
Astragalus gemellus
Astragalus ghoratensis
Astragalus glabellus
Astragalus harirudensis
Astragalus hekmat-safaviae
Astragalus hotanensis
Astragalus hyrcanus
Astragalus igniarius
Astragalus iliensis
Astragalus inchebroonensis
Astragalus jaskensis
Astragalus joharchii
Astragalus karakugensis
Astragalus karatjubeki
Astragalus kavirensis
Astragalus khonikensis
Astragalus longipetiolatus
Astragalus macrobotrys
Astragalus macrocladus
Astragalus macrostephanus
Astragalus microfoliolatus
Astragalus nigricans
Astragalus nowroozii
Astragalus oldenburgii
Astragalus oligophyllus
Astragalus oligophylloides
Astragalus ovalis
Astragalus paucijugus
Astragalus podoloboides
Astragalus podolobus
Astragalus psammophilus
Astragalus pseudoarvatensis
Astragalus pseudonigrescens
Astragalus qohestanicus
Astragalus rashed-mohasseli
Astragalus sabzevarensis
Astragalus salmakiae
Astragalus sangonensis
Astragalus semiglabricarpus
Astragalus similissimus
Astragalus squarrosus
Astragalus strictissimus
Astragalus sympileicalycinus
Astragalus tarumensis
Astragalus tenuiramosus
Astragalus turcomanicus
Astragalus unifoliolatus
Astragalus urgunensis
Astragalus villosissimus
Astragalus vvedenskyi
Astragalus wachschii
Astragalus zurmatensis
110. sect. Picrophace Bunge.
Astragalus griffithii
Astragalus amarus
111. sect. Koelziana Barneby.
Astragalus koelzii
Astragalus doshman-ziariensis
Astragalus ledinghamii
111(b). sect. Reserviana Maassoumi & Bagheri invalid ???
Astragalus brachypetalus
111(c). sect. Irania Maassoumi, Mahmoodi & Bagheri invalid ???
Astragalus issatissensis
112. sect. Stereothrix Bunge.
Astragalus altimontanus
Astragalus andabilensis
Astragalus badelehensis
Astragalus barbatus
Astragalus bavanatensis
Astragalus capito
Astragalus damghanensis
Astragalus hakkariensis
Astragalus hamberlainianus
Astragalus hispidus
Astragalus leucothrix
Astragalus mahmutlarensis
Astragalus mahneshahensis
Astragalus montis-alamkuhi
Astragalus montis-mishoudaghi
Astragalus montis-varvashti
Astragalus podosphaerus
Astragalus pseudocapito
Astragalus savanatensis
Astragalus setosulus
Astragalus sorgerae
Astragalus sparsipilis
Astragalus sphaeranthus
Astragalus subhanensis
113. sect. Ophiocarpus Bunge.
Astragalus ophiocarpus
114. sect. Ankylotus Bunge.
Astragalus ankylotus
Astragalus commixtus
Astragalus gracilipes
Astragalus stalinskyi
115(43). sect. Sesamei DC.
Go to 43(115) . Sect. Sesamei
116. sect. Pentaglottis Bunge.
Astragalus echitus
117. sect. Ornithopodium Bunge.
Astragalus algerianus
Astragalus arkarensis
Astragalus balkaricus
Astragalus brachyodontus
Astragalus brevifructus
Astragalus caudicosus
Astragalus chaetolobus
Astragalus chorgosicus
Astragalus circumlacustris
Astragalus dsharkenticus
Astragalus duanensis
Astragalus exilis
Astragalus fissuralis
Astragalus glochideus
Astragalus hamiensis
Astragalus heinzianus
Astragalus horasanicus
Astragalus huochengensis
Astragalus jodostachys
Astragalus karkarensis
Astragalus kendyrlyki
Astragalus kifonsanicus
Astragalus kotschyanus
Astragalus lanzhouensis
Astragalus leansanicus
Astragalus limprichtii
Astragalus lunatus
Astragalus majusculus
Astragalus meskheticus
Astragalus mesopterus
Astragalus mugosaricus
Astragalus ornithopodioides
Astragalus pravitzii
Astragalus pycnolobus
Astragalus rariflorus
Astragalus razensis
Astragalus recurvatus
Astragalus sadiensis
Astragalus shelkovnikovii
Astragalus stevenianus
Astragalus supralaevis
118. sect. Onobrychoidei DC.
Astragalus adunciformis
Astragalus aduncus
Astragalus adzharicus
Astragalus affinis
Astragalus albus
Astragalus arguricus
Astragalus argutensis
Astragalus asciocalyx
Astragalus aspindzicus
Astragalus bijarensis
Astragalus borysthenicus
Astragalus brevidens
Astragalus brevipes
Astragalus bungeanus
Astragalus cadmicus
Astragalus caeruleus
Astragalus cancellatus
Astragalus captiosus
Astragalus chamonobrychis
Astragalus cicerellus
Astragalus circassicus
Astragalus craccinopsis
Astragalus demirizii
Astragalus dysbatophilus
Astragalus effusus
Astragalus eliasianus
Astragalus eubrychioides
Astragalus fumosus
Astragalus goktschaicus
Astragalus hajastanus
Astragalus helbaekii
Astragalus heldreichii
Astragalus ignotus
Astragalus jelenevskyi
Astragalus kadschorensis
Astragalus karamasicus
Astragalus kiviensis
Astragalus kochakii
Astragalus lasioglottis
Astragalus laspurensis
Astragalus laxmannii
Astragalus laxmannii subsp. laxmannii
Astragalus leontinus
Astragalus lilacinus
Astragalus lycaonicus
Astragalus lycius
Astragalus marinus
Astragalus melitenensis
Astragalus mesogitanus
Astragalus mishodaghmontanus
Astragalus ninae
Astragalus oligoflorus
Astragalus onobrychis
Astragalus pseudoadsurgens
Astragalus rausianus
Astragalus roemeri
Astragalus sakaryaensis
Astragalus scapiger
Astragalus schelichovii
Astragalus setulosus
Astragalus sevangensis
Astragalus shagalensis
Astragalus strigillosus
Astragalus subbrevidens
Astragalus sufianicus
Astragalus teheranicus
Astragalus trabzonicus
Astragalus trachytrichus
Astragalus trichanthus
Astragalus trifoliolatus
Astragalus tunceliensis
Astragalus unilateralis
Astragalus ustiurtensis
Astragalus vegetus
Astragalus viridiflavus
Astragalus xerophilus
Astragalus xylobasis
Astragalus xylobasis var. xylobasis
Astragalus xylobasis var. angustus
119. sect. Hololeuce Bunge.
Astragalus agraniotii
Astragalus alyssoides
Astragalus amoenus
Astragalus andrasovszkyi
Astragalus angustissimus
Astragalus aparanensis
Astragalus bicolor
Astragalus bicolor subsp. bicolor
Astragalus bicolor subsp. karputanus
Astragalus cataonicus
Astragalus caudiculosus
Astragalus chamardiensis
Astragalus dolichopodus
Astragalus dumanii
Astragalus dzhebrailicus
Astragalus fialae
Astragalus fursei
Astragalus geyikdaghensis
Astragalus globosus
Astragalus hajijafanensis
Astragalus hirsutus
Astragalus hissaricus
Astragalus hololeucoides
Astragalus hyalolepis
Astragalus idaeus
Astragalus incertus
Astragalus khokhrjakovii
Astragalus kurnet-es-saudae
Astragalus neochaldoranicus
Astragalus nigropedunculatus
Astragalus onobrychioides
Astragalus psoraloides
Astragalus repentinus
Astragalus sibthorpianus
Astragalus stenanthus
Astragalus stenosemioides
Astragalus stenosemius
Astragalus suserianus
Astragalus ulrichianus
Astragalus xerophiloides
120. sect. Macrocystis Popov.
Astragalus artemisiformis
Astragalus auratus
Astragalus baranovii
Astragalus butkovii
Astragalus heterotrichus
Astragalus krauseanus
Astragalus lasiocalyx
Astragalus megalomerus
Astragalus neurophyllus
Astragalus rubrivenosus
Astragalus sarygorensis
Astragalus xanthomeloides
121. sect. Macrocystodes Popov.
Astragalus abolinii
Astragalus bucharicus
Astragalus chrysomallus
Astragalus junussovii
Astragalus krascheninnikovii
Astragalus namanganicus
Astragalus pseudomegalomerus
Astragalus pseudorhacodes
Astragalus rhacodes
122. sect. Eustales Bunge.
Astragalus flavescens
Astragalus vestitus
123. sect. Cytisodes Bunge.
Astragalus berysius
Astragalus cytisoides
Astragalus dolichocarpus
Astragalus georgii
Astragalus gigantirostratus
Astragalus kelleri
Astragalus neyshaburensis
Astragalus nucleosus
Astragalus ornithorrhynchus
Astragalus pavlovianus
Astragalus pseudocytisoides
Astragalus stenocarpus
Astragalus xipholobus
Astragalus yanerwoensis
Astragalus zoshkensis
124. sect. Ammodytes Bunge.
Astragalus ammodytes
125. sect. Tropidolobus Gontsch.
Astragalus borissianus
Astragalus distentus
Astragalus irisuensis
Astragalus isphairamicus
Astragalus keminensis
Astragalus kugartensis
126.  sect. Cremoceras Bunge.
Astragalus campylanthoides
Astragalus ochreatus
Astragalus pendulinus
Astragalus weirianus
127. sect. Tanythrix Bunge.
Astragalus pseudoroseus
Astragalus roseus
128. sect. Trachycercis Bunge.
Astragalus acceptus
Astragalus alberti
Astragalus armcus
Astragalus baischanticus
Astragalus baldaccii
Astragalus barnasariformis
Astragalus barnassari
Astragalus borodinii
Astragalus brevifolius
Astragalus brevivexillatus
Astragalus caespitosulus
Astragalus chalilovii
Astragalus dolichophyllus
Astragalus durandianus
Astragalus erivanensis
Astragalus filidens
Astragalus fraternus
Astragalus galactites
Astragalus geerwusuensis
Astragalus glabritubus
Astragalus glomeratus
Astragalus gracaninii
Astragalus gregorii
Astragalus grubovii
Astragalus gubanovii
Astragalus hebecarpus
Astragalus hsinbaticus
Astragalus humilis
Astragalus hypogaeus
Astragalus jiuquanensis
Astragalus junatovii
Astragalus koburensis
Astragalus lacteus
Astragalus lang-ranii
Astragalus levidensis
Astragalus longivexillatus
Astragalus lustricola
Astragalus lychnobius
Astragalus macriculus
Astragalus microrchis
Astragalus monophyllus
Astragalus muschketovii
Astragalus ningxiaensis
Astragalus nuoergonensis
Astragalus occultus
Astragalus ordosicus
Astragalus parvicarinatus
Astragalus perbrevis
Astragalus poliotrichus
Astragalus popovii
Astragalus porphyreus
Astragalus pseudoborodinii
Astragalus pseudohypogaeus
Astragalus pseudoshebarensis
Astragalus pseudotesticulatus
Astragalus rupifragiformis
Astragalus rupifragus
Astragalus salsugineus
Astragalus scaberrimus
Astragalus scabrisetus
Astragalus secretus
Astragalus shebarensis
Astragalus sinkiangensis
Astragalus subauriculatus
Astragalus syringus
Astragalus teskhemicus
Astragalus tesquorum
Astragalus testiculatus
Astragalus transecticola
Astragalus trijugus
Astragalus turajgyricus
Astragalus turcicus
Astragalus vallestris
Astragalus vescus
Astragalus visibilis
Astragalus wilmottianus
129. sect. Dissitiflori DC.
Astragalus acanthocarpus
Astragalus aestimabilis
Astragalus afghanomontanus
Astragalus ahangarensis
Astragalus aktiubensis
Astragalus albicalycinus
Astragalus albicaulis
Astragalus al-hamedensis
Astragalus alitschuri
Astragalus amabilis
Astragalus anfractuosus
Astragalus angarensis
Astragalus apollineus
Astragalus aquilanus
Astragalus arbuscula
Astragalus argentocalyx
Astragalus argyroides
Astragalus asper
Astragalus astrachanicus
Astragalus aucheri
Astragalus aulieatensis
Astragalus austroferganicus
Astragalus austrouralensis
Astragalus badamensis
Astragalus baraftabensis
Astragalus barbidens
Astragalus beypazaricus
Astragalus bifoliolatus
Astragalus bijugus
Astragalus bingoellensis
Astragalus bosbutoensis
Astragalus bossuensis
Astragalus brachylobus
Astragalus canoflavus
Astragalus capitis-regni
Astragalus ceratoides
Astragalus chorizanthus
Astragalus compressus
Astragalus corniculatus
Astragalus cornutus
Astragalus dendroproselius
Astragalus dianthoides
Astragalus dianthus
Astragalus doabensis
Astragalus eburneus
Astragalus ehdenensis
Astragalus falcigerus
Astragalus fallacinus
Astragalus fedtschenkoanus
Astragalus fruticulosus
Astragalus ghouchanensis
Astragalus gladiatus
Astragalus gobicus
Astragalus gontscharovii
Astragalus haesitabundus
Astragalus hispanicus
Astragalus husseinovii
Astragalus igoschinae  
Astragalus imitensis
Astragalus iskanderi
Astragalus issykhulensis
Astragalus juladakensis
Astragalus juratzkanus
Astragalus juratzkanus subsp. juratzkanus
Astragalus juratzkanus subsp. brotherusii
Astragalus kabadianus
Astragalus karabilicus
Astragalus karataviensis
Astragalus karelinianus
Astragalus kastamonuensis
Astragalus kharvanensis
Astragalus knorringianus
Astragalus komarovii
Astragalus kudrjaschovii
Astragalus kustanaicus
Astragalus laetabilis
Astragalus leptothamnus
Astragalus leucocalyx
Astragalus lignipes
Astragalus lipschitzii
Astragalus lorinserianus
Astragalus macrolobus
Astragalus macrolobus var. incanus
Astragalus macrolobus var. macilentus
Astragalus macropus
Astragalus macrotropis
Astragalus mailiensis
Astragalus managildensis
Astragalus marguzaricus
Astragalus medius
Astragalus melanocalyx
Astragalus melanocephalus
Astragalus michaelis
Astragalus microcalycinus
Astragalus mokeevae
Astragalus moussavii
Astragalus muelleri
Astragalus muelleri subsp. mulleri 
Astragalus muelleri subsp. etruscus
Astragalus neobotschantzevii
Astragalus neokarelinianus
Astragalus neolipskyanus
Astragalus neoschmidii
Astragalus nigrifructus
Astragalus nigrocarpus
Astragalus nigrolineatus
Astragalus nitidissimus
Astragalus oropolitanus
Astragalus ortholobiformis
Astragalus ortholobus
Astragalus palibinii
Astragalus pallescens
Astragalus patulepilosus
Astragalus peterfii
Astragalus petunnikovii
Astragalus platyphyllus
Astragalus polyceras
Astragalus polytimeticus
Astragalus pseudoamabilis
Astragalus pseudodianthus
Astragalus pseudoglaucus
Astragalus pseudotataricus
Astragalus psilopus
Astragalus pskemensis
Astragalus reverdattoanus
Astragalus ruscifolius
Astragalus russanovii
Astragalus saadatabadensis
Astragalus sachokianus
Astragalus sanctus
Astragalus sata-kandaoensis
Astragalus satteotoichos
Astragalus schachdarinus
Astragalus scleroxylon
Astragalus sericophyllus
Astragalus sessiliflorus
Astragalus shogotensis
Astragalus sitiens
Astragalus skvortsovii
Astragalus sogdianus
Astragalus sogotensis
Astragalus spartioides
Astragalus speciosissimus
Astragalus steineranus
Astragalus stenoceras
Astragalus stenoceroides
Astragalus storozhevae
Astragalus subexcedens
Astragalus submontanus
Astragalus substenoceras
Astragalus subternatus
Astragalus subuliformis
Astragalus suffalcatus
Astragalus sumbari
Astragalus surchobi
Astragalus syrcus
Astragalus taochius
Astragalus temirensis
Astragalus tephrolobus
Astragalus trachoniticus
Astragalus tscharynensis
Astragalus ucrainicus
Astragalus ugamicus
Astragalus urgutinus
Astragalus variegatus
Astragalus varius
Astragalus varius subsp. varius
Astragalus varius subsp. eupatoricus
Astragalus vassilczenkoanus
Astragalus vesicarius
Astragalus vesicarius subsp. vesicarius
Astragalus vesicarius subsp. carniolicus
Astragalus vesicarius subsp. pastellianus
Astragalus vesicarius var. angelicae
Astragalus vesicarius var. pseudoglaucus
Astragalus viridiformis
Astragalus viridis
Astragalus xanthoxiphidiopsis
Astragalus xiphidium
Astragalus xylocladus
Astragalus zaaminensis
Astragalus zingeri
129(b). sect. Spryginiana (Vassilcz.) F.O.Khass. & Esankulov , (from Dissitiflori) 
Astragalus nigriceps
Astragalus spryginii
129(c). sect. Laxiflora F.O.Khass. & Esankulov , (from Dissitiflori) 
Astragalus angreni
Astragalus baldshuanicus
130. sect. Corethrum Bunge.
Astragalus chaidamuensis
Astragalus dschangartensis
Astragalus eremospartoides
Astragalus hesiensis
Astragalus intarrensis
Astragalus kessleri
Astragalus kronenburgii
Astragalus mackewiczii
Astragalus nematodes
Astragalus pendulipodus
Astragalus pseudoscoparius
Astragalus scoparius
Astragalus semenovii
Astragalus yumenensis
131. sect. Chaetodon Bunge.
Astragalus aemulans
Astragalus allotricholobus
Astragalus ambigens
Astragalus aschuturi
Astragalus breviscapus
Astragalus chaetodon
Astragalus cyrtobasis
Astragalus excelsior
Astragalus flavidus
Astragalus gracilidentatus
Astragalus melanocomus
Astragalus polyzygus
Astragalus rumpens
Astragalus saccocalyx
Astragalus stenocystis
Astragalus subtrijugus
Astragalus tanchasii
Astragalus zerabulaki
132. sect. Cystium Bunge.
Astragalus masenderanus
Astragalus kurdaicus
Astragalus massalskyi
Astragalus owirensis
Astragalus pachyrrhizus
Astragalus physocarpus
Astragalus physodes
Astragalus physodes subsp. acikirensis
Astragalus turkmenensis
133. sect. Paracystium Gontsch.
Astragalus biebersteinii
Astragalus pallasii
Astragalus pseudotetrastichus
Astragalus sumneviczii
Astragalus tetrastichus
134. sect. Craccina (Steven) Bunge.
Astragalus arenarius
Astragalus austriacus
Astragalus baionensis
Astragalus brachybotrys
Astragalus clerceanus
Astragalus consanguineus
Astragalus discolor
Astragalus filiformis
Astragalus hotianensis
Astragalus huthianus
Astragalus kelishomensis
Astragalus khassanovii
Astragalus leptocaulis
Astragalus miniatus
Astragalus miyalomontis
Astragalus petkoffii
Astragalus scopaeformis
Astragalus silvisteppaceus
Astragalus sulcatus
Astragalus variabilis
135. sect. Ammotrophus Bunge.
Astragalus albicans
Astragalus ammotrophus 
136. sect. Pseudammotrophus Gontsch.
Astragalus caulescens
Astragalus cernuiflorus 
Astragalus djilgensis
Astragalus innominatus
Astragalus longisepalus
Astragalus megalanthus
Astragalus saratagius
Astragalus sarbasnensis
137. sect. Baldaccia Sytin & Podlech.
Astragalus autrani
138. sect. Cysticalyx Bunge.
Astragalus alaarczensis
Astragalus cysticalyx
Astragalus dendroides
Astragalus fragiformis
Astragalus gongliuensis
Astragalus kirilovii
Astragalus kopalensis
Astragalus lavrenkoi
Astragalus leucocladus
Astragalus majevskianus
Astragalus melanocladus
Astragalus polemoniacus
Astragalus scleropodius
Astragalus semideserti
Astragalus tyttocarpus
Astragalus veresczagini
Astragalus xanthotrichos
139. sect. Erioceras Bunge.
Astragalus abadehensis
Astragalus alamliensis
Astragalus anacamptoides
Astragalus anacamptus
Astragalus arcuatus
Astragalus arganaticus
Astragalus bavanaticus
Astragalus catacamptus
Astragalus erioceras
Astragalus ferganensis
Astragalus flabellatus
Astragalus garmashubensis
Astragalus granitovii
Astragalus habaheensis
Astragalus harsukhianus
Astragalus hecatae
Astragalus infractus
Astragalus jaxarticus
Astragalus khajehensis
Astragalus khalifatensis
Astragalus khongensis
Astragalus kuldshensis
Astragalus neopopovii
Astragalus neosytinii
Astragalus nubicola
Astragalus pakravaniae
Astragalus pentanthus
Astragalus petraeus
Astragalus pilutschensis
Astragalus polozhiae
Astragalus protectus
Astragalus rarissimus
Astragalus reduncus
Astragalus rubrigalli
Astragalus rudolffii
Astragalus subarcuatus
Astragalus subbijugus
Astragalus subpentanthus
Astragalus sympileicarpus
Astragalus transnominatus
Astragalus triqueter
Astragalus turczaninovii
Astragalus versipilus
Astragalus yangchangii
140. sect. Acantherioceras Rech.f.
Astragalus goreanus
141. sect. Holophyllum Boriss.
Astragalus holophyllus
142. sect. Hypsophilus Bunge.
Astragalus burchan-buddaicus
Astragalus kukunoricus
Astragalus nivalis
Astragalus yechengensis
143. sect. Bulimioides Bunge.
Astragalus unijugus
144. sect. Campylotrichon Gontsch.
Astragalus campylotrichus
145. sect. Cycloglottis Bunge.
Astragalus contortuplicatus
146(38). sect. Harpilobus Bunge.
Go to 38(146). sect. Harpilobus Bunge.
147(58). sect. Bucerates DC.
Go to 58(147). sect. Bucerates DC.
148(61). sect. Synochreati DC.
Go to 61(148). sect. Synochreati DC.
149. sect. Leucophysa Bunge.
Astragalus candidissimus
Astragalus ergenensis
Astragalus qingheensis
Astragalus steinbergianus
Astragalus toksunensis
Astragalus urunguensis
150. sect. Biserrula (L.) Barneby.
Astragalus pelecinus
Astragalus pelecinus subsp. pelecinus
Astragalus pelecinus subsp. leiocarpus
151. sect. Epiglottis Bunge.
Astragalus epiglottis
152. sect. Vulneraria Bunge.
Astragalus vulnerariae
Astragalus vulnerarioides

No Group:
Other Names without section rank
Astragalus angulofractus
Astragalus animaqingshanicus
Astragalus babacianum
Astragalus gabrelianae
Astragalus gandeensis
Astragalus heteracanthus
Astragalus jigenensis
Astragalus katunicus
Astragalus lachungensis
Astragalus larkyaensis
Astragalus linearis
Astragalus lenensis
Astragalus magnibracteus
Astragalus majixueshanicus
Astragalus maquensis
Astragalus nakaoi
Astragalus rytyensis
Astragalus setiformis
Astragalus setiformis var. tenuior
Astragalus setiformis var. typicus
Astragalus sylvaticus
Astragalus xijiangensis
Astragalus yosiianus
Astragalus zhiganicus

