Oxytropis_deflexa	3.30027
Astragalus_polyphyllus	7.25
Astragalus_kurtschumensis	0.8
Astragalus_intarrensis	4
Astragalus_neolipskyanus	0.666667
Astragalus_penduliflorus	11.022
Astragalus_famatinae	6.5
Astragalus_idaeus	7.5
Astragalus_cryptanthus	5.5
Astragalus_schistosus	1.6
Astragalus_kabadianus	3.5
Oxytropis_exserta	2.86364
Astragalus_peckii	1.70833
Astragalus_paposanus	10.8
Astragalus_ceramicus	1.6611
Astragalus_ernestii	7.29032
Astragalus_sardaimionensis	0.8
Astragalus_lagopoides	4.64286
Astragalus_umbraticus	5.85185
Astragalus_mirabilis	8
Astragalus_aksuensis	14.2895
Astragalus_uraniolimneus	3.85714
Astragalus_cuyanus	2.33333
Astragalus_tehuelches	0.666667
Astragalus_brandegeei	2.38889
Astracantha_denudata	7
Astragalus_howellii	3.15152
Astragalus_borodinii	1
Astragalus_thurberi	1.65823
Astragalus_lessertioides	4.2
Astragalus_zohrabi	3.33333
Astragalus_substipitatus	2.5
Astragalus_batangensis	10.75
Astragalus_tennesseensis	0.5
Astragalus_salsugineus	0
Astragalus_pulviniformis	6
Astragalus_subumbellatus	5.16667
Astragalus_diphacus	1.83333
Astragalus_ammodytes	0
Astragalus_brachyodontus	10.75
Astragalus_domeykoanus	2.71429
Astragalus_lurorum	0.5
Astragalus_achundovii	0.5
Astragalus_lacei	5.5
Astragalus_coriaceus	2.96429
Astragalus_xiphidium	4.14286
Oxytropis_tianschanica	8.2
Astragalus_phlomoides	0
Astragalus_durandianus	1.66667
Astragalus_caprinus	1.81405
Astragalus_urceolatus	0.333333
Astragalus_canadensis	1.74528
Astragalus_mangeri	0.666667
Astragalus_cymbicarpos	2.37912
Astragalus_pseudoborodinii	0.333333
Astragalus_leiosemius	2.5
Astragalus_verticillatus	4
Astragalus_asymmetricus	1.68041
Astragalus_flexus	0.214286
Astragalus_peterae	5.66667
Astragalus_anserinus	1.45
Astragalus_eurekensis	3.13514
Astragalus_polozhiae	1.33333
Astragalus_conspicuus	3
Astragalus_multiceps	11.8333
Astragalus_podocarpus	9.5
Astragalus_eremiticus	2.94788
Astragalus_stalinskyi	0
Astragalus_cimae	3.7037
Astragalus_tortuosus	5
Astragalus_denticulatus	3
Astragalus_eucosmus	2.52299
Astragalus_reventiformis	4.06557
Astragalus_patagonicus	2.17647
Astragalus_gilgitensis	10.3333
Astragalus_kunlunensis	0.5
Astragalus_bezudensis	5
Astragalus_atwoodii	3.4
Astragalus_ovigerus	2
Astragalus_campylotrichus	2.2
Astragalus_spatulatus	1.94894
Astragalus_holmgreniorum	1.47059
Astragalus_graveolens	9.66667
Oxytropis_jordalii	5.15556
Astragalus_iselyi	4.11765
Astragalus_odoratus	5.95
Astragalus_harrisonii	2.85714
Astragalus_misellus	2.97059
Astragalus_sesquiflorus	2.97959
Oxytropis_albana	10.625
Astragalus_jiuquanensis	0.5
Astragalus_cytisoides	0.666667
Astragalus_kralikii	0.5
Astragalus_triflorus	5.05882
Astragalus_boeticus	1.90426
Astragalus_goldmanii	1.36364
Astragalus_vulpinus	0.48
Astragalus_macropterus	7.94286
Astragalus_diminutivus	2.28571
Astragalus_uniflorus	5.92308
Astragalus_khoshjailensis	3.66667
Astragalus_shelkovnikovii	3.83333
Astragalus_gorodkovii	2.5
Astragalus_cognatus	0
Astragalus_basineri	4.125
Astragalus_miser	4.26462
Astragalus_salmonis	1.54444
Astragalus_angarensis	1.97436
Astragalus_yunnanensis	8.18182
Astragalus_schmalhausenii	4.77778
Astragalus_monanthemus	7.28571
Oxytropis_oreophila	4.20755
Astragalus_caroli-henrici	3
Astragalus_leucolobus	5.48026
Astragalus_megalanthus	1.8
Astragalus_setosulus	0
Astragalus_biebersteinii	5.25
Astragalus_ornithopodioides	5.33333
Astragalus_desperatus	2.92982
Astragalus_viridis	3.625
Astragalus_sinicus	3.37702
Astragalus_chaetodon	0.5
Astragalus_tremolsianus	5.83333
Astragalus_melanodon	16.6667
Astragalus_pseudojohannis	2.5
Astragalus_psilocentros	5.44286
Astragalus_atropubescens	4.97297
Astragalus_vaccarum	1.4375
Astragalus_sesamoides	1.5
Astragalus_adanus	3.56452
Astragalus_distortus	0.458904
Astragalus_gaubae	0.5
Astragalus_luteolus	4.22222
Astragalus_hypsogenus	2.42857
Astragalus_kungurensis	2.25
Astragalus_calliphysa	4.16667
Astragalus_euchlorus	5.5
Astragalus_galegiformis	6.62162
Astragalus_limprichtii	1.85714
Astragalus_layneae	3.11736
Astragalus_racemosus	0.894632
Astragalus_basiflorus	1
Astragalus_limnocharis	7
Astragalus_egglestonii	2.34375
Astragalus_neobarnebyanus	4.33333
Astragalus_cremnophylax	3.7
Astragalus_lancearius	3.65
Astragalus_discernendus	2
Astragalus_debequaeus	3.55
Astragalus_callistachys	4.5
Astragalus_puniceus	2.57778
Astragalus_parvus	1.6
Astragalus_solitarius	1.87037
Astragalus_chionobiiformis	7.5
Astragalus_speirocarpus	3.02
Oxytropis_czukotica	2.34211
Astragalus_brachycarpus	4.95
Astragalus_dielsii	4.5
Astragalus_sikkimensis	13.1667
Astragalus_monticola	2
Astragalus_sutchuenensis	5.9
Astragalus_hymenocystis	0
Astragalus_casapaltensis	1.66667
Astragalus_soxmaniorum	0.292683
Astragalus_beketowi	8.83333
Astragalus_sedaensis	1.5
Astragalus_isphairamicus	1.5
Astragalus_schmolliae	3.5
Astragalus_aboriginum	4.03043
Astragalus_welshii	3.22222
Astragalus_lacteus	8.63636
Astragalus_scaphoides	4.625
Astragalus_bellus	8
Astragalus_alvordensis	1.5122
Astracantha_diphtherites	2.6
Astragalus_eriocarpus	3
Astragalus_sangimashensis	3.33333
Astragalus_khasianus	3.33333
Astragalus_bisulcatus	1.66667
Astragalus_vesicarius	6.3373
Astragalus_balearicus	2
Astragalus_deanei	5.5
Astragalus_megalomerus	0.5
Astragalus_amphioxys	2.7965
Astragalus_trichopodus	2.70323
Astragalus_loanus	3
Astragalus_unifoliolatus	0.333333
Astragalus_micromerius	2.72727
Astragalus_owirensis	5
Astragalus_spinescens	2
Astragalus_oroproselius	1
Astragalus_hartmanii	3
Oxytropis_jonesii	1.66667
Astragalus_takhtadzhjanii	7.11111
Astragalus_alopecuroides	2.39851
Astragalus_plattensis	0.457143
Astragalus_crassifolius	7.375
Astragalus_coronilla	1.66667
Astragalus_inaequalifolius	2.66667
Astragalus_dictamnoides	3.5
Astragalus_adpressipilosus	8.5
Oxytropis_immersa	6.66667
Astragalus_peltatus	6
Astragalus_ptychophyllus	8.8
Astragalus_reesei	2
Astragalus_polyceras	0.666667
Astragalus_remotiflorus	4.8
Astragalus_helmii	1.84091
Astragalus_pseudokurrumensis	3
Astragalus_magellanicus	0
Astragalus_petropolitanus	0.333333
Astragalus_dingjiensis	2.5
Astragalus_andaulgensis	4
Astragalus_crymophilus	2
Astragalus_chordorrhizus	7.2
Astragalus_illinii	0.75
Astragalus_kentrophyta	4.52489
Astragalus_chamaemeniscus	1.33333
Astragalus_palenae	3.15789
Astragalus_registanicus	1.33333
Astragalus_maassoumii	0.5
Astragalus_fedtschenkoanus	4.57143
Astragalus_gracilidentatus	0
Astragalus_limariensis	1.5
Oxytropis_coerulea	3.88889
Astragalus_cyaneus	1
Astragalus_anthosphaerus	2.33333
Astragalus_corniculatus	2.66667
Astragalus_barnebyi	0.5
Astragalus_abbreviatus	1.66667
Astragalus_purpusii	9.04878
Astragalus_brachypetalus	4
Astragalus_pinonis	2.85714
Astragalus_maurus	7
Astragalus_suberosus	5.21429
Astragalus_laguroides	4.14667
Astragalus_rattanii	3.39456
Astragalus_psilolobus	0.5
Astragalus_fraxinifolius	6.8
Astragalus_humistratus	2.08894
Astragalus_callichrous	3.05926
Astragalus_vogelii	1.2
Astragalus_gueldenstaedtiae	4
Astragalus_wrightii	0.931034
Astragalus_zingeri	2.2619
Astragalus_pennellianus	1.4
Astragalus_toquimanus	2.76471
Astragalus_daghestanicus	7.71429
Astragalus_confertus	5.18182
Astragalus_fruticosus	2.76136
Astragalus_atropurpureus	4.8
Astragalus_pseudoaustralis	7.88889
Astragalus_orthocarpus	6.75
Astragalus_medius	1.14286
Astragalus_khwaja-muhammadensis	1
Carmichaelia_violacea	6
Astragalus_schinetorum	11.5
Astragalus_agraniotii	4
Astragalus_tumninensis	2.5
Astragalus_aspreticola	0.5
Astragalus_argophyllus	3.34496
Astragalus_dianthus	0.4
Astragalus_urbanianus	0
Astragalus_accumbens	3.375
Oxytropis_humifusa	11.9889
Astragalus_wenxianensis	12
Astragalus_sharestanicus	2.5
Astragalus_polycladus	4.77273
Astragalus_nitidiflorus	1.8
Oxytropis_pilosa	3.4884
Astragalus_hispidulus	1.92424
Astragalus_wetherillii	2.52632
Astragalus_mucidus	1.2
Astragalus_remotus	6.17647
Astragalus_calycosus	3.55981
Astragalus_congdonii	6
Astragalus_agrestis	2.13989
Astragalus_kohrudicus	4
Astragalus_haesitabundus	2.83333
Astragalus_arcuatus	0
Astragalus_crassispinus	3
Oxytropis_obnapiformis	1.33333
Astragalus_chrysostachys	2.57143
Astragalus_hoodianus	3.19231
Astragalus_rzaevii	3
Astragalus_aegobromus	7.8125
Sutherlandia_microphylla	2.80612
Astragalus_quinquefoliolatus	0
Astragalus_hypoglottis	5.86837
Astragalus_coccineus	5.199
Astragalus_panduratus	1
Astragalus_cronquistii	1.26923
Astragalus_tribuloides	2.28118
Astragalus_shevockii	4.18182
Astragalus_austrosibiricus	3.78947
Astragalus_karkarensis	0.333333
Astragalus_greggii	5.51724
Oxytropis_racemosa	0.125
Astragalus_varius	0.712871
Astragalus_mayeri	9.07692
Astragalus_didymocarpus	2.33742
Astragalus_simplicifolius	1.6
Astragalus_agameticus	1.5
Astragalus_cymboides	1.57576
Astragalus_monumentalis	3.125
Astragalus_zanskarensis	9.67857
Astragalus_edmondsonii	4
Astragalus_peterfii	0.25
Astragalus_kirrindicus	3.66667
Astragalus_eusarathron	1.5
Astragalus_macropodium	9
Astragalus_politovii	1.33333
Astragalus_georgii	4
Astragalus_oniciformis	1.05263
Astragalus_fucatus	1.62376
Astracantha_gummifera	9.1875
Astragalus_pusillus	3.26087
Astragalus_spaldingii	1.45588
Astragalus_daleae	6
Astragalus_turczaninowii	0.2
Erophaca_baetica	3.42593
Astragalus_pattersonii	3.1037
Sphaerophysa_salsula	1.06
Astragalus_confusus	3.5
Astragalus_maximowiczii	0.333333
Astragalus_clerceanus	1.28571
Astragalus_stepporum	0
Astragalus_arizonicus	3.03955
Astragalus_bashgalensis	0.5
Astracantha_aurea	7
Astragalus_cretaceus	3.18966
Astragalus_tongolensis	7.83333
Astragalus_ornithorrhynchus	2
Astragalus_accidens	3.67089
Astragalus_ruiz-lealii	2.33333
Astragalus_hypoleucus	3.76056
Astragalus_inyoensis	5.5
Astragalus_ovatus	5.25
Astragalus_laricus	3.66667
Astragalus_longidentatus	4.82955
Astragalus_macroceras	4.02778
Astragalus_erivanensis	2.33333
Astragalus_lotiflorus	0.747885
Oxytropis_chionobia	11.7368
Astragalus_kirilovii	1
Astragalus_purpurascens	0.5
Astragalus_auratus	7
Astragalus_kessleri	0.5
Astragalus_sesameus	3.15746
Astragalus_moranii	5.25
Astragalus_acmophylloides	5.5
Astragalus_pyrrhotrichus	7.8
Astragalus_firuzkuhensis	1.5
Astragalus_hypogaeus	3.55556
Astragalus_scutaneus	1.53333
Astragalus_leontinus	12.57
Astragalus_jolderensis	3.33333
Astragalus_tricholobus	1.25
Astragalus_webberi	5.3913
Astragalus_lineatus	9.05
Astragalus_clarkeanus	5
Astragalus_cachinalensis	6.2
Astragalus_sieversianus	3.42857
Astragalus_molestus	3.4
Astragalus_sumbari	2
Astragalus_gibbsii	2.02326
Astragalus_oocalycis	2.16279
Astragalus_canescens	0.5
Astragalus_filicaulis	3.48
Astragalus_caricinus	1.78873
Astragalus_fissuralis	10.8182
Astragalus_gladiatus	4.46154
Astragalus_arkalycensis	2.61905
Astragalus_laxmannii	1.98603
Astragalus_yumenensis	0
Astragalus_paraplesius	2
Astragalus_sevangensis	4.8
Astragalus_curvicarpus	2.12911
Astragalus_chlorostegius	0.5
Astragalus_elatior	1
Astragalus_nivalis	7.28395
Astragalus_neglectus	0.278947
Astragalus_nuttallianus	2.54866
Astragalus_clevelandii	4.40678
Astragalus_recurvus	2.36111
Astragalus_hajastanus	5.66667
Astragalus_chorinensis	2.28571
Astragalus_paralurges	1
Astragalus_varzobicus	1.5
Astracantha_strobilifera	0.333333
Astragalus_oreades	13.2727
Astragalus_leptocaulis	1
Astragalus_munroi	7.57143
Astragalus_olgae	8
Astragalus_atricapillus	10.3333
Astragalus_echinops	6.41667
Astragalus_knightii	0
Astragalus_bornmuellerianus	8
Astragalus_laetus	2.8
Astragalus_neoburkartianus	0
Astragalus_subalpinus	2
Astragalus_scorpioides	1.97872
Astragalus_grahamianus	12.6222
Astragalus_micranthellus	4.25714
Astragalus_tarijensis	5.66667
Astragalus_ampullarius	3.125
Astragalus_echinatus	4.19672
Astragalus_gymnopodus	3
Astragalus_brachybotrys	5.35714
Astragalus_macropetalus	2
Astragalus_chilienshanensis	8.66667
Astragalus_aksaricus	3.33333
Astragalus_miguelensis	4.75
Astragalus_psilacanthus	3.875
Astragalus_episcopus	3.05806
Astragalus_licentianus	1
Astragalus_variabilis	0.4
Astragalus_balchaschensis	1
Astragalus_prorifer	5.23077
Astragalus_froedinii	3.66667
Astragalus_richii	3.33333
Astragalus_angreni	0.5
Astragalus_erythrolepis	2
Astragalus_purshii	3.47082
Astragalus_johnstonii	0.5
Astragalus_harringtonii	2.90909
Astragalus_paktiensis	1.33333
Astragalus_brachytropis	12
Astragalus_joergensenii	3.38889
Astragalus_geniculatus	2.44444
Astragalus_saralensis	6.15385
Astragalus_filipes	2.94564
Astragalus_cuatrecasasii	0
Oxytropis_jacquinii	10.911
Astragalus_schmidii	4
Astragalus_distinens	0.555556
Astragalus_holosemius	1.5
Astragalus_oophorus	4.60482
Astragalus_altus	3.41667
Astragalus_erionotus	8.86667
Astragalus_ortholobus	4.66667
Astragalus_squarrosus	2.9
Astragalus_kudrjaschovii	2.5
Astragalus_neomexicanus	2
Astragalus_ophiocarpus	4
Astragalus_lutosus	3.79688
Astragalus_conjunctus	3.64189
Astragalus_coahuilae	6.06667
Astragalus_teheranicus	5
Astragalus_eriopodus	3.6
Astragalus_ochreatus	6
Astragalus_chamissonis	2.88889
Astragalus_donianus	9.5
Astragalus_geyeri	1.66423
Astragalus_duanensis	5
Astragalus_bicolor	6.16667
Astragalus_regiomontanus	8.8
Astragalus_huthianus	4
Astragalus_lunatus	1
Astragalus_whitneyi	5.51934
Astragalus_gompholobium	3.5
Astragalus_saetiger	3.33333
Astragalus_curvirostris	3
Astragalus_semnanensis	1.5
Astragalus_yoder-williamsii	1.6
Astragalus_oocarpus	3.45783
Astragalus_raphiodontus	2.25
Astragalus_sanctae-crucis	1.25
Astragalus_sericopetalus	3
Astragalus_nigrivestitus	10.5
Astragalus_panamintensis	8.14706
Astragalus_pseudoamygdalinus	3
Astragalus_praelongus	2.45642
Astragalus_ancistrocarpus	2.25
Astragalus_antheliophorus	1
Astragalus_arbuscula	1
Astragalus_dictyolobus	4.8
Astragalus_vexilliflexus	4.328
Astragalus_hymenocalyx	1.5
Astragalus_falconeri	13.2143
Astragalus_feensis	2.6
Astragalus_gracilis	0.851782
Astragalus_sanguineus	6.20548
Astragalus_syreitschikovii	2
Astragalus_sheldonii	4.54348
Astragalus_esperanzae	2.58824
Astragalus_albulus	2.10448
Oxytropis_strobilacea	3.5092
Astragalus_bhotanensis	3.8
Astragalus_minutissimus	4.2
Astragalus_ampullarioides	3
Astragalus_rimarum	12
Astragalus_trigonocarpus	1.75
Astragalus_oocephalus	1.92308
Astragalus_anemophilus	0.846154
Astragalus_lepsensis	3.22222
Astragalus_eurylobus	0.941176
Astragalus_gruinus	5.57576
Astragalus_huiningensis	4.66667
Astragalus_danicus	2.65951
Astragalus_straussii	5
Astragalus_macrourus	5
Astragalus_pauperiflorus	7.33333
Astragalus_erythrosemius	3.33333
Astragalus_radicans	4.1875
Astragalus_diversifolius	2.42857
Astragalus_pseudomegalomerus	1.33333
Astragalus_berteri	2.33333
Astragalus_tragacantha	2.14286
Astragalus_henryi	4.71429
Astragalus_atropilosulus	4.65217
Astragalus_schanginianus	4.42857
Astragalus_salatavicus	4
Astragalus_melanostachys	10.7097
Astragalus_bicristatus	5.6789
Astragalus_mikrophyton	2.5
Astragalus_cicer	1.94943
Astragalus_longistipitatus	8.5
Astragalus_pavlovii	0.5
Astragalus_paradoxus	1.5
Astragalus_zacatecanus	3.2
Astragalus_groetzbachii	3.5
Astragalus_shatuensis	4
Astragalus_compressus	1.57143
Astragalus_sinuatus	2.35
Astragalus_brauntonii	3.63953
Astragalus_aquilanus	6
Astragalus_sanczirii	0.5
Astragalus_hymenostegis	5
Astragalus_ovoideus	3.8
Astragalus_perdurans	4
Astragalus_effusus	2.16667
Astragalus_szovitsii	5.5
Astragalus_badamensis	7
Astragalus_preussii	3.04074
Astragalus_microphysa	5.28571
Astragalus_saurinus	2.55556
Astragalus_beckerianus	8.375
Astragalus_rafaelensis	2.7
Oxytropis_splendens	2.95778
Astragalus_capillipes	1.16667
Astragalus_macropus	1.03704
Astragalus_francisquitensis	5.58824
Astragalus_dumetorum	0.666667
Astragalus_arthurii	6.56
Astragalus_moyanoi	3.5
Oxytropis_neglecta	10.0165
Astragalus_quinqueflorus	1.91667
Astragalus_ponticus	3.35714
Astragalus_levieri	12.3043
Oxytropis_yunnanensis	5.84314
Astragalus_trichocarpus	5.41667
Astragalus_consobrinus	4.42857
Astragalus_rostratus	2
Astragalus_serenoi	4.925
Astragalus_lycioides	11.5714
Astragalus_jabbor-khailii	3.33333
Astragalus_linifolius	3.41667
Astragalus_arnoldii	4.96667
Astragalus_vanillae	0
Astragalus_coluteocarpus	8.09091
Hedysarum_boreale	3.4148
Astragalus_buschiorum	4.25
Astragalus_miyalomontis	3.5
Astragalus_bachmarensis	2.5
Astragalus_ellipsoideus	1.6
Astragalus_stenocystis	8.33333
Astragalus_herbertii	6
Astragalus_chinensis	1.13333
Astragalus_goniatus	1.15
Astragalus_musiniensis	2.2973
Astragalus_lehmannianus	0.538462
Astragalus_tugarinovii	2.89247
Astragalus_lasiopetalus	4.25
Astragalus_hancockii	6.25
Astragalus_arrectus	3.04545
Astragalus_bungeanus	4.26316
Astragalus_frigidus	4.30011
Astragalus_macrotropis	2
Astragalus_siahderrensis	3
Astragalus_sabuletorum	0
Astragalus_lumsdenianus	2
Astragalus_pamirensis	10.1333
Astragalus_longipetiolatus	0
Astragalus_diopogon	7.5
Astragalus_lindheimeri	0.402174
Astragalus_clandestinus	6.5
Astragalus_holophyllus	1.5
Astragalus_persepolitanus	2.45455
Astragalus_pubentissimus	2.04819
Oxytropis_bicolor	1.38776
Astragalus_arnottianus	11.2917
Astragalus_ankylotus	0.5
Astragalus_platyphyllus	8.53333
Astragalus_riparius	2.16667
Astragalus_hyalolepis	4
Astragalus_kazbeki	8.42857
Astragalus_muliensis	6.72727
Astragalus_orbicularifolius	2.625
Astragalus_alyssoides	4.71429
Astragalus_baionensis	0.714286
Oxytropis_scammaniana	5.27338
Astragalus_valparadisiensis	6.66667
Oxytropis_poncinsii	10.7105
Astragalus_arequipensis	3.88462
Astragalus_webbianus	13.625
Astragalus_siliceus	0.555556
Oxytropis_nutans	0.5
Astragalus_stenanthus	1.6
Astragalus_grubovii	2
Astragalus_coquimbensis	4.82353
Astragalus_brachycentrus	0.666667
Astragalus_raddei	5
Astragalus_albicaulis	0.927083
Astragalus_nigrolineatus	0.5
Astragalus_ammodendron	0.6
Astragalus_strigulosus	3.3681
Astragalus_inopinatus	2.89815
Astragalus_australis	8.60688
Astragalus_mucronifolius	4.41667
Astragalus_kifonsanicus	2.09091
Astragalus_trachoniticus	0
Astragalus_souliei	5.8
Astragalus_cracca	0
Astragalus_amblytropis	6.90909
Astragalus_ertterae	5.11111
Astragalus_granitovii	1
Astragalus_juratzkanus	1.4
Astragalus_megacarpus	3.4963
Astragalus_glabellus	0
Astragalus_testiculatus	1.02956
Astragalus_jaliscensis	4.56667
Astragalus_nuciferus	7.16667
Astragalus_stenolepis	6.66667
Astragalus_hamosus	3.01402
Astragalus_bombycinus	2.54839
Astragalus_vesiculosus	4
Astragalus_flavus	2.31805
Astragalus_oihorensis	7
Astragalus_marinus	2.66667
Astragalus_propinquus	4.26961
Astragalus_verrucosus	1.8
Astragalus_tenellus	3.00416
Astragalus_columbianus	3.77778
Astragalus_brazoensis	0.117647
Astragalus_chorizanthus	6
Astragalus_amnis-amissi	5.5
Astragalus_johannis	5.375
Astragalus_gentryi	2.89474
Astragalus_carmanicus	1.5
Astragalus_piptocephalus	14.25
Astragalus_fabrisii	3.66667
Astragalus_oxyodon	5.5
Astragalus_minthorniae	5.1859
Astragalus_dulungkiangensis	9.5
Astragalus_humifusus	6.15385
Astragalus_gorczakovskii	0.75
Astragalus_ammodendroides	5.33333
Astragalus_weberbaueri	6.88
Astragalus_coltonii	4.02055
Astragalus_tatsienensis	6.66667
Astragalus_rufescens	2.5
Astragalus_centralis	0.5
Astragalus_strigosostipulatus	6.5
Astragalus_glaux	4.95768
Astragalus_guttatus	2.18519
Astragalus_toksunensis	0
Astragalus_leucocladus	1.33333
Astragalus_edulis	4.37255
Astracantha_karabaghensis	6.6
Astragalus_bifidus	0
Astragalus_ecbatanus	11.5
Astragalus_nutriosensis	1.5
Astragalus_demavendicolus	1.5
Astragalus_cinereus	3.5
Astragalus_monspessulanus	5.33781
Astragalus_miniatus	0.909091
Astragalus_hololeucoides	3.2
Phyllolobium_tribulifolium	6.41667
Astragalus_rubriflorus	9.33333
Astragalus_naftabensis	5.2
Astragalus_nutans	5.68966
Astragalus_galiifolius	2.5
Astragalus_susianus	8
Astragalus_siliquosus	7.72727
Astragalus_cryptobotrys	7
Astragalus_oxyphysus	2.10545
Astragalus_terminalis	5.2381
Astragalus_striatiflorus	2.2
Astragalus_xylobasis	6.5
Astragalus_mattam	4.64286
Astragalus_taipaishanensis	2.33333
Astragalus_plumbeus	3.66667
Astragalus_sabulosus	1.38889
Astragalus_utriger	2.90323
Astragalus_mercklinii	5.42857
Astragalus_ledinghamii	0.5
Astragalus_punctatus	0.5
Astragalus_anacardius	1
Astragalus_peduncularis	15.0192
Astragalus_sparsus	3
Astragalus_bidentatus	7
Astragalus_supinus	8.5
Astragalus_leptocarpus	0.381356
Astragalus_missouriensis	1.089
Astragalus_camptodontoides	3.25
Astragalus_applegatii	1
Astragalus_lyallii	1.48485
Astragalus_brachystachys	2.68182
Astragalus_rupifragus	1.73864
Astragalus_pendulinus	2.66667
Astragalus_leiophyllus	10.2857
Astragalus_cephalanthus	5.33333
Astragalus_sprucei	7.92857
Astragalus_kustanaicus	0.285714
Astragalus_drupaceus	7.75
Astragalus_pinetorum	8.20588
Astragalus_biovulatus	2
Astragalus_exscapus	3.44949
Astragalus_commixtus	3.5625
Astragalus_serpens	2.38462
Smirnowia_turkestana	0.625
Astragalus_charguschanus	11.8696
Astragalus_baba-alliar	6.25
Astragalus_noziensis	5.5
Astragalus_platysematus	6
Astragalus_lipskyi	2.5
Astragalus_trichanthus	1.5
Astragalus_ciceroides	9.66667
Astragalus_deminutivus	1.57143
Astragalus_tibetanus	10.8201
Astragalus_solandri	3.22222
Astragalus_ebenoides	2.75
Astragalus_nutzotinensis	6.0463
Astragalus_macronyx	3.14286
Astragalus_troglodytus	1.89362
Astragalus_cottonii	6.5
Astragalus_malacus	3.05575
Astragalus_polygala	1.5
Astragalus_lambinonii	1
Astragalus_efoliatus	1.5
Astragalus_glumaceus	1
Astragalus_heydei	0.5
Astragalus_equisolensis	1.28571
Astragalus_lasiophyllus	2
Oxytropis_ochotensis	1.38462
Astragalus_cobrensis	4.03704
Astragalus_sulfuratus	3.5
Astragalus_khaneradarensis	2.5
Astracantha_cerasocrena	4.5
Astragalus_ensifer	0.5
Astragalus_petraeus	0.5
Astragalus_puberulus	6.06452
Astragalus_curvicaulis	7.44444
Astragalus_chloodes	2.67857
Astragalus_kerkukiensis	0
Astragalus_barbatus	6.66667
Astragalus_alaschanus	9
Astragalus_cavanillesii	3.95455
Astragalus_tupalangi	2
Astragalus_nelidae	10.1429
Astragalus_brevipes	3.25
Astracantha_cretica	10.0476
Astragalus_armeniacus	2
Oxytropis_nana	2.125
Astragalus_consanguineus	0
Astragalus_dasyanthus	0.857143
Astragalus_thermensis	0
Astragalus_nivicola	1.54545
Oxytropis_ciliata	1.2
Astragalus_seidabadensis	1.5
Astragalus_spegazzinii	5
Astragalus_subrosulariformis	2
Astragalus_somcheticus	6.70833
Astragalus_coluteopsis	2
Astragalus_lasiosemius	9.1375
Astragalus_piutensis	5.21667
Astragalus_gypsodes	1
Astragalus_germaini	6.5
Astragalus_burkartii	6.23077
Astragalus_nigriceps	1.66667
Astragalus_apollineus	8.7
Astragalus_savellanicus	7
Astragalus_intercedens	3.025
Astragalus_pseudoadsurgens	0.6
Astragalus_exasperatus	4
Astragalus_lentiformis	2
Astragalus_acutifolius	5.5
Astragalus_pseudohypogaeus	0
Astragalus_bodinii	1.30088
Astragalus_anfractuosus	1.25
Astragalus_cisoxanus	3.5
Astracantha_stenonychioides	5
Astragalus_brachylobus	0.291667
Astragalus_kuschkensis	2
Astracantha_parnassi	8.88889
Astragalus_obcordatus	0.130435
Astragalus_pectinatus	0.767241
Astragalus_traskiae	3.5
Astragalus_gambelianus	3.0156
Astragalus_zerdanus	4.5
Astragalus_simpsonii	7
Astragalus_jaxarticus	2.33333
Astragalus_wolgensis	1.32558
Astragalus_hyrcanus	0.4
Astragalus_macrosemius	10.5
Astragalus_balfourianus	9.54167
Astragalus_lemmonii	1.14894
Astragalus_malacoides	3.28205
Astragalus_giganteus	2.98
Astragalus_douglasii	3.50645
Astragalus_chaidamuensis	1.6
Astragalus_pardalinus	1.67857
Astragalus_rawianus	0.5
Astragalus_dendroides	1.5
Astragalus_lucidus	2.5
Astragalus_vavilovii	5.5
Astragalus_nephtonensis	2.11111
Astragalus_reduncus	0.657895
Astragalus_cottamii	1
Astragalus_mahoschanicus	3.46429
Astragalus_grayi	1.23529
Astragalus_mesites	6.5
Astragalus_shinanensis	5
Astragalus_djilgensis	9
Astragalus_hirsutus	4.25
Astracantha_microcephala	6.43243
Astragalus_vaginatus	5.56667
Astragalus_faurei	3.33333
Astragalus_aequalis	6.61538
Astragalus_versicolor	2.4918
Astragalus_atrovinosus	3.33333
Astragalus_glomeratus	0
Oxytropis_sericea	2.60745
Astragalus_bourgaeanus	5.98077
Astragalus_deterior	2.5
Astragalus_naturitensis	2.475
Astragalus_vulcanicus	9.5
Astragalus_lanuginosus	0.5
Astragalus_reinii	10.75
Astragalus_avicennicus	10
Astragalus_myrianthus	1.5
Astragalus_cenorrhynchus	1.5
Astragalus_brevidens	5
Astragalus_schrenkianus	3.5
Astragalus_rhacodes	1.5
Astragalus_emarginatus	9
Astragalus_anisacanthus	3.5
Astragalus_retusifoliatus	7
Astragalus_obscurus	2.975
Astragalus_curtipes	2.69841
Astragalus_skythropos	4.92857
Astragalus_imitensis	11
Astragalus_neuquenensis	2.4
Astragalus_leptus	1.66667
Astragalus_tephrolobus	1.75
Astragalus_succumbens	2.21429
Astragalus_lyonnetii	3.21429
Astragalus_pakistanicus	7.5
Astragalus_englerianus	3.2
Astragalus_pehuenches	3.36652
Astragalus_proximus	2.29091
Astragalus_hemsleyi	2
Astragalus_korovinianus	2.5
Astragalus_vallaris	5.46154
Astragalus_scleroxylon	0
Astragalus_karelinianus	1.66667
Astragalus_mario-sousae	5
Astragalus_chingoanus	2.5
Astragalus_nematodes	1.2
Astragalus_breviscapus	6
Astragalus_weddellianus	6.05
Astragalus_depauperatus	2.34211
Astragalus_dactylocarpus	4.21818
Astragalus_cuscutae	1
Astragalus_crypticus	5.16667
Astragalus_micrancistrus	1
Astragalus_supervisus	3.5
Astragalus_nidularius	2.69565
Astragalus_takharensis	2
Astragalus_bracteosus	0.5
Astragalus_pallescens	0.857143
Astragalus_weixinensis	3
Astragalus_orthocarpoides	0
Astragalus_iodopetalus	1.8125
Astragalus_acutirostris	2.98578
Astragalus_darwinianus	0
Astragalus_demavendicus	2.71429
Astragalus_variegatus	6.8
Astragalus_arganaticus	0
Astragalus_curviflorus	1.4
Astragalus_lithophilus	1.66667
Astragalus_vessalae	4
Astragalus_stipulatus	11.25
Astragalus_pseudoversicolor	3.75
Tragacantha_fasciculifolia	8.14286
Astragalus_reventus	2.96154
Astragalus_impexus	1
Astragalus_magdalenae	0.490741
Astragalus_crotalariae	1.85623
Astragalus_dilutus	3.95122
Astragalus_gombo	2.08696
Astragalus_physodes	1.18519
Astragalus_oxyphysopsis	3.72727
Astragalus_armatus	5.07812
Astragalus_scaberrimus	2.0098
Astragalus_sparsiflorus	3.95455
Astragalus_tolucanus	4.42222
Astragalus_scopulorum	3.66854
Astragalus_cornutus	1.61333
Astragalus_californicus	3.32
Astragalus_karakugensis	0.666667
Astragalus_lentiginosus	2.7506
Astragalus_ibrahimianus	4.36364
Astragalus_aschuturi	0.5
Astragalus_edmondstonei	10.2857
Astragalus_lupulinus	2.55556
Astragalus_lamondiae	0.5
Astragalus_nudisiliquus	1.74157
Astragalus_aduncus	2.4
Astragalus_newberryi	3.60902
Astragalus_termeanus	1.66667
Astragalus_endytanthus	5.25
Astragalus_incanus	3.09004
Astragalus_kolymensis	3.46154
Astragalus_degensis	10.2143
Astragalus_sanguinolentus	7.16667
Astragalus_filiformis	2.48837
Oxytropis_lambertii	1.96
Astragalus_retamocarpus	3.11111
Astragalus_scabrisetus	0
Astragalus_oncotrichus	1
Astragalus_scoparius	0.666667
Astragalus_gracilipes	6.5625
Astragalus_hispanicus	3.45064
Astragalus_olchonensis	1.57143
Astragalus_abnormalis	7
Astragalus_chamaeleuce	2.49045
Astragalus_plagiophacos	5.5
Astragalus_carduchorum	7.5
Astragalus_lalesarensis	7
Astragalus_physocarpus	0.2
Astragalus_wittmannii	0.583333
Astragalus_asplundii	2
Astragalus_flexuosus	2.74242
Astragalus_eriostomus	4
Astragalus_nothoxys	3.78667
Astragalus_aleppicus	2.89855
Astragalus_villosus	0.0923077
Clianthus_puniceus	2.03125
Astragalus_pauper	6.5
Astragalus_valerianensis	0
Astragalus_globiceps	1.75
Astragalus_neurophyllus	4.5
Astragalus_oxyrhynchus	2.97561
Astragalus_molybdenus	7.92857
Astragalus_aspindzicus	2.5
Astragalus_piletocladus	0
Astragalus_beckii	7.77778
Eremosparton_flaccidum	0.75
Astragalus_tenuifolius	0.333333
Astragalus_nyensis	1.75758
Astragalus_montigenus	4.75
Astragalus_tener	0.5
Astragalus_yangtzeanus	6
Astragalus_pseudoutriger	4
Astragalus_tribulifolius	4.66667
Astragalus_helleri	3.85714
Astragalus_speciosus	13
Astragalus_angustiflorus	9.60606
Astragalus_kuramensis	5.66667
Astragalus_tephrosioides	2.66667
Oxytropis_recognita	5.33333
Astragalus_taschkendicus	3.5
Astragalus_microcymbus	2.44444
Astragalus_dahuricus	2
Astragalus_porrectus	3.25
Astragalus_stenoceras	2.35484
Astragalus_erubescens	0.5
Astragalus_sphaerocystis	0.5
Astragalus_tyghensis	2
Astragalus_alpinus	3.17828
Astracantha_granatensis	8.29275
Swainsona_formosa	0.161238
Astragalus_littoralis	1.5
Astragalus_caraganae	4.04167
Astragalus_arbelicus	3.5
Astragalus_castetteri	8
Astragalus_albens	6.68
Astragalus_humilis	5.14286
Astragalus_sieberi	1.63636
Astragalus_rahensis	3.6
Astragalus_contortuplicatus	0.769231
Astragalus_saccatus	0
Astragalus_carminis	5.39286
Astragalus_xipholobus	0.5
Astragalus_shortianus	2.67593
Astragalus_bernardinus	3.92647
Astragalus_cyclophyllon	4
Astragalus_concretus	11.125
Astragalus_craibianus	8.71429
Astragalus_norvegicus	4.95739
Astragalus_funereus	4.2
Astragalus_falciformis	5
Astragalus_glycyphyllos	2.74779
Astragalus_leansanicus	1.77778
Astragalus_inversus	2.375
Astragalus_bounophilus	5.66667
Astragalus_gudrunensis	3
Astragalus_hamrinensis	0.666667
Astragalus_macrocephalus	5
Astragalus_leptaleus	4.31148
Astragalus_davidii	4.875
Astragalus_maurorum	4.6
Astragalus_strictilobus	0
Astragalus_podlechii	7
Astragalus_peregrinus	1.62745
Astragalus_idrietorum	1.78378
Astragalus_hoantchy	0.5
Astragalus_maritimus	6.5
Astragalus_pictiformis	2.3871
Astragalus_rhizanthus	12.7212
Astragalus_titanophilus	2.55556
Astragalus_borraginaceus	0.5
Astragalus_nudus	2
Astragalus_berterianus	3.5
Astragalus_casei	3.91824
Oxytropis_ochrocephala	5.63636
Astragalus_semilunatus	2.66667
Astragalus_glaucus	2.57143
Astragalus_managildensis	4.75
Astragalus_wagneri	2
Astragalus_tigridis	6
Astragalus_mollissimus	2.0037
Oxytropis_mollis	13.0714
Astragalus_fuliginosus	1.5
Astracantha_plumosa	9.25
Astragalus_vexillaris	1.75
Astragalus_andersonii	3.18812
Astragalus_tulinovii	6.74359
Astragalus_scalaris	1.66667
Astragalus_golmuensis	4
Astragalus_ufraensis	0.5
Astragalus_lonchocarpus	2.8314
Astragalus_majevskianus	3
Astragalus_handelii	1.6
Oxytropis_vassilczenkoi	2.81081
Astragalus_alaicus	1.75
Astragalus_ugamicus	6.5
Oxytropis_hirta	2.27273
Astragalus_marianus	2
Astragalus_cottonianus	6.16667
Astragalus_xanthotrichus	0
Astragalus_minimus	2
Astragalus_pulsiferae	2.68056
Astragalus_bonariensis	10
Astragalus_pseudochlorostachys	1
Astragalus_melanochiton	7
Astragalus_uliginosus	1.7362
Astragalus_adsurgens	2.32824
Astragalus_reflexistipulus	4.9
Astragalus_wilmottianus	3
Astragalus_nobilis	8.66667
Astragalus_moellendorffii	3
Astragalus_charadzeae	7.66667
Astragalus_villosissimus	1
Astragalus_humillimus	1.875
Astragalus_oplites	8.75
Astragalus_clarianus	2.28571
Astragalus_tioides	0
Astragalus_spartioides	0
Astragalus_densiflorus	4.86486
Astragalus_tarumensis	3.5
Astragalus_brachypus	0
Astragalus_prilipkoanus	7.25
Astragalus_hidalgensis	5.76923
Astragalus_catabostrychos	2.33333
Astragalus_turolensis	2.25
Oxytropis_aciphylla	2.03571
Astragalus_monbeigii	6.01852
Oxytropis_koyukukensis	2.27273
Astragalus_piscator	3.72727
Astragalus_askius	5
Oxytropis_talassica	5
Astragalus_semicircularis	1
Astragalus_darii	1
Oxytropis_melanocalyx	4.72727
Astragalus_potosinus	1.57143
Astragalus_osterhoutii	2.13333
Astragalus_tephrodes	3.14778
Astragalus_sirinicus	9.67647
Astragalus_ceratoides	3.86458
Astragalus_aquilonius	6.17391
Oxytropis_lapponica	6.57716
Astragalus_chiwensis	0.666667
Astragalus_anisus	3.15789
Astragalus_galactites	1.75862
Astracantha_deinacantha	3.45
Oxytropis_viscida	4.80057
Astragalus_glaucacanthos	2.14286
Astragalus_curvipes	3.44444
Astragalus_comosus	3.16667
Astragalus_wenquanensis	12
Astragalus_porphyrocalyx	1.5
Astragalus_sachalinensis	1
Astragalus_tegetarioides	1.77778
Astragalus_micranthus	2.87023
Astragalus_punae	2
Astragalus_tungensis	9.75
Astragalus_onobrychis	5.54894
Astragalus_aridus	0.788321
Astragalus_toanus	1.72297
Astragalus_terrestris	0.5
Astragalus_capito	8
Oxytropis_eriocarpa	4.92857
Astragalus_severzovii	0.25
Astragalus_venturii	0.666667
Astragalus_albertoregelia	13
Astragalus_hallii	2.35638
Astragalus_latiunguiculatus	4.5
Astragalus_xanthomeloides	2.5
Astragalus_brevialatus	7
Astragalus_taubertianus	0
Astragalus_amarus	0
Astragalus_nurensis	6.66667
Astragalus_sarbasnensis	2.5
Astragalus_vegetus	8.25
Oxytropis_grandiflora	1.41463
Astragalus_hirtus	4
Astragalus_austroaegaeus	5.5
Oxytropis_taochensis	3
Oxytropis_riparia	1.54545
Astragalus_minutulus	3.5
Astragalus_pycnostachyus	2.5
Astragalus_dipelta	4.6
Oxytropis_kobukensis	0.470588
Oxytropis_squammulosa	2.22222
Astragalus_legionensis	8.375
Astragalus_kerrii	3.2
Astragalus_cerasinus	2.5
Astragalus_pseudocytisoides	0.5
Astragalus_complanatus	0.5
Astragalus_dombeyi	7
Astragalus_taiyuanensis	1
Astragalus_argyroides	2.57143
Astragalus_straturensis	4.17021
Astragalus_pachypus	3.98438
Astragalus_vallicola	2.8125
Astragalus_reichei	5.78571
Astragalus_breweri	2.68
Astragalus_anisomerus	2.75
Astragalus_chardinii	2.8
Astragalus_porphyrophysa	5.66667
Astragalus_macrostachys	2.54545
Astragalus_pachyrhizus	1.33333
Astragalus_tawilicus	6.5
Astragalus_grammocalyx	1.5
Astragalus_bossuensis	0.833333
Astragalus_tidestromii	2.7193
Astragalus_paucijugus	0.2
Astragalus_hornii	0.577778
Astragalus_rawlinsianus	2
Astragalus_ensiformis	3.14286
Astragalus_pseudofragiferus	1
Astragalus_hypoxylus	1.8
Astragalus_williamsii	2.09677
Astragalus_adzharicus	8.25
Astragalus_angustifolius	9.26316
Astragalus_temirensis	0.636364
Astragalus_tiehmii	1.11111
Astragalus_oligophyllus	3
Astragalus_nelsonianus	1.35294
Astragalus_bazmanicus	2.66667
Astragalus_spinosus	3.37584
Astragalus_leibergii	3.92308
Astragalus_sericeocanus	1.5
Astragalus_goktschaicus	7.2
Astragalus_monoensis	3.5122
Astragalus_peruvianus	3.89655
Astragalus_dschangartensis	10
Astragalus_xiphoides	1
Astragalus_ishkamishensis	3.5
Astragalus_cerussatus	3.55172
Astragalus_laguriformis	2
Astragalus_palmeri	4.66149
Astragalus_hohenackeri	2
Astragalus_brandegei	2.5625
Astragalus_falcatus	3.23684
Astragalus_sommieri	4.5
Astragalus_rytilobus	1.25
Astragalus_flexicaulis	7.5
Astragalus_erwinii-gaubae	2
Astragalus_macrodon	2.64634
Astragalus_kuschakewiczi	5.2
Astragalus_kermanschahensis	4.5
Astragalus_corrugatus	2.15094
Astragalus_reflexus	0.375
Astragalus_schistocalyx	7.4
Astragalus_pissisi	6.5
Astragalus_leucocephalus	5.5
Astragalus_polyacanthus	8.28571
Astragalus_amatus	4.83333
Astragalus_insularis	2.45726
Astragalus_submitis	8
Astragalus_annularis	1.34409
Astragalus_uncialis	1.84615
Astragalus_boelckei	8.42857
Astragalus_stewartii	6.41667
Oxytropis_oxyphylloides	3
Astragalus_lasioglottis	2.375
Astragalus_jessenii	3
Astragalus_jodotropis	7.85714
Astragalus_hoffmeisteri	10.7143
Astragalus_captiosus	10.9286
Astragalus_rigidulus	2.25
Astragalus_eupeplus	2.5
Astragalus_onobrychioides	5.5
Astragalus_matiensis	3.5
Astragalus_werdermannii	2
Astragalus_atratus	2.88462
Astragalus_cruckshanksii	8.21053
Astragalus_laceratus	0
Astragalus_megricus	5
Astragalus_tashqurghanicus	0.333333
Astragalus_ackerbergensis	2.6
Astragalus_collinus	3.35165
Astragalus_suffruticosus	1.57143
Astragalus_campylanthus	4.375
Astragalus_tweedyi	2.72727
Astragalus_tetrapterus	1.75
Astragalus_frickii	10.5833
Astragalus_chlorodontus	3.75
Astragalus_ulothrix	1
Astragalus_wootonii	1.95291
Oxytropis_aucheri	5.5
Astragalus_chalaranthus	11.5
Astragalus_cuneifolius	2
Oxytropis_multiceps	3.09483
Astragalus_iljinii	5.66667
Astragalus_pelecinus	2.60418
Astragalus_prattii	6.88889
Astragalus_stevenianus	2.58333
Astragalus_bashmensis	5.66667
Astragalus_callithrix	1.6129
Astragalus_asclepiadoides	1.78378
Astragalus_longilobus	5.5
Astragalus_musimonum	0.5
Astragalus_oxypterus	8.5
Astragalus_floridulus	7.82759
Astragalus_taochius	7.5
Oxytropis_ochroleuca	0.5
Astragalus_kahiricus	1.3125
Astragalus_tataricus	3.33333
Astragalus_paralipomenus	5.66667
Astragalus_chlorostachys	10.1935
Astragalus_bowes-lyonii	7
Astragalus_trimestris	1.71429
Astragalus_concinnus	6.5
Astragalus_flavocreatus	7.77778
Astragalus_gilensis	1.78689
Astragalus_austriacus	2.89768
Oxytropis_parryi	6.18692
Astragalus_beckwithii	3.85961
Astragalus_schizotropis	0
Astragalus_amherstianus	4.725
Astragalus_dolichophyllus	0.678571
Astragalus_glycyphylloides	5.34375
Astragalus_mokiacensis	5.10638
Astragalus_kashmirensis	5.66667
Astragalus_crenatus	2.35088
Astragalus_suprapilosus	3
Astragalus_ishigensis	0
Astragalus_ervoides	3.72727
Astragalus_ripleyi	2.27273
Astragalus_saxorum	8
Astragalus_garbancillo	5.65333
Astragalus_anserinifolius	2.66667
Astragalus_titovii	2.5
Astragalus_dekazygus	1.5
Astragalus_quinquejugus	2
Astragalus_follicularis	5.16129
Astragalus_parodii	3.15385
Astragalus_ochrochlorus	2.6
Astragalus_zayuensis	5
Astragalus_brackenridgei	5.75
Astragalus_baitagensis	3.5
Astragalus_arenarius	0.32987
Astragalus_subsecundus	11.8
Oxytropis_arctica	1.98054
Astragalus_alexandrii	5.66667
Wisteria_sinensis	1.0439
Astragalus_chuskanus	3.25
Astragalus_sclerocarpus	2.08182
Astragalus_poliotrichus	1.5
Astragalus_pullus	5.09091
Astragalus_algerianus	3.57407
Astragalus_paysonii	4.23077
Astragalus_pseudotesticulatus	3.66667
Astragalus_bustillosii	8.58065
Astragalus_pushtashanicus	7.5
Astragalus_fragrans	5.30556
Astragalus_sulcatus	0.868852
Astragalus_gilmanii	7.26087
Astragalus_scorpiurus	3.85185
Astragalus_thomsonii	3
Astragalus_meiliensis	4.5
Astragalus_alamliensis	0
Astragalus_submaculatus	9.5
Astragalus_subuliformis	1.07339
Astragalus_ionae	1.33333
Astragalus_fuhsii	1
Oxytropis_williamsii	10.9167
Astragalus_stapfii	5.5
Astragalus_rosae	5
Astragalus_schelichowii	1.98261
Astragalus_remotijugus	6.5
Astragalus_scheremetevianus	12.5714
Colutea_abyssinica	6.5
Astragalus_pauranthus	0
Astragalus_wardii	2.60526
Oxytropis_qinghaiensis	4
Astragalus_junatovii	0.333333
Astragalus_horridus	7.28571
Astragalus_urmiensis	3
Astragalus_mareoticus	0.5
Astragalus_eastwoodiae	2.97368
Astragalus_beathii	0.714286
Astragalus_cusickii	4.8805
Astragalus_sciureus	2
Astragalus_nitens	3.66667
Astragalus_rhizocephalus	12.6154
Astragalus_verus	8.67123
Astragalus_aeluropus	0
Astragalus_austiniae	5.84211
Astragalus_albertii	1.66667
Astragalus_zionis	5.11538
Astragalus_convallarius	3.25801
Astragalus_archibaldii	1.5
Astragalus_forrestii	2.5
Oxytropis_maydelliana	3.0303
Astragalus_chrysopterus	4
Astragalus_strictus	7.2616
Astragalus_kronenburgii	0.5
Astragalus_palibinii	1.95238
Astragalus_altaicola	3.2
Astragalus_podolobus	4.92308
Astragalus_daenaensis	3
Astragalus_vagus	6.5
Astragalus_campylorhynchus	3.11765
Astragalus_beatleyae	0.75
Astragalus_austroargentinus	0
Astragalus_ravenii	6.28571
Astragalus_bourgovii	6.4965
Astragalus_camptoceras	3
Astragalus_fialae	3.75
Astragalus_schimperi	1.46667
Astragalus_altimurensis	4
Astragalus_hololeios	0.666667
Astragalus_sungpanensis	3.89474
Oxytropis_savellanica	11.5
Astragalus_harpocarpus	3.5
Astragalus_megalocystis	6
Astragalus_schugnanicus	9.14286
Astragalus_bakuensis	0.333333
Astragalus_mailiensis	7
Astragalus_leptophysus	1.5
Astragalus_pterocarpus	2.53191
Astragalus_ordubadensis	2.5
Astragalus_sogdianus	0.5
Astragalus_tanaiticus	1
Astragalus_campylosema	4.88889
Astragalus_roseus	0
Astragalus_heterodontus	1.75
Astragalus_robustus	4.06667
Astragalus_pulcher	5.33333
Astragalus_popovii	0.666667
Astragalus_michauxii	0.304348
Astragalus_floridus	5.28125
Astragalus_oreganus	2.08333
Astragalus_sterilis	2.42857
Astragalus_nigricalycis	0
Astragalus_drabelliformis	1
Astragalus_parvicarinatus	0.333333
Astragalus_inflexus	3.95238
Astragalus_alatavicus	8.2
Astragalus_subcinereus	3.39831
Astragalus_looseri	4.66667
Astragalus_freitagii	1.5
Astragalus_drummondii	2.375
Astragalus_ochroleucus	6.5
Astragalus_trigonus	0.571429
Astragalus_orcuttianus	6.83333
Astragalus_diaphanus	4.80488
Astragalus_vicarius	2
Astragalus_tricarinatus	4.88298
Astragalus_mackewiczii	2
Astragalus_levitubus	3
Astragalus_guatemalensis	5.41993
Astragalus_irinaea	2
Astragalus_alopecurus	6.98352
Astragalus_brahuicus	1.5
Astragalus_himalayanus	12.2593
Astragalus_clusii	1.89474
Astragalus_hartwegii	3.04225
Astragalus_longipetalus	0.62069
Astragalus_harbisonii	1.6
Astragalus_rhodosemius	8.4
Astracantha_bethlehemitica	3.02804
Astragalus_microcystis	3.59322
Astragalus_fangensis	1
Astragalus_sangonensis	2.33333
Astragalus_moencoppensis	3.18868
Astragalus_arguricus	6.66667
Astragalus_ajfreidii	0.5
Astragalus_ruscifolius	2.75
Astragalus_masenderanus	5.25
Astragalus_hintonii	5
Oxytropis_campanulata	1.54651
Astragalus_oxyglottis	3.26531
Astragalus_aqrabatensis	4.5
Astragalus_aloisii	0.5
Astragalus_sepultipes	7.52
Oxytropis_lagopus	3.16475
Astragalus_griffithii	3.4
Astragalus_angustatus	0.5
Astragalus_pseudonobilis	10.8333
Astragalus_recognitus	1.5
Astragalus_chionanthus	5.66667
Astragalus_murinus	7.75
Astragalus_sachanewii	13
Astragalus_franziskae	2
Astragalus_saxifractor	6.4
Astragalus_harpilobus	0.588235
Astragalus_darumbium	5.85714
Astragalus_stocksii	3.75
Astragalus_chubutensis	6.57143
Astragalus_sikokianus	5
Astragalus_macrobotrys	1.2
Astragalus_crassicarpus	0.921316
Astragalus_microdontus	0
Astragalus_riouxii	4.33333
Astragalus_graecus	1.125
Astragalus_mossulensis	1.5
Astragalus_camelorum	2.33333
Lessertia_capitata	3.89474
Astragalus_geminiflorus	8.24074
Astragalus_austinae	7.8
Astragalus_multijugus	4.4
Astragalus_algarbiensis	1.33333
Astragalus_acaulis	9.725
Astragalus_brevifolius	3.03704
Astragalus_macropelmatus	5
Astragalus_aucheri	2.58333
Astragalus_muelleri	5.15385
Astragalus_tschujensis	5.25
Astragalus_sinaicus	3.44681
Astragalus_sphaeranthus	10.3333
Astragalus_argentinus	0
Astragalus_falcigerus	2.25
Astragalus_turbinatus	1.33333
Astragalus_fragiferus	10.4
Astragalus_tabrisianus	0
Astragalus_bolanderi	5.45205
Astragalus_asper	0.555556
Astragalus_monadelphus	3.6
Astragalus_chiukiangensis	8.25
Astragalus_cibarius	3.46512
Astragalus_buchtormensis	0.703297
Astragalus_macrotrichus	5.26667
Astragalus_umbellatus	3.20312
Astragalus_canoflavus	1.5
Astragalus_sempervirens	8.86239
Astragalus_spruneri	4.2069
Astragalus_rubrolineatus	8.5
Astragalus_pomonensis	2.2899
Astragalus_baissunensis	3
Oxytropis_ochrantha	4.11111
Astragalus_complicatus	6
Astragalus_anxius	0.666667
Astragalus_anni-novi	1.25
Astragalus_pueblae	1.2
Astragalus_polaris	4.76923
Astragalus_shiroumensis	8.62791
Astragalus_citrinus	2.46154
Astragalus_neocarpus	0
Astragalus_tanguticus	0.5
Astragalus_cancellatus	6.15625
Astragalus_orbiculatus	0
Astragalus_ajubensis	4.57143
Astragalus_duchesnensis	1.6338
Astragalus_eremophilus	2.03125
Astragalus_epiglottis	4.07292
Astragalus_jejunus	2.17391
Astragalus_kavirensis	4.5
Astragalus_fenzelianus	4.73077
Astragalus_stella	2.55968
Astragalus_fabaceus	4.30769
Astragalus_maxwellii	16
Astragalus_parwanicus	0.666667
Oxytropis_macrocarpa	6.22222
Astragalus_tortipes	0.5
Astragalus_pringlei	1.64706
Astragalus_pellitus	3
Astragalus_depressus	8.96296
Astragalus_kaghysmani	2
Astragalus_griseus	6.4
Astragalus_americanus	3.40796
Astragalus_sinaloae	4.55556
Astragalus_alopecias	1.85714
Astragalus_bergii	1.83333
Astragalus_smithianus	6.25
Astragalus_secundus	2.5
Oxytropis_falcata	2.47619
Astragalus_calycinus	4.15789
Astragalus_platytropis	6.31507
Astragalus_connectens	2.5
Astragalus_detritalis	2.26415
Astragalus_infestus	2.66667
Astragalus_phoenix	2.02778
Astragalus_melilotoides	2.36496
Astragalus_mendocinus	3.25
Astragalus_nummularius	8.66667
Astragalus_sahendi	8
Astragalus_bryantii	2
Astragalus_sanctorum	0
Astragalus_lilacinus	6
Astragalus_zagrosicus	9.75
Astragalus_laccoliticus	3.5
Oxytropis_microphylla	7.91617
Astragalus_rusbyi	5.58824
Astragalus_havianus	2.4
Astragalus_jaegerianus	1.69231
Astragalus_maroccanus	1
Astragalus_agnicidus	5.10526
Astragalus_sabulonum	2.32558
Oxytropis_pauciflora	6.46903
Astragalus_incertus	6.35294
Astragalus_wingatanus	3.06842
Astragalus_robbinsii	5.03459
Astragalus_dodtii	10.6
Astragalus_discolor	0.5
Astragalus_habamontis	0.5
Astragalus_mongholicus	2.72794
Astragalus_pseudocyclophyllus	3
Astragalus_desereticus	4.625
Astragalus_dependens	1
Astragalus_castaneiformis	3.40323
Astragalus_rytidocarpus	5
Oxytropis_mertensiana	3.49635
Astragalus_saganlugensis	4.66667
Astragalus_fridae	2
Astragalus_caeruleopetalinus	10.25
Tragacantha_densifolia	5.44444
Oxytropis_kansuensis	6.11702
Astragalus_parryi	3.81879
Oxytropis_adamsiana	2.47097
Astragalus_iodanthus	2.56985
Astragalus_argutensis	2.71429
Astragalus_freynii	12
Astragalus_hemiphaca	0.666667
Astragalus_subarcuatus	1
Astragalus_gebleri	0
Astragalus_mohavensis	5.85714
Astragalus_subverticillatus	6
Astragalus_ackermanii	9.28571
Astragalus_dignus	12.2
Astragalus_heptapotamicus	2
Astragalus_alpamarcae	4
Astragalus_laspurensis	0
Astragalus_sericophyllus	4.7
Astragalus_satoi	0.333333
Astragalus_camptopus	1.39394
Astragalus_przewalskii	6
Astragalus_pseudoindurascens	3.5
Astragalus_carinatus	1.95238
Astragalus_manucehrii	0.5
Astragalus_latifolius	15.9068
Astragalus_dzebrailicus	3.5
Astragalus_reuterianus	3.25
Astracantha_pterocephala	2.66667
Astragalus_woodruffii	1.4375
Astragalus_icmadophilus	11.3333
Astragalus_maireanus	3
Astragalus_calamistratus	2.5
Astracantha_oleifolia	3.21429
Astragalus_circumdatus	3.32432
Astragalus_waterfallii	1.11538
Astragalus_tamiricus	1
Astragalus_fastidius	1.6383
Astragalus_xanthoxiphidiopsis	6.11111
Astragalus_cochabambensis	1
Astragalus_ammotrophus	0
Astragalus_tolmaczevii	1.02778
Astragalus_pseudomultijugus	5.33333
Astragalus_rosellus	9.5
Astragalus_cysticalyx	1
Astragalus_sophoroides	1.5
Astragalus_emoryanus	2.49123
Astragalus_hamiltonii	1.78049
Astragalus_subvestitus	3.5
Astragalus_elymaiticus	1
Astragalus_mulfordiae	1.725
Oxytropis_besseyi	2.55725
Astragalus_bibullatus	0.615385
Astragalus_demetrii	7.25
Astragalus_akkensis	4.25
Astragalus_veresczaginii	1
Astragalus_varus	3.25
Oxytropis_campestris	5.202
Astragalus_schahrudensis	2.875
Astragalus_melanocalyx	1.5
Astragalus_pauperculus	1.93671
Astragalus_perianus	5.41667
Astragalus_adulterinus	0
Astragalus_asterias	2.52968
Astragalus_hauarensis	1.23077
Astragalus_chomutowii	10.4
Oxytropis_nigrescens	3.92095
Astragalus_eugenii	7.5
Astracantha_caucasica	3
Astragalus_jodostachys	9
Astragalus_colhuensis	0
Astragalus_vereskensis	5
Astragalus_cyri	4.33333
Astragalus_pseudobrachystachys	2
Astragalus_bakaliensis	1
Astragalus_longissimus	2.91667
Astragalus_jesdianus	1.33333
Onobrychis_conferta	4.65979
Astragalus_jagnobicus	8.5
Astragalus_nuttallii	1.90909
Astragalus_shagalensis	1
Astragalus_persicus	9
Astragalus_ferganensis	0
Astragalus_stipitatus	4.9
Astragalus_lorinserianus	1
Astragalus_terracianoi	0
Astragalus_reticulatus	0.8
Astragalus_luxurians	5.33333
Astragalus_allochrous	2.67623
Astragalus_utahensis	4.47038
Astragalus_kirpicznikovii	3.25
Astragalus_triradiatus	1
Astragalus_shultziorum	6.93333
Astragalus_kialensis	5.57143
Astragalus_kaufmannii	5.16071
Astragalus_johannis-howellii	1.09524
Astragalus_sanandajianus	0.5
Astragalus_piscinus	0
