Oxytropis_deflexa	45.0209
Astragalus_polyphyllus	26
Astragalus_kurtschumensis	35.6
Astragalus_intarrensis	22
Astragalus_neolipskyanus	26.1667
Astragalus_penduliflorus	47.9543
Astragalus_famatinae	43.8
Astragalus_idaeus	18
Astragalus_cryptanthus	39.5
Astragalus_schistosus	32.8
Astragalus_kabadianus	14.5
Oxytropis_exserta	46.9091
Astragalus_peckii	49.1667
Astragalus_paposanus	45.6
Astragalus_ceramicus	49.432
Astragalus_ernestii	42.2581
Astragalus_sardaimionensis	33.2
Astragalus_lagopoides	31.7037
Astragalus_umbraticus	35.2963
Astragalus_mirabilis	34
Astragalus_aksuensis	47.7105
Astragalus_uraniolimneus	29
Astragalus_cuyanus	35.3333
Astragalus_tehuelches	38
Astragalus_brandegeei	46.463
Astracantha_denudata	36.9583
Astragalus_howellii	34.7879
Astragalus_borodinii	33
Astragalus_thurberi	35.0506
Astragalus_lessertioides	34.8
Astragalus_zohrabi	23.6667
Astragalus_substipitatus	17.5
Astragalus_batangensis	41.375
Astragalus_tennesseensis	26.4889
Astragalus_salsugineus	17.5
Astragalus_pulviniformis	46.6
Astragalus_subumbellatus	39.1154
Astragalus_diphacus	27.0667
Astragalus_ammodytes	22
Astragalus_brachyodontus	30.5
Astragalus_domeykoanus	49.1429
Astragalus_lurorum	15.5
Astragalus_achundovii	16
Astragalus_lacei	21
Astragalus_coriaceus	28.1786
Astragalus_xiphidium	27.8571
Oxytropis_tianschanica	39.4
Astragalus_phlomoides	18
Astragalus_durandianus	27
Astragalus_caprinus	40.0691
Astragalus_urceolatus	31.6667
Astragalus_canadensis	39.9173
Astragalus_mangeri	26
Astragalus_cymbicarpos	43.4725
Astragalus_pseudoborodinii	26
Astragalus_leiosemius	20
Astragalus_verticillatus	25
Astragalus_asymmetricus	37.1546
Astragalus_flexus	36.7143
Astragalus_peterae	39.4444
Astragalus_anserinus	40.4
Astragalus_eurekensis	38.027
Astragalus_polozhiae	28.3333
Astragalus_conspicuus	22
Astragalus_multiceps	46.8889
Astragalus_podocarpus	34.75
Astragalus_eremiticus	42.9218
Astragalus_stalinskyi	28.25
Astragalus_cimae	55.5741
Astragalus_tortuosus	23.25
Astragalus_denticulatus	17.5
Astragalus_eucosmus	42.5657
Astragalus_reventiformis	39.6557
Astragalus_patagonicus	56.0667
Astragalus_gilgitensis	45.6667
Astragalus_kunlunensis	21.5
Astragalus_bezudensis	37.875
Astragalus_atwoodii	39
Astragalus_ovigerus	16
Astragalus_campylotrichus	26.4
Astragalus_spatulatus	40.9507
Astragalus_holmgreniorum	52.1765
Astragalus_graveolens	42.6364
Oxytropis_jordalii	42.2632
Astragalus_iselyi	43.1176
Astragalus_odoratus	32.6
Astragalus_harrisonii	52.0714
Astragalus_misellus	38.8824
Astragalus_sesquiflorus	51.3469
Oxytropis_albana	39.7188
Astragalus_jiuquanensis	21.5
Astragalus_cytisoides	18.6667
Astragalus_kralikii	37.6667
Astragalus_triflorus	57.4737
Astragalus_boeticus	37.8992
Astragalus_goldmanii	24.7273
Astragalus_vulpinus	31.4167
Astragalus_macropterus	43.5857
Astragalus_diminutivus	49.2143
Astragalus_uniflorus	43.3077
Astragalus_khoshjailensis	33.3333
Astragalus_shelkovnikovii	30.6667
Astragalus_gorodkovii	22
Astragalus_cognatus	17.5
Astragalus_basineri	31.25
Astragalus_miser	43.6767
Astragalus_salmonis	36.7
Astragalus_angarensis	38.7949
Astragalus_yunnanensis	43.9394
Astragalus_schmalhausenii	27.7778
Astragalus_monanthemus	38.5714
Oxytropis_oreophila	44.9182
Astragalus_caroli-henrici	20
Astragalus_leucolobus	51.9803
Astragalus_megalanthus	31.2
Astragalus_setosulus	27
Astragalus_biebersteinii	27.25
Astragalus_ornithopodioides	31.5
Astragalus_desperatus	54.6447
Astragalus_viridis	33.375
Astragalus_sinicus	34.2996
Astragalus_chaetodon	0
Astragalus_tremolsianus	32.8333
Astragalus_melanodon	41.5
Astragalus_pseudojohannis	24.5
Astragalus_psilocentros	38.0571
Astragalus_atropubescens	44.5135
Astragalus_vaccarum	28.4062
Astragalus_sesamoides	25
Astragalus_adanus	41.9194
Astragalus_distortus	29.6747
Astragalus_gaubae	29.5
Astragalus_luteolus	37.2222
Astragalus_hypsogenus	51.5
Astragalus_kungurensis	27.5
Astragalus_calliphysa	42.5
Astragalus_euchlorus	32.8333
Astragalus_galegiformis	36.5135
Astragalus_limprichtii	32.7143
Astragalus_layneae	59.8851
Astragalus_racemosus	36.7455
Astragalus_basiflorus	24.5
Astragalus_limnocharis	42.3235
Astragalus_egglestonii	43.8125
Astragalus_neobarnebyanus	39
Astragalus_cremnophylax	45.2
Astragalus_lancearius	53.55
Astragalus_discernendus	28.75
Astragalus_debequaeus	38.95
Astragalus_callistachys	25.5
Astragalus_puniceus	42.2
Astragalus_parvus	27.3
Astragalus_solitarius	43.3704
Astragalus_chionobiiformis	20
Astragalus_speirocarpus	39.58
Oxytropis_czukotica	42.9268
Astragalus_brachycarpus	30.8
Astragalus_dielsii	36.5
Astragalus_sikkimensis	45.1667
Astragalus_monticola	46
Astragalus_sutchuenensis	32.75
Astragalus_hymenocystis	18
Astragalus_casapaltensis	27.6667
Astragalus_soxmaniorum	46.3659
Astragalus_beketowi	38.6667
Astragalus_sedaensis	21
Astragalus_isphairamicus	23.5
Astragalus_schmolliae	32.25
Astragalus_aboriginum	42.0219
Astragalus_welshii	39.1111
Astragalus_lacteus	36.5455
Astragalus_scaphoides	41.6562
Astragalus_bellus	46.4
Astragalus_alvordensis	46.6829
Astracantha_diphtherites	25
Astragalus_eriocarpus	31.6364
Astragalus_sangimashensis	25
Astragalus_khasianus	30
Astragalus_bisulcatus	40.7177
Astragalus_vesicarius	38.1116
Astragalus_balearicus	23.3333
Astragalus_deanei	34.7917
Astragalus_megalomerus	31.5
Astragalus_amphioxys	52.5768
Astragalus_trichopodus	38.7222
Astragalus_loanus	34.8333
Astragalus_unifoliolatus	33.5
Astragalus_micromerius	44.2727
Astragalus_owirensis	25.5
Astragalus_spinescens	17.5
Astragalus_oroproselius	16.5
Astragalus_hartmanii	19.3333
Oxytropis_jonesii	29.6667
Astragalus_takhtadzhjanii	31.4444
Astragalus_alopecuroides	36.7989
Astragalus_plattensis	34.2393
Astragalus_crassifolius	41
Astragalus_coronilla	36.6667
Astragalus_inaequalifolius	29.3333
Astragalus_dictamnoides	23
Astragalus_adpressipilosus	34.5
Oxytropis_immersa	35.8333
Astragalus_peltatus	32
Astragalus_ptychophyllus	26.8
Astragalus_reesei	19
Astragalus_polyceras	22
Astragalus_remotiflorus	36.4
Astragalus_helmii	32.907
Astragalus_pseudokurrumensis	17.5
Astragalus_magellanicus	37.6667
Astragalus_petropolitanus	18.3333
Astragalus_dingjiensis	32.5
Astragalus_andaulgensis	21
Astragalus_crymophilus	43
Astragalus_chordorrhizus	36.4
Astragalus_illinii	56.4286
Astragalus_kentrophyta	47.2636
Astragalus_chamaemeniscus	50.0303
Astragalus_palenae	52.3158
Astragalus_registanicus	26.3333
Astragalus_maassoumii	19
Astragalus_fedtschenkoanus	30.6667
Astragalus_gracilidentatus	21.5
Astragalus_limariensis	27
Oxytropis_coerulea	44.0256
Astragalus_cyaneus	44
Astragalus_anthosphaerus	23.6667
Astragalus_corniculatus	27.1667
Astragalus_barnebyi	39.25
Astragalus_abbreviatus	22.6667
Astragalus_purpusii	32.0244
Astragalus_brachypetalus	28.4
Astragalus_pinonis	48.4571
Astragalus_maurus	31.4
Astragalus_suberosus	33.7273
Astragalus_laguroides	43.4459
Astragalus_rattanii	39.8435
Astragalus_psilolobus	16
Astragalus_fraxinifolius	32.8
Astragalus_humistratus	42.9935
Astragalus_callichrous	33.1058
Astragalus_vogelii	47.4
Astragalus_gueldenstaedtiae	23
Astragalus_wrightii	34.6207
Astragalus_zingeri	32.0952
Astragalus_pennellianus	25
Astragalus_toquimanus	49.8824
Astragalus_daghestanicus	31.8571
Astragalus_confertus	46.5921
Astragalus_fruticosus	39.5287
Astragalus_atropurpureus	30
Astragalus_pseudoaustralis	39.5556
Astragalus_orthocarpus	35.5
Astragalus_medius	28.4286
Astragalus_khwaja-muhammadensis	17.5
Carmichaelia_violacea	26.5
Astragalus_schinetorum	28.5
Astragalus_agraniotii	24
Astragalus_tumninensis	23.5
Astragalus_aspreticola	26
Astragalus_argophyllus	42.3672
Astragalus_dianthus	26.8
Astragalus_urbanianus	20.5
Astragalus_accumbens	41
Oxytropis_humifusa	47.4916
Astragalus_wenxianensis	22.5
Astragalus_sharestanicus	21.5
Astragalus_polycladus	42.5308
Astragalus_nitidiflorus	29.3333
Oxytropis_pilosa	36.9683
Astragalus_hispidulus	40.1493
Astragalus_wetherillii	36.6842
Astragalus_mucidus	25.4
Astragalus_remotus	48.7647
Astragalus_calycosus	46.683
Astragalus_congdonii	45.6667
Astragalus_agrestis	41.2987
Astragalus_kohrudicus	18.5
Astragalus_haesitabundus	31.3333
Astragalus_arcuatus	17.5
Astragalus_crassispinus	20
Oxytropis_obnapiformis	22
Astragalus_chrysostachys	38
Astragalus_hoodianus	39.1923
Astragalus_rzaevii	19
Astragalus_aegobromus	36.4667
Sutherlandia_microphylla	61.1327
Astragalus_quinquefoliolatus	18
Astragalus_hypoglottis	37.7181
Astragalus_coccineus	52.8607
Astragalus_panduratus	15.5
Astragalus_cronquistii	53.1154
Astragalus_tribuloides	41.9864
Astragalus_shevockii	56
Astragalus_austrosibiricus	40.2553
Astragalus_karkarensis	21.6667
Astragalus_greggii	31.4483
Oxytropis_racemosa	43.375
Astragalus_varius	33.7308
Astragalus_mayeri	34.5385
Astragalus_didymocarpus	47.4266
Astragalus_simplicifolius	43.3333
Astragalus_agameticus	19
Astragalus_cymboides	45.7273
Astragalus_monumentalis	55.125
Astragalus_zanskarensis	50.125
Astragalus_edmondsonii	18
Astragalus_peterfii	30.75
Astragalus_kirrindicus	25
Astragalus_eusarathron	13
Astragalus_macropodium	22
Astragalus_politovii	30.3333
Astragalus_georgii	15.5
Astragalus_oniciformis	35.5263
Astragalus_fucatus	59.4356
Astracantha_gummifera	32.0625
Astragalus_pusillus	46.3478
Astragalus_spaldingii	36.25
Astragalus_daleae	25.25
Astragalus_turczaninowii	35.6
Erophaca_baetica	42.3238
Astragalus_pattersonii	42.0148
Sphaerophysa_salsula	43.76
Astragalus_confusus	18
Astragalus_maximowiczii	29
Astragalus_clerceanus	32.2857
Astragalus_stepporum	11.5
Astragalus_arizonicus	38.0113
Astragalus_bashgalensis	16
Astracantha_aurea	34.8444
Astragalus_cretaceus	31
Astragalus_tongolensis	43.3704
Astragalus_ornithorrhynchus	23.3333
Astragalus_accidens	41.6835
Astragalus_ruiz-lealii	35.3333
Astragalus_hypoleucus	30.9437
Astragalus_inyoensis	51.9074
Astragalus_ovatus	28.5
Astragalus_laricus	34.3333
Astragalus_longidentatus	36.7736
Astragalus_macroceras	39.2222
Astragalus_erivanensis	22.6667
Astragalus_lotiflorus	37.6254
Oxytropis_chionobia	44.5789
Astragalus_kirilovii	22.3333
Astragalus_purpurascens	21
Astragalus_auratus	20.5
Astragalus_kessleri	19.5
Astragalus_sesameus	36.4406
Astragalus_moranii	31
Astragalus_acmophylloides	18.5
Astragalus_pyrrhotrichus	37.5
Astragalus_firuzkuhensis	25
Astragalus_hypogaeus	39.6667
Astragalus_scutaneus	31.3333
Astragalus_leontinus	47.76
Astragalus_jolderensis	20.3333
Astragalus_tricholobus	23
Astragalus_webberi	47.3043
Astragalus_lineatus	36.6
Astragalus_clarkeanus	21
Astragalus_cachinalensis	47.6
Astragalus_sieversianus	30.7857
Astragalus_molestus	28.2
Astragalus_sumbari	18
Astragalus_gibbsii	47.3721
Astragalus_oocalycis	37.814
Astragalus_canescens	15
Astragalus_filicaulis	38.05
Astragalus_caricinus	41.169
Astragalus_fissuralis	35.2727
Astragalus_gladiatus	34.5385
Astragalus_arkalycensis	37.5714
Astragalus_laxmannii	42.3892
Astragalus_yumenensis	25
Astragalus_paraplesius	17.5
Astragalus_sevangensis	32.85
Astragalus_curvicarpus	42.2284
Astragalus_chlorostegius	16.5
Astragalus_elatior	16
Astragalus_nivalis	46.9259
Astragalus_neglectus	49.7784
Astragalus_nuttallianus	44.4363
Astragalus_clevelandii	40.4407
Astragalus_recurvus	37.1667
Astragalus_hajastanus	23.3333
Astragalus_chorinensis	37.8333
Astragalus_paralurges	15.5
Astragalus_varzobicus	14
Astracantha_strobilifera	30.3333
Astragalus_oreades	40.6364
Astragalus_leptocaulis	18
Astragalus_munroi	48.5714
Astragalus_olgae	37.6
Astragalus_atricapillus	30.3333
Astragalus_echinops	32.5
Astragalus_knightii	26.5
Astragalus_bornmuellerianus	26
Astragalus_laetus	35
Astragalus_neoburkartianus	34.5
Astragalus_subalpinus	16.5
Astragalus_scorpioides	36.8511
Astragalus_grahamianus	48.0909
Astragalus_micranthellus	47.9714
Astragalus_tarijensis	47.4667
Astragalus_ampullarius	52.8333
Astragalus_echinatus	36.1683
Astragalus_gymnopodus	22.5
Astragalus_brachybotrys	41.7143
Astragalus_macropetalus	22.6667
Astragalus_chilienshanensis	32.3333
Astragalus_aksaricus	34.3333
Astragalus_miguelensis	33.25
Astragalus_psilacanthus	34.25
Astragalus_episcopus	55.7161
Astragalus_licentianus	31
Astragalus_variabilis	33.2
Astragalus_balchaschensis	17.5
Astragalus_prorifer	27.925
Astragalus_froedinii	24.3333
Astragalus_richii	39.6667
Astragalus_angreni	24.25
Astragalus_erythrolepis	28.3333
Astragalus_purshii	45.0451
Astragalus_johnstonii	19
Astragalus_harringtonii	39.3636
Astragalus_paktiensis	26.6667
Astragalus_brachytropis	42.9
Astragalus_joergensenii	47.3333
Astragalus_geniculatus	33.8889
Astragalus_saralensis	44.5526
Astragalus_filipes	40.9886
Astragalus_cuatrecasasii	20
Oxytropis_jacquinii	42.1231
Astragalus_schmidii	18
Astragalus_distinens	43.3636
Astragalus_holosemius	32.5
Astragalus_oophorus	47.5976
Astragalus_altus	34.1667
Astragalus_erionotus	43.0667
Astragalus_ortholobus	29.3333
Astragalus_squarrosus	43.7
Astragalus_kudrjaschovii	17
Astragalus_neomexicanus	33.25
Astragalus_ophiocarpus	37.5714
Astragalus_lutosus	37.5312
Astragalus_conjunctus	37.6081
Astragalus_coahuilae	26.8667
Astragalus_teheranicus	33
Astragalus_eriopodus	33.8
Astragalus_ochreatus	17.5
Astragalus_chamissonis	44.2
Astragalus_donianus	37.625
Astragalus_geyeri	48.8248
Astragalus_duanensis	21.5
Astragalus_bicolor	28.6667
Astragalus_regiomontanus	29.6
Astragalus_huthianus	23.3333
Astragalus_lunatus	18
Astragalus_whitneyi	51.9079
Astragalus_gompholobium	21
Astragalus_saetiger	22.6667
Astragalus_curvirostris	26.4
Astragalus_semnanensis	39
Astragalus_yoder-williamsii	36.15
Astragalus_oocarpus	46.4337
Astragalus_raphiodontus	31.5
Astragalus_sanctae-crucis	48.25
Astragalus_sericopetalus	14.5
Astragalus_nigrivestitus	25.5
Astragalus_panamintensis	53.7353
Astragalus_pseudoamygdalinus	21.5
Astragalus_praelongus	50.8853
Astragalus_ancistrocarpus	31
Astragalus_antheliophorus	18
Astragalus_arbuscula	22.3333
Astragalus_dictyolobus	27.4
Astragalus_vexilliflexus	41.494
Astragalus_hymenocalyx	32.5
Astragalus_falconeri	47.9524
Astragalus_feensis	41.2
Astragalus_gracilis	40.2594
Astragalus_sanguineus	31.6301
Astragalus_syreitschikovii	20.6667
Astragalus_sheldonii	30.1087
Astragalus_esperanzae	29.4118
Astragalus_albulus	48.3284
Oxytropis_strobilacea	41.5549
Astragalus_bhotanensis	32.6667
Astragalus_minutissimus	35.2
Astragalus_ampullarioides	38.4286
Astragalus_rimarum	17.5
Astragalus_trigonocarpus	33.75
Astragalus_oocephalus	26.4615
Astragalus_anemophilus	29.5349
Astragalus_lepsensis	34.8889
Astragalus_eurylobus	51.5294
Astragalus_gruinus	31
Astragalus_huiningensis	38.6667
Astragalus_danicus	41.9043
Astragalus_straussii	17
Astragalus_macrourus	30.8333
Astragalus_pauperiflorus	25.3333
Astragalus_erythrosemius	24.6667
Astragalus_radicans	27.5938
Astragalus_diversifolius	39.6571
Astragalus_pseudomegalomerus	20.6667
Astragalus_berteri	28
Astragalus_tragacantha	36.2581
Astragalus_henryi	26.5714
Astragalus_atropilosulus	40.4348
Astragalus_schanginianus	41.3265
Astragalus_salatavicus	22.6667
Astragalus_melanostachys	46.5484
Astragalus_bicristatus	51.3945
Astragalus_mikrophyton	22.5
Astragalus_cicer	36.7041
Astragalus_longistipitatus	23
Astragalus_pavlovii	22
Astragalus_paradoxus	18
Astragalus_zacatecanus	21
Astragalus_groetzbachii	13.5
Astragalus_shatuensis	19.5
Astragalus_compressus	28.8333
Astragalus_sinuatus	38.9
Astragalus_brauntonii	41.093
Astragalus_aquilanus	25
Astragalus_sanczirii	15
Astragalus_hymenostegis	20
Astragalus_ovoideus	41.6
Astragalus_perdurans	30.3333
Astragalus_effusus	30.5
Astragalus_szovitsii	32.8
Astragalus_badamensis	24
Astragalus_preussii	53.3222
Astragalus_microphysa	38.7143
Astragalus_saurinus	43.6222
Astragalus_beckerianus	34.875
Astragalus_rafaelensis	49
Oxytropis_splendens	45.8619
Astragalus_capillipes	34.1667
Astragalus_macropus	29.8302
Astragalus_francisquitensis	25.0588
Astragalus_dumetorum	20.3333
Astragalus_arthurii	31.04
Astragalus_moyanoi	40.25
Oxytropis_neglecta	43.7376
Astragalus_quinqueflorus	24.5
Astragalus_ponticus	36.4091
Astragalus_levieri	43.3478
Oxytropis_yunnanensis	44.2549
Astragalus_trichocarpus	36.5
Astragalus_consobrinus	44.5
Astragalus_rostratus	17.5
Astragalus_serenoi	54.4417
Astragalus_lycioides	37.2857
Astragalus_jabbor-khailii	25
Astragalus_linifolius	44.75
Astragalus_arnoldii	49.4333
Astragalus_vanillae	31.6667
Astragalus_coluteocarpus	41.3636
Hedysarum_boreale	42.5754
Astragalus_buschiorum	26.75
Astragalus_miyalomontis	22.5
Astragalus_bachmarensis	23
Astragalus_ellipsoideus	25.5
Astragalus_stenocystis	26
Astragalus_herbertii	18.5
Astragalus_chinensis	35.0714
Astragalus_goniatus	39.8
Astragalus_musiniensis	49.2432
Astragalus_lehmannianus	31.8462
Astragalus_tugarinovii	45.6
Astragalus_lasiopetalus	28
Astragalus_hancockii	43.0833
Astragalus_arrectus	33.9773
Astragalus_bungeanus	31.1579
Astragalus_frigidus	49.8848
Astragalus_macrotropis	31
Astragalus_siahderrensis	19.5
Astragalus_sabuletorum	22
Astragalus_lumsdenianus	17.5
Astragalus_pamirensis	45.5333
Astragalus_longipetiolatus	31
Astragalus_diopogon	17
Astragalus_lindheimeri	35.9239
Astragalus_clandestinus	25
Astragalus_holophyllus	16
Astragalus_persepolitanus	36.4545
Astragalus_pubentissimus	43.8072
Oxytropis_bicolor	35.4694
Astragalus_arnottianus	50.5417
Astragalus_ankylotus	23
Astragalus_platyphyllus	34.0667
Astragalus_riparius	26.5
Astragalus_hyalolepis	29.6667
Astragalus_kazbeki	35
Astragalus_muliensis	42.7273
Astragalus_orbicularifolius	45.875
Astragalus_alyssoides	34.2857
Astragalus_baionensis	31.3
Oxytropis_scammaniana	44.1583
Astragalus_valparadisiensis	32
Oxytropis_poncinsii	46.3158
Astragalus_arequipensis	47.974
Astragalus_webbianus	46.9583
Astragalus_siliceus	45.1111
Oxytropis_nutans	14.5
Astragalus_stenanthus	23.8
Astragalus_grubovii	36.6
Astragalus_coquimbensis	59.7647
Astragalus_brachycentrus	30.6667
Astragalus_raddei	32.3333
Astragalus_albicaulis	28.8351
Astragalus_nigrolineatus	21
Astragalus_ammodendron	33.7
Astragalus_strigulosus	30.1227
Astragalus_inopinatus	40.9434
Astragalus_australis	45.055
Astragalus_mucronifolius	43.9167
Astragalus_kifonsanicus	31.1818
Astragalus_trachoniticus	46.6667
Astragalus_souliei	35.2
Astragalus_cracca	20
Astragalus_amblytropis	43.9091
Astragalus_ertterae	52.2222
Astragalus_granitovii	23.5
Astragalus_juratzkanus	33
Astragalus_megacarpus	40.8519
Astragalus_glabellus	22.5
Astragalus_testiculatus	33.2118
Astragalus_jaliscensis	29.2333
Astragalus_nuciferus	32.6667
Astragalus_stenolepis	33.3333
Astragalus_hamosus	35.1224
Astragalus_bombycinus	45.5333
Astragalus_vesiculosus	53.25
Astragalus_flavus	47.1691
Astragalus_oihorensis	23
Astragalus_marinus	38.75
Astragalus_propinquus	41.6127
Astragalus_verrucosus	35.7143
Astragalus_tenellus	42.3315
Astragalus_columbianus	34.6667
Astragalus_brazoensis	41.7778
Astragalus_chorizanthus	25.5
Astragalus_amnis-amissi	40.25
Astragalus_johannis	36.375
Astragalus_gentryi	26.4211
Astragalus_carmanicus	23
Astragalus_piptocephalus	33.75
Astragalus_fabrisii	36.3333
Astragalus_oxyodon	39
Astragalus_minthorniae	51.4487
Astragalus_dulungkiangensis	22.5
Astragalus_humifusus	34.0769
Astragalus_gorczakovskii	37
Astragalus_ammodendroides	32.3333
Astragalus_weberbaueri	43.24
Astragalus_coltonii	46.5616
Astragalus_tatsienensis	41.1111
Astragalus_rufescens	22.5
Astragalus_centralis	23.5
Astragalus_strigosostipulatus	21
Astragalus_glaux	39.3422
Astragalus_guttatus	32.6786
Astragalus_toksunensis	21
Astragalus_leucocladus	22.3333
Astragalus_edulis	37.7593
Astracantha_karabaghensis	28
Astragalus_bifidus	20
Astragalus_ecbatanus	24.5
Astragalus_nutriosensis	32.5
Astragalus_demavendicolus	32.5
Astragalus_cinereus	27.6667
Astragalus_monspessulanus	36.5134
Astragalus_miniatus	41.2727
Astragalus_hololeucoides	31.2
Phyllolobium_tribulifolium	53.4833
Astragalus_rubriflorus	23.3333
Astragalus_naftabensis	27
Astragalus_nutans	52.7126
Astragalus_galiifolius	16.5
Astragalus_susianus	35.2857
Astragalus_siliquosus	37
Astragalus_cryptobotrys	50.2941
Astragalus_oxyphysus	42.4291
Astragalus_terminalis	42.9206
Astragalus_striatiflorus	53.6
Astragalus_xylobasis	34.4
Astragalus_mattam	42.7143
Astragalus_taipaishanensis	24.3333
Astragalus_plumbeus	34.6667
Astragalus_sabulosus	44
Astragalus_utriger	32.9362
Astragalus_mercklinii	33.1429
Astragalus_ledinghamii	16.5
Astragalus_punctatus	15
Astragalus_anacardius	32
Astragalus_peduncularis	48.0588
Astragalus_sparsus	47.75
Astragalus_bidentatus	18.5
Astragalus_supinus	34.1667
Astragalus_leptocarpus	44.6583
Astragalus_missouriensis	39.6207
Astragalus_camptodontoides	30.5
Astragalus_applegatii	31.5
Astragalus_lyallii	37.7273
Astragalus_brachystachys	29.6818
Astragalus_rupifragus	31.9691
Astragalus_pendulinus	24
Astragalus_leiophyllus	34.1429
Astragalus_cephalanthus	33.9167
Astragalus_sprucei	40.8571
Astragalus_kustanaicus	28.5714
Astragalus_drupaceus	34.5
Astragalus_pinetorum	35.2647
Astragalus_biovulatus	27
Astragalus_exscapus	34.2778
Astragalus_commixtus	37.9375
Astragalus_serpens	41.2308
Smirnowia_turkestana	40.375
Astragalus_charguschanus	44.7826
Astragalus_baba-alliar	25.5
Astragalus_noziensis	21
Astragalus_platysematus	17.5
Astragalus_lipskyi	17
Astragalus_trichanthus	13.5
Astragalus_ciceroides	29.6667
Astragalus_deminutivus	45.8571
Astragalus_tibetanus	46.6232
Astragalus_solandri	36.3
Astragalus_ebenoides	28.25
Astragalus_nutzotinensis	44.4486
Astragalus_macronyx	30
Astragalus_troglodytus	34.8298
Astragalus_cottonii	38.25
Astragalus_malacus	47.8951
Astragalus_polygala	26.5
Astragalus_lambinonii	16
Astragalus_efoliatus	35.8333
Astragalus_glumaceus	23
Astragalus_heydei	20.5
Astragalus_equisolensis	37.7143
Astragalus_lasiophyllus	31.1429
Oxytropis_ochotensis	38.9286
Astragalus_cobrensis	38.1852
Astragalus_sulfuratus	28.75
Astragalus_khaneradarensis	17
Astracantha_cerasocrena	35.6667
Astragalus_ensifer	18.5
Astragalus_petraeus	30
Astragalus_puberulus	42.2581
Astragalus_curvicaulis	39.6667
Astragalus_chloodes	41.8214
Astragalus_kerkukiensis	13
Astragalus_barbatus	31.8333
Astragalus_alaschanus	27
Astragalus_cavanillesii	36.0909
Astragalus_tupalangi	18
Astragalus_nelidae	47.1429
Astragalus_brevipes	28
Astracantha_cretica	36.8095
Astragalus_armeniacus	20
Oxytropis_nana	40.875
Astragalus_consanguineus	17.5
Astragalus_dasyanthus	30.7937
Astragalus_thermensis	24.3333
Astragalus_nivicola	44.7778
Oxytropis_ciliata	36
Astragalus_seidabadensis	16
Astragalus_spegazzinii	45.5
Astragalus_subrosulariformis	18.5
Astragalus_somcheticus	34.72
Astragalus_coluteopsis	13.5
Astragalus_lasiosemius	44.0125
Astragalus_piutensis	45.1333
Astragalus_gypsodes	36.7273
Astragalus_germaini	25
Astragalus_burkartii	45.1538
Astragalus_nigriceps	25.6667
Astragalus_apollineus	33
Astragalus_savellanicus	30
Astragalus_intercedens	38.35
Astragalus_pseudoadsurgens	34.6
Astragalus_exasperatus	18.5
Astragalus_lentiformis	52.0741
Astragalus_acutifolius	15.5
Astragalus_pseudohypogaeus	18
Astragalus_bodinii	40.9732
Astragalus_anfractuosus	24
Astragalus_cisoxanus	13.5
Astracantha_stenonychioides	32.625
Astragalus_brachylobus	29.9583
Astragalus_kuschkensis	23.3333
Astracantha_parnassi	35.2222
Astragalus_obcordatus	72.8873
Astragalus_pectinatus	38.0864
Astragalus_traskiae	38.5
Astragalus_gambelianus	41.1235
Astragalus_zerdanus	23
Astragalus_simpsonii	31.6667
Astragalus_jaxarticus	22
Astragalus_wolgensis	30.6905
Astragalus_hyrcanus	23
Astragalus_macrosemius	35
Astragalus_balfourianus	41.4167
Astragalus_lemmonii	48.8478
Astragalus_malacoides	55.4359
Astragalus_giganteus	30.7
Astragalus_douglasii	46.7769
Astragalus_chaidamuensis	38.8
Astragalus_pardalinus	52.8929
Astragalus_rawianus	15.5
Astragalus_dendroides	26.5
Astragalus_lucidus	23
Astragalus_vavilovii	31.25
Astragalus_nephtonensis	31.6667
Astragalus_reduncus	26.881
Astragalus_cottamii	39.3333
Astragalus_mahoschanicus	42
Astragalus_grayi	39.7059
Astragalus_mesites	25
Astragalus_shinanensis	33.5
Astragalus_djilgensis	25
Astragalus_hirsutus	32.5
Astracantha_microcephala	33.8649
Astragalus_vaginatus	37.8667
Astragalus_faurei	27.3333
Astragalus_aequalis	45.3077
Astragalus_versicolor	42.5333
Astragalus_atrovinosus	31.5
Astragalus_glomeratus	22
Oxytropis_sericea	43.0681
Astragalus_bourgaeanus	38.3846
Astragalus_deterior	35.1667
Astragalus_naturitensis	43.875
Astragalus_vulcanicus	18
Astragalus_lanuginosus	31.8333
Astragalus_reinii	31.5
Astragalus_avicennicus	18.5
Astragalus_myrianthus	15.5
Astragalus_cenorrhynchus	16
Astragalus_brevidens	31.1667
Astragalus_schrenkianus	30
Astragalus_rhacodes	19.5
Astragalus_emarginatus	34.1667
Astragalus_anisacanthus	36.1667
Astragalus_retusifoliatus	26.5
Astragalus_obscurus	40.5286
Astragalus_curtipes	42.3077
Astragalus_skythropos	40.8571
Astragalus_imitensis	39.7143
Astragalus_neuquenensis	45.6
Astragalus_leptus	32.3333
Astragalus_tephrolobus	32.25
Astragalus_succumbens	40.3196
Astragalus_lyonnetii	26.9286
Astragalus_pakistanicus	19.5
Astragalus_englerianus	34.1333
Astragalus_pehuenches	35.8597
Astragalus_proximus	41.5091
Astragalus_hemsleyi	17.5
Astragalus_korovinianus	23.5
Astragalus_vallaris	37.4615
Astragalus_scleroxylon	17
Astragalus_karelinianus	30.6667
Astragalus_mario-sousae	22.3333
Astragalus_chingoanus	20
Astragalus_nematodes	25.2
Astragalus_breviscapus	38.8
Astragalus_weddellianus	43.95
Astragalus_depauperatus	37.6579
Astragalus_dactylocarpus	47.4364
Astragalus_cuscutae	15
Astragalus_crypticus	47.25
Astragalus_micrancistrus	23.3333
Astragalus_supervisus	18.5
Astragalus_nidularius	55.9565
Astragalus_takharensis	17.5
Astragalus_bracteosus	12.5
Astragalus_pallescens	25
Astragalus_weixinensis	19.5
Astragalus_orthocarpoides	15
Astragalus_iodopetalus	38.9375
Astragalus_acutirostris	56.4645
Astragalus_darwinianus	33.5
Astragalus_demavendicus	35.1429
Astragalus_variegatus	31.6
Astragalus_arganaticus	17.5
Astragalus_curviflorus	32.6
Astragalus_lithophilus	36
Astragalus_vessalae	17
Astragalus_stipulatus	32.75
Astragalus_pseudoversicolor	34
Tragacantha_fasciculifolia	46.6429
Astragalus_reventus	32.3205
Astragalus_impexus	15.5
Astragalus_magdalenae	31.568
Astragalus_crotalariae	45.4572
Astragalus_dilutus	42.4146
Astragalus_gombo	49.3478
Astragalus_physodes	30.4516
Astragalus_oxyphysopsis	24.2727
Astragalus_armatus	40.4062
Astragalus_scaberrimus	40.3137
Astragalus_sparsiflorus	49.3182
Astragalus_tolucanus	28.4667
Astragalus_scopulorum	42.8764
Astragalus_cornutus	29.76
Astragalus_californicus	43.52
Astragalus_karakugensis	27.8889
Astragalus_lentiginosus	50.4185
Astragalus_ibrahimianus	36.2727
Astragalus_aschuturi	29
Astragalus_edmondstonei	37.8571
Astragalus_lupulinus	43.6538
Astragalus_lamondiae	26
Astragalus_nudisiliquus	40.9213
Astragalus_aduncus	32.6667
Astragalus_newberryi	49.9662
Astragalus_termeanus	34
Astragalus_endytanthus	33.5
Astragalus_incanus	36.5585
Astragalus_kolymensis	37.4615
Astragalus_degensis	42.9286
Astragalus_sanguinolentus	33.0833
Astragalus_filiformis	42.5349
Oxytropis_lambertii	42.433
Astragalus_retamocarpus	34.5556
Astragalus_scabrisetus	17.5
Astragalus_oncotrichus	22.5
Astragalus_scoparius	23.3333
Astragalus_gracilipes	42
Astragalus_hispanicus	36.0816
Astragalus_olchonensis	40.1429
Astragalus_abnormalis	14.5
Astragalus_chamaeleuce	41.4076
Astragalus_plagiophacos	19
Astragalus_carduchorum	35
Astragalus_lalesarensis	35.8333
Astragalus_physocarpus	25.6
Astragalus_wittmannii	37.25
Astragalus_asplundii	44.8
Astragalus_flexuosus	43.5574
Astragalus_eriostomus	24.5
Astragalus_nothoxys	36.3
Astragalus_aleppicus	31.2609
Astragalus_villosus	70.9848
Clianthus_puniceus	46.8889
Astragalus_pauper	19
Astragalus_valerianensis	29.5
Astragalus_globiceps	24
Astragalus_neurophyllus	20
Astragalus_oxyrhynchus	29.2927
Astragalus_molybdenus	50.0952
Astragalus_aspindzicus	18
Astragalus_piletocladus	21
Astragalus_beckii	35.2222
Eremosparton_flaccidum	33.75
Astragalus_tenuifolius	26.6667
Astragalus_nyensis	55.7273
Astragalus_montigenus	30.5
Astragalus_tener	35.6369
Astragalus_yangtzeanus	28.75
Astragalus_pseudoutriger	23.3333
Astragalus_tribulifolius	33.6667
Astragalus_helleri	27.25
Astragalus_speciosus	24.6667
Astragalus_angustiflorus	35.8788
Astragalus_kuramensis	31.5
Astragalus_tephrosioides	27.6667
Oxytropis_recognita	41.9048
Astragalus_taschkendicus	14.5
Astragalus_microcymbus	40.1111
Astragalus_dahuricus	39.7037
Astragalus_porrectus	51.95
Astragalus_stenoceras	36.3333
Astragalus_erubescens	19
Astragalus_sphaerocystis	18
Astragalus_tyghensis	33
Astragalus_alpinus	47.5987
Astracantha_granatensis	40.6908
Swainsona_formosa	66.9549
Astragalus_littoralis	17.5
Astragalus_caraganae	31.5417
Astragalus_arbelicus	15.5
Astragalus_castetteri	33.8333
Astragalus_albens	49.76
Astragalus_humilis	30.2857
Astragalus_sieberi	51.8182
Astragalus_rahensis	39.4
Astragalus_contortuplicatus	33.08
Astragalus_saccatus	18
Astragalus_carminis	29.3214
Astragalus_xipholobus	13.5
Astragalus_shortianus	45.2222
Astragalus_bernardinus	56.6029
Astragalus_cyclophyllon	22.6667
Astragalus_concretus	46
Astragalus_craibianus	38.1667
Astragalus_norvegicus	51.0988
Astragalus_funereus	52.8
Astragalus_falciformis	32.4286
Astragalus_glycyphyllos	43.3905
Astragalus_leansanicus	28.4444
Astragalus_inversus	47.2083
Astragalus_bounophilus	22.3333
Astragalus_gudrunensis	16
Astragalus_hamrinensis	19.6667
Astragalus_macrocephalus	33.9459
Astragalus_leptaleus	43.0328
Astragalus_davidii	31.5
Astragalus_maurorum	37.6
Astragalus_strictilobus	22
Astragalus_podlechii	19
Astragalus_peregrinus	39.9057
Astragalus_idrietorum	24.7027
Astragalus_hoantchy	19.5
Astragalus_maritimus	25
Astragalus_pictiformis	41.3871
Astragalus_rhizanthus	48.9615
Astragalus_titanophilus	43.7778
Astragalus_borraginaceus	21
Astragalus_nudus	26
Astragalus_berterianus	46.125
Astragalus_casei	55.673
Oxytropis_ochrocephala	43.1509
Astragalus_semilunatus	23
Astragalus_glaucus	25.875
Astragalus_managildensis	29.5
Astragalus_wagneri	17.5
Astragalus_tigridis	29.25
Astragalus_mollissimus	42.6635
Oxytropis_mollis	48.0238
Astragalus_fuliginosus	17
Astracantha_plumosa	35.8333
Astragalus_vexillaris	23.75
Astragalus_andersonii	53.8119
Astragalus_tulinovii	47.2564
Astragalus_scalaris	21.8333
Astragalus_golmuensis	46.7143
Astragalus_ufraensis	17.5
Astragalus_lonchocarpus	46.0581
Astragalus_majevskianus	22
Astragalus_handelii	31
Oxytropis_vassilczenkoi	41.925
Astragalus_alaicus	32.25
Astragalus_ugamicus	33.75
Oxytropis_hirta	39.2727
Astragalus_marianus	34.75
Astragalus_cottonianus	30.1667
Astragalus_xanthotrichus	0
Astragalus_minimus	38.2
Astragalus_pulsiferae	49.7465
Astragalus_bonariensis	37.6667
Astragalus_pseudochlorostachys	13.5
Astragalus_melanochiton	30.6667
Astragalus_uliginosus	37.6543
Astragalus_adsurgens	43.0657
Astragalus_reflexistipulus	37.4
Astragalus_wilmottianus	15.5
Astragalus_nobilis	25
Astragalus_moellendorffii	22.5
Astragalus_charadzeae	22
Astragalus_villosissimus	27.3333
Astragalus_humillimus	45.875
Astragalus_oplites	45.625
Astragalus_clarianus	39.4286
Astragalus_tioides	21
Astragalus_spartioides	17.5
Astragalus_densiflorus	47.2162
Astragalus_tarumensis	21
Astragalus_brachypus	28.5
Astragalus_prilipkoanus	26.25
Astragalus_hidalgensis	29.7692
Astragalus_catabostrychos	26.3333
Astragalus_turolensis	34.1809
Oxytropis_aciphylla	43.25
Astragalus_monbeigii	49.2778
Oxytropis_koyukukensis	31.7273
Astragalus_piscator	47.6364
Astragalus_askius	37.25
Oxytropis_talassica	25.3333
Astragalus_semicircularis	27
Astragalus_darii	30
Oxytropis_melanocalyx	45.0727
Astragalus_potosinus	27.2857
Astragalus_osterhoutii	38.2667
Astragalus_tephrodes	42.1847
Astragalus_sirinicus	36.3824
Astragalus_ceratoides	35.9789
Astragalus_aquilonius	42.8261
Oxytropis_lapponica	50.9727
Astragalus_chiwensis	36.5556
Astragalus_anisus	41.6316
Astragalus_galactites	43.6207
Astracantha_deinacantha	30.475
Oxytropis_viscida	44.5112
Astragalus_glaucacanthos	45.1429
Astragalus_curvipes	34.1111
Astragalus_comosus	33.3333
Astragalus_wenquanensis	22.5
Astragalus_porphyrocalyx	23
Astragalus_sachalinensis	22.5
Astragalus_tegetarioides	40.4444
Astragalus_micranthus	28.4046
Astragalus_punae	38.3333
Astragalus_tungensis	28.75
Astragalus_onobrychis	37.6146
Astragalus_aridus	50.1095
Astragalus_toanus	43.9189
Astragalus_terrestris	16
Astragalus_capito	37.7143
Oxytropis_eriocarpa	41.0714
Astragalus_severzovii	34.5
Astragalus_venturii	33
Astragalus_albertoregelia	20
Astragalus_hallii	44.9894
Astragalus_latiunguiculatus	31
Astragalus_xanthomeloides	34
Astragalus_brevialatus	23.6667
Astragalus_taubertianus	23
Astragalus_amarus	15
Astragalus_nurensis	24.6667
Astragalus_sarbasnensis	19
Astragalus_vegetus	25.5
Oxytropis_grandiflora	41.9756
Astragalus_hirtus	24
Astragalus_austroaegaeus	19.5
Oxytropis_taochensis	32.6667
Oxytropis_riparia	40.3636
Astragalus_minutulus	18
Astragalus_pycnostachyus	44.0976
Astragalus_dipelta	31.6
Oxytropis_kobukensis	33.8235
Oxytropis_squammulosa	40.3333
Astragalus_legionensis	30.9375
Astragalus_kerrii	29.6
Astragalus_cerasinus	22.5
Astragalus_pseudocytisoides	16
Astragalus_complanatus	20.5
Astragalus_dombeyi	14.5
Astragalus_taiyuanensis	23.6667
Astragalus_argyroides	28.4286
Astragalus_straturensis	48
Astragalus_pachypus	49.7604
Astragalus_vallicola	41.4375
Astragalus_reichei	34.4286
Astragalus_breweri	39.9406
Astragalus_anisomerus	30.25
Astragalus_chardinii	32.6
Astragalus_porphyrophysa	30
Astragalus_macrostachys	32.1818
Astragalus_pachyrhizus	19.6667
Astragalus_tawilicus	15.5
Astragalus_grammocalyx	32.75
Astragalus_bossuensis	26.5
Astragalus_tidestromii	57.4386
Astragalus_paucijugus	32
Astragalus_hornii	39.1429
Astragalus_rawlinsianus	17.5
Astragalus_ensiformis	49.381
Astragalus_pseudofragiferus	18.5
Astragalus_hypoxylus	32.2
Astragalus_williamsii	40.6842
Astragalus_adzharicus	26.75
Astragalus_angustifolius	37.0783
Astragalus_temirensis	28.1818
Astragalus_tiehmii	41.3333
Astragalus_oligophyllus	38.3333
Astragalus_nelsonianus	40.2941
Astragalus_bazmanicus	35
Astragalus_spinosus	46.6678
Astragalus_leibergii	37.7436
Astragalus_sericeocanus	25
Astragalus_goktschaicus	29.6
Astragalus_monoensis	59.0488
Astragalus_peruvianus	46.7241
Astragalus_dschangartensis	40.6667
Astragalus_xiphoides	52.6667
Astragalus_ishkamishensis	13.5
Astragalus_cerussatus	41.1379
Astragalus_laguriformis	18.5
Astragalus_palmeri	44.3096
Astragalus_hohenackeri	17.5
Astragalus_brandegei	45
Astragalus_falcatus	39.0263
Astragalus_sommieri	24
Astragalus_rytilobus	27.5
Astragalus_flexicaulis	23
Astragalus_erwinii-gaubae	18.5
Astragalus_macrodon	40.7195
Astragalus_kuschakewiczi	36
Astragalus_kermanschahensis	15.5
Astragalus_corrugatus	44.8318
Astragalus_reflexus	31.625
Astragalus_schistocalyx	35.6
Astragalus_pissisi	25
Astragalus_leucocephalus	34.16
Astragalus_polyacanthus	44
Astragalus_amatus	50
Astragalus_insularis	37.0245
Astragalus_submitis	29.8333
Astragalus_annularis	48.9798
Astragalus_uncialis	42.9231
Astragalus_boelckei	47.7143
Astragalus_stewartii	42.4615
Oxytropis_oxyphylloides	31.3333
Astragalus_lasioglottis	29.625
Astragalus_jessenii	19
Astragalus_jodotropis	29.5714
Astragalus_hoffmeisteri	49
Astragalus_captiosus	38.9643
Astragalus_rigidulus	37.5
Astragalus_eupeplus	21
Astragalus_onobrychioides	31.6786
Astragalus_matiensis	22.5
Astragalus_werdermannii	26
Astragalus_atratus	42.3352
Astragalus_cruckshanksii	54.425
Astragalus_laceratus	20
Astragalus_megricus	21.6667
Astragalus_tashqurghanicus	24.6667
Astragalus_ackerbergensis	30.4
Astragalus_collinus	35.3
Astragalus_suffruticosus	32.4286
Astragalus_campylanthus	33.5
Astragalus_tweedyi	36.0303
Astragalus_tetrapterus	46.2708
Astragalus_frickii	40.4167
Astragalus_chlorodontus	28
Astragalus_ulothrix	16.5
Astragalus_wootonii	37.795
Oxytropis_aucheri	36.75
Astragalus_chalaranthus	15
Astragalus_cuneifolius	29.3333
Oxytropis_multiceps	50.1121
Astragalus_iljinii	19.6667
Astragalus_pelecinus	42.8017
Astragalus_prattii	39.1111
Astragalus_stevenianus	36.7708
Astragalus_bashmensis	25.6667
Astragalus_callithrix	51.7742
Astragalus_asclepiadoides	43.4505
Astragalus_longilobus	34.75
Astragalus_musimonum	27
Astragalus_oxypterus	23
Astragalus_floridulus	44.8929
Astragalus_taochius	17.5
Oxytropis_ochroleuca	22.5
Astragalus_kahiricus	52.3281
Astragalus_tataricus	38
Astragalus_paralipomenus	34
Astragalus_chlorostachys	42.3548
Astragalus_bowes-lyonii	24.5
Astragalus_trimestris	46.7143
Astragalus_concinnus	25
Astragalus_flavocreatus	45.7778
Astragalus_gilensis	43.0984
Astragalus_austriacus	35.4213
Oxytropis_parryi	48.7757
Astragalus_beckwithii	42.7143
Astragalus_schizotropis	21
Astragalus_amherstianus	36.775
Astragalus_dolichophyllus	28.5172
Astragalus_glycyphylloides	36.3939
Astragalus_mokiacensis	50.5957
Astragalus_kashmirensis	27.6667
Astragalus_crenatus	43.3621
Astragalus_suprapilosus	24.4
Astragalus_ishigensis	23.5
Astragalus_ervoides	30.0649
Astragalus_ripleyi	39.1364
Astragalus_saxorum	29.25
Astragalus_garbancillo	46.0467
Astragalus_anserinifolius	31.3333
Astragalus_titovii	27
Astragalus_dekazygus	17
Astragalus_quinquejugus	27.3333
Astragalus_follicularis	39.1613
Astragalus_parodii	50.9231
Astragalus_ochrochlorus	39.8
Astragalus_zayuensis	37
Astragalus_brackenridgei	33.25
Astragalus_baitagensis	22.5
Astragalus_arenarius	57.7286
Astragalus_subsecundus	38.4
Oxytropis_arctica	43.8262
Astragalus_alexandrii	33.8889
Wisteria_sinensis	43.6224
Astragalus_chuskanus	42.9167
Astragalus_sclerocarpus	41.3704
Astragalus_poliotrichus	21.5
Astragalus_pullus	39.4545
Astragalus_algerianus	40.0377
Astragalus_paysonii	42.2692
Astragalus_pseudotesticulatus	32
Astragalus_bustillosii	46.2581
Astragalus_pushtashanicus	20
Astragalus_fragrans	34.1053
Astragalus_sulcatus	34.6257
Astragalus_gilmanii	48.2174
Astragalus_scorpiurus	35.963
Astragalus_thomsonii	38.6667
Astragalus_meiliensis	26
Astragalus_alamliensis	14
Astragalus_submaculatus	22.75
Astragalus_subuliformis	29.0083
Astragalus_ionae	24
Astragalus_fuhsii	29.75
Oxytropis_williamsii	48.4167
Astragalus_stapfii	17
Astragalus_rosae	19.5
Astragalus_schelichowii	42.6293
Astragalus_remotijugus	35
Astragalus_scheremetevianus	41.8571
Colutea_abyssinica	32.3889
Astragalus_pauranthus	35.3333
Astragalus_wardii	44.5
Oxytropis_qinghaiensis	39.25
Astragalus_junatovii	30.6667
Astragalus_horridus	37
Astragalus_urmiensis	21
Astragalus_mareoticus	54.7692
Astragalus_eastwoodiae	46.8158
Astragalus_beathii	51.2857
Astragalus_cusickii	37.0063
Astragalus_sciureus	31.75
Astragalus_nitens	24
Astragalus_rhizocephalus	43.1538
Astragalus_verus	43.4795
Astragalus_aeluropus	18.5
Astragalus_austiniae	60.5263
Astragalus_albertii	21.3333
Astragalus_zionis	53.1827
Astragalus_convallarius	41.2656
Astragalus_archibaldii	11.5
Astragalus_forrestii	33
Oxytropis_maydelliana	42.8207
Astragalus_chrysopterus	36.5
Astragalus_strictus	48.3713
Astragalus_kronenburgii	16
Astragalus_palibinii	34.8571
Astragalus_altaicola	29.8
Astragalus_podolobus	40.9231
Astragalus_daenaensis	38.3333
Astragalus_vagus	25
Astragalus_campylorhynchus	34.5882
Astragalus_beatleyae	41.75
Astragalus_austroargentinus	44
Astragalus_ravenii	57
Astragalus_bourgovii	43.5385
Astragalus_camptoceras	23.75
Astragalus_fialae	32.5
Astragalus_schimperi	45.9778
Astragalus_altimurensis	30
Astragalus_hololeios	28.6667
Astragalus_sungpanensis	38.9474
Oxytropis_savellanica	40.8
Astragalus_harpocarpus	14.5
Astragalus_megalocystis	24
Astragalus_schugnanicus	39
Astragalus_bakuensis	19.6667
Astragalus_mailiensis	20.5
Astragalus_leptophysus	15.5
Astragalus_pterocarpus	49.2766
Astragalus_ordubadensis	23.5
Astragalus_sogdianus	16.5
Astragalus_tanaiticus	27.6
Astragalus_campylosema	31.3333
Astragalus_roseus	22
Astragalus_heterodontus	34.5
Astragalus_robustus	30.9231
Astragalus_pulcher	25.3333
Astragalus_popovii	20.6667
Astragalus_michauxii	56.087
Astragalus_floridus	42.8438
Astragalus_oreganus	42.625
Astragalus_sterilis	34.3571
Astragalus_nigricalycis	24
Astragalus_drabelliformis	44.1667
Astragalus_parvicarinatus	24
Astragalus_inflexus	36.4643
Astragalus_alatavicus	37.6
Astragalus_subcinereus	43.9492
Astragalus_looseri	45
Astragalus_freitagii	17
Astragalus_drummondii	41.9524
Astragalus_ochroleucus	25
Astragalus_trigonus	79.2381
Astragalus_orcuttianus	30.7222
Astragalus_diaphanus	37.0714
Astragalus_vicarius	25
Astragalus_tricarinatus	49.8936
Astragalus_mackewiczii	26
Astragalus_levitubus	31
Astragalus_guatemalensis	31.1103
Astragalus_irinaea	16.5
Astragalus_alopecurus	40.9111
Astragalus_brahuicus	19.5
Astragalus_himalayanus	48.2222
Astragalus_clusii	35.6053
Astragalus_hartwegii	29.1972
Astragalus_longipetalus	29.4828
Astragalus_harbisonii	29.0909
Astragalus_rhodosemius	38
Astracantha_bethlehemitica	35.4673
Astragalus_microcystis	41.8136
Astragalus_fangensis	18.3333
Astragalus_sangonensis	45.5
Astragalus_moencoppensis	56.9714
Astragalus_arguricus	29.2222
Astragalus_ajfreidii	25
Astragalus_ruscifolius	32.5
Astragalus_masenderanus	35
Astragalus_hintonii	26.6667
Oxytropis_campanulata	34.6163
Astragalus_oxyglottis	35.2941
Astragalus_aqrabatensis	21.5
Astragalus_aloisii	16
Astragalus_sepultipes	55.12
Oxytropis_lagopus	41.2162
Astragalus_griffithii	35.4
Astragalus_angustatus	26.5
Astragalus_pseudonobilis	33.3333
Astragalus_recognitus	32.5
Astragalus_chionanthus	30.6667
Astragalus_murinus	30.25
Astragalus_sachanewii	22.5
Astragalus_franziskae	26.3333
Astragalus_saxifractor	34.4
Astragalus_harpilobus	43.0588
Astragalus_darumbium	45.7143
Astragalus_stocksii	33.5
Astragalus_chubutensis	44.2857
Astragalus_sikokianus	27
Astragalus_macrobotrys	30.2
Astragalus_crassicarpus	34.9842
Astragalus_microdontus	29.3333
Astragalus_riouxii	22
Astragalus_graecus	29.75
Astragalus_mossulensis	28.5
Astragalus_camelorum	44.3333
Lessertia_capitata	64.5263
Astragalus_geminiflorus	44.1698
Astragalus_austinae	50.8
Astragalus_multijugus	37
Astragalus_algarbiensis	39.25
Astragalus_acaulis	44.7179
Astragalus_brevifolius	42.4074
Astragalus_macropelmatus	38.6667
Astragalus_aucheri	30.8333
Astragalus_muelleri	31.0714
Astragalus_tschujensis	41.25
Astragalus_sinaicus	40.9455
Astragalus_sphaeranthus	34.3333
Astragalus_argentinus	24
Astragalus_falcigerus	24.25
Astragalus_turbinatus	30.8333
Astragalus_fragiferus	34.6
Astragalus_tabrisianus	23.5
Astragalus_bolanderi	65.5137
Astragalus_asper	35.5795
Astragalus_monadelphus	39
Astragalus_chiukiangensis	33
Astragalus_cibarius	38.2974
Astragalus_buchtormensis	31.3889
Astragalus_macrotrichus	40.2667
Astragalus_umbellatus	42.5668
Astragalus_canoflavus	14.5
Astragalus_sempervirens	41.645
Astragalus_spruneri	34.2667
Astragalus_rubrolineatus	35.25
Astragalus_pomonensis	44.2656
Astragalus_baissunensis	19
Oxytropis_ochrantha	39.7222
Astragalus_complicatus	26
Astragalus_anxius	38
Astragalus_anni-novi	46
Astragalus_pueblae	20.8
Astragalus_polaris	42.8172
Astragalus_shiroumensis	44.6512
Astragalus_citrinus	35.3846
Astragalus_neocarpus	33
Astragalus_tanguticus	20.5
Astragalus_cancellatus	34.5312
Astragalus_orbiculatus	0
Astragalus_ajubensis	29.7143
Astragalus_duchesnensis	43.1831
Astragalus_eremophilus	62.3939
Astragalus_epiglottis	36.1425
Astragalus_jejunus	40.1449
Astragalus_kavirensis	27.5
Astragalus_fenzelianus	44.2308
Astragalus_stella	36.2901
Astragalus_fabaceus	32
Astragalus_maxwellii	46.1111
Astragalus_parwanicus	28
Oxytropis_macrocarpa	34.7778
Astragalus_tortipes	32.75
Astragalus_pringlei	24.4706
Astragalus_pellitus	33.4
Astragalus_depressus	39.9915
Astragalus_kaghysmani	17.5
Astragalus_griseus	37.2
Astragalus_americanus	44.15
Astragalus_sinaloae	28.7778
Astragalus_alopecias	31.1429
Astragalus_bergii	47.75
Astragalus_smithianus	36.75
Astragalus_secundus	23
Oxytropis_falcata	42.9
Astragalus_calycinus	31.4211
Astragalus_platytropis	46.4932
Astragalus_connectens	16.5
Astragalus_detritalis	40.5849
Astragalus_infestus	34.6667
Astragalus_phoenix	54.1944
Astragalus_melilotoides	41.125
Astragalus_mendocinus	45
Astragalus_nummularius	30.8333
Astragalus_sahendi	30.3333
Astragalus_bryantii	23.5
Astragalus_sanctorum	33.5
Astragalus_lilacinus	32.6
Astragalus_zagrosicus	34.75
Astragalus_laccoliticus	22.5
Oxytropis_microphylla	49.3373
Astragalus_rusbyi	39.1176
Astragalus_havianus	26.4
Astragalus_jaegerianus	58.3077
Astragalus_maroccanus	26.3333
Astragalus_agnicidus	33.7895
Astragalus_sabulonum	54.412
Oxytropis_pauciflora	45.3982
Astragalus_incertus	36.8235
Astragalus_wingatanus	45.0158
Astragalus_robbinsii	45.4299
Astragalus_dodtii	51.6
Astragalus_discolor	21
Astragalus_habamontis	18
Astragalus_mongholicus	41.2684
Astragalus_pseudocyclophyllus	37.75
Astragalus_desereticus	33.375
Astragalus_dependens	19
Astragalus_castaneiformis	39.3387
Astragalus_rytidocarpus	39.0556
Oxytropis_mertensiana	44.0942
Astragalus_saganlugensis	22.3333
Astragalus_fridae	31.3333
Astragalus_caeruleopetalinus	34.5
Tragacantha_densifolia	31.5556
Oxytropis_kansuensis	44.8936
Astragalus_parryi	50.8523
Oxytropis_adamsiana	46.2987
Astragalus_iodanthus	44.6531
Astragalus_argutensis	37.5714
Astragalus_freynii	35.2
Astragalus_hemiphaca	23.3333
Astragalus_subarcuatus	22.5
Astragalus_gebleri	21.6667
Astragalus_mohavensis	55.1376
Astragalus_subverticillatus	16.5
Astragalus_ackermanii	45.5714
Astragalus_dignus	46.7
Astragalus_heptapotamicus	18
Astragalus_alpamarcae	23
Astragalus_laspurensis	16
Astragalus_sericophyllus	34.6316
Astragalus_satoi	27
Astragalus_camptopus	43.1212
Astragalus_przewalskii	39.4286
Astragalus_pseudoindurascens	18.5
Astragalus_carinatus	50.9048
Astragalus_manucehrii	14
Astragalus_latifolius	48.9744
Astragalus_dzebrailicus	19.5
Astragalus_reuterianus	30
Astracantha_pterocephala	28.6667
Astragalus_woodruffii	52.3125
Astragalus_icmadophilus	25.6667
Astragalus_maireanus	18.5
Astragalus_calamistratus	14.5
Astracantha_oleifolia	31.1429
Astragalus_circumdatus	31.0541
Astragalus_waterfallii	38.4231
Astragalus_tamiricus	21.5
Astragalus_fastidius	25.9211
Astragalus_xanthoxiphidiopsis	37.6667
Astragalus_cochabambensis	22
Astragalus_ammotrophus	14
Astragalus_tolmaczevii	45.8611
Astragalus_pseudomultijugus	21.3333
Astragalus_rosellus	18.5
Astragalus_cysticalyx	37.7143
Astragalus_sophoroides	60.4583
Astragalus_emoryanus	37.5965
Astragalus_hamiltonii	43.9024
Astragalus_subvestitus	52.6364
Astragalus_elymaiticus	15.5
Astragalus_mulfordiae	38.975
Oxytropis_besseyi	40.4351
Astragalus_bibullatus	24.8462
Astragalus_demetrii	26.75
Astragalus_akkensis	28.75
Astragalus_veresczaginii	20
Astragalus_varus	33
Oxytropis_campestris	48.8053
Astragalus_schahrudensis	35.75
Astragalus_melanocalyx	25.5
Astragalus_pauperculus	39.481
Astragalus_perianus	43.0833
Astragalus_adulterinus	10
Astragalus_asterias	34.9391
Astragalus_hauarensis	65
Astragalus_chomutowii	40.6
Oxytropis_nigrescens	43.937
Astragalus_eugenii	19.5
Astracantha_caucasica	26.75
Astragalus_jodostachys	23.5
Astragalus_colhuensis	30
Astragalus_vereskensis	15.5
Astragalus_cyri	21.3333
Astragalus_pseudobrachystachys	43.75
Astragalus_bakaliensis	22.5
Astragalus_longissimus	25.8333
Astragalus_jesdianus	33.6667
Onobrychis_conferta	30.8557
Astragalus_jagnobicus	22
Astragalus_nuttallii	45.8093
Astragalus_shagalensis	16
Astragalus_persicus	32.3333
Astragalus_ferganensis	15
Astragalus_stipitatus	37.1
Astragalus_lorinserianus	14.5
Astragalus_terracianoi	29
Astragalus_reticulatus	24.2
Astragalus_luxurians	29.6667
Astragalus_allochrous	41.7746
Astragalus_utahensis	38.3659
Astragalus_kirpicznikovii	27.5
Astragalus_triradiatus	26.1429
Astragalus_shultziorum	41.9333
Astragalus_kialensis	43.0714
Astragalus_kaufmannii	44.8571
Astragalus_johannis-howellii	53.2619
Astragalus_sanandajianus	15
Astragalus_piscinus	26.375
