Oxytropis_deflexa	16.9544
Astragalus_polyphyllus	19.5
Astragalus_kurtschumensis	16
Astragalus_intarrensis	12.5
Astragalus_neolipskyanus	21.6667
Astragalus_penduliflorus	14.8003
Astragalus_famatinae	25.3
Astragalus_idaeus	13
Astragalus_cryptanthus	16.25
Astragalus_schistosus	19
Astragalus_kabadianus	15
Oxytropis_exserta	11.7727
Astragalus_peckii	13.625
Astragalus_paposanus	18.2
Astragalus_ceramicus	19.852
Astragalus_ernestii	17.3548
Astragalus_sardaimionensis	18.8
Astragalus_lagopoides	25.8889
Astragalus_umbraticus	22.3704
Astragalus_mirabilis	14
Astragalus_aksuensis	16.4342
Astragalus_uraniolimneus	21.7143
Astragalus_cuyanus	16.3333
Astragalus_tehuelches	14.3333
Astragalus_brandegeei	22.1111
Astracantha_denudata	21.5417
Astragalus_howellii	17.5455
Astragalus_borodinii	13.5
Astragalus_thurberi	40.3924
Astragalus_lessertioides	19.4
Astragalus_zohrabi	17.6667
Astragalus_substipitatus	12
Astragalus_batangensis	14.75
Astragalus_tennesseensis	22.3444
Astragalus_salsugineus	12.5
Astragalus_pulviniformis	14.4
Astragalus_subumbellatus	23.2692
Astragalus_diphacus	46.4
Astragalus_ammodytes	8.5
Astragalus_brachyodontus	17.75
Astragalus_domeykoanus	17.4286
Astragalus_lurorum	15
Astragalus_achundovii	13.5
Astragalus_lacei	13
Astragalus_coriaceus	42.5714
Astragalus_xiphidium	23
Oxytropis_tianschanica	13.2
Astragalus_phlomoides	13
Astragalus_durandianus	15
Astragalus_caprinus	29.5122
Astragalus_urceolatus	14.3333
Astragalus_canadensis	20.1702
Astragalus_mangeri	16
Astragalus_cymbicarpos	22.1319
Astragalus_pseudoborodinii	13.6667
Astragalus_leiosemius	12
Astragalus_verticillatus	11.5
Astragalus_asymmetricus	27.8763
Astragalus_flexus	22.8571
Astragalus_peterae	14.3333
Astragalus_anserinus	17.85
Astragalus_eurekensis	21.3243
Astragalus_polozhiae	15.3333
Astragalus_conspicuus	18
Astragalus_multiceps	16.5
Astragalus_podocarpus	18.75
Astragalus_eremiticus	20.6091
Astragalus_stalinskyi	16.75
Astragalus_cimae	19.1111
Astragalus_tortuosus	24
Astragalus_denticulatus	13
Astragalus_eucosmus	17.2976
Astragalus_reventiformis	17.1475
Astragalus_patagonicus	18.1333
Astragalus_gilgitensis	14.5
Astragalus_kunlunensis	8
Astragalus_bezudensis	19.875
Astragalus_atwoodii	17.2
Astragalus_ovigerus	15.5
Astragalus_campylotrichus	21.8
Astragalus_spatulatus	23.4665
Astragalus_holmgreniorum	13.2353
Astragalus_graveolens	20.0303
Oxytropis_jordalii	15.1654
Astragalus_iselyi	18.8235
Astragalus_odoratus	24.85
Astragalus_harrisonii	14.9286
Astragalus_misellus	18.5294
Astragalus_sesquiflorus	18.2245
Oxytropis_albana	18.6875
Astragalus_jiuquanensis	7.5
Astragalus_cytisoides	19.3333
Astragalus_kralikii	25
Astragalus_triflorus	18.3158
Astragalus_boeticus	29.5672
Astragalus_goldmanii	46.2727
Astragalus_vulpinus	25.2917
Astragalus_macropterus	18.3
Astragalus_diminutivus	21.7857
Astragalus_uniflorus	22.9231
Astragalus_khoshjailensis	14.3333
Astragalus_shelkovnikovii	20
Astragalus_gorodkovii	7.5
Astragalus_cognatus	12.5
Astragalus_basineri	23.125
Astragalus_miser	18.2654
Astragalus_salmonis	22.7333
Astragalus_angarensis	19.641
Astragalus_yunnanensis	16.7879
Astragalus_schmalhausenii	24.6667
Astragalus_monanthemus	17.8571
Oxytropis_oreophila	19.9434
Astragalus_caroli-henrici	11.5
Astragalus_leucolobus	19.8224
Astragalus_megalanthus	22.8667
Astragalus_setosulus	19
Astragalus_biebersteinii	19.75
Astragalus_ornithopodioides	24.4167
Astragalus_desperatus	17.2325
Astragalus_viridis	21.625
Astragalus_sinicus	26.2571
Astragalus_chaetodon	0
Astragalus_tremolsianus	22
Astragalus_melanodon	16
Astragalus_pseudojohannis	11.5
Astragalus_psilocentros	22.5
Astragalus_atropubescens	18.7297
Astragalus_vaccarum	44.5312
Astragalus_sesamoides	19.5
Astragalus_adanus	20.3065
Astragalus_distortus	23.0137
Astragalus_gaubae	10
Astragalus_luteolus	15
Astragalus_hypsogenus	20.2143
Astragalus_kungurensis	18
Astragalus_calliphysa	17.8333
Astragalus_euchlorus	20
Astragalus_galegiformis	21.8378
Astragalus_limprichtii	14.8571
Astragalus_layneae	16.9853
Astragalus_racemosus	25.7177
Astragalus_basiflorus	7
Astragalus_limnocharis	19.5294
Astragalus_egglestonii	23.25
Astragalus_neobarnebyanus	14
Astragalus_cremnophylax	18.2
Astragalus_lancearius	16.65
Astragalus_discernendus	19.5
Astragalus_debequaeus	21.45
Astragalus_callistachys	10
Astragalus_puniceus	22.8
Astragalus_parvus	42.95
Astragalus_solitarius	18.8519
Astragalus_chionobiiformis	11.5
Astragalus_speirocarpus	17.02
Oxytropis_czukotica	14.9756
Astragalus_brachycarpus	25.35
Astragalus_dielsii	19.6667
Astragalus_sikkimensis	11.1667
Astragalus_monticola	18
Astragalus_sutchuenensis	23.5
Astragalus_hymenocystis	11.5
Astragalus_casapaltensis	17.3333
Astragalus_soxmaniorum	18.9268
Astragalus_beketowi	14.8333
Astragalus_sedaensis	8.5
Astragalus_isphairamicus	8.5
Astragalus_schmolliae	17.5
Astragalus_aboriginum	16.7281
Astragalus_welshii	18.8889
Astragalus_lacteus	21.9545
Astragalus_scaphoides	20.3125
Astragalus_bellus	16
Astragalus_alvordensis	17.3171
Astracantha_diphtherites	24.8
Astragalus_eriocarpus	23.8182
Astragalus_sangimashensis	16.6667
Astragalus_khasianus	24.3333
Astragalus_bisulcatus	24.0465
Astragalus_vesicarius	23.3586
Astragalus_balearicus	19
Astragalus_deanei	35.5833
Astragalus_megalomerus	14.25
Astragalus_amphioxys	19.0148
Astragalus_trichopodus	32.4407
Astragalus_loanus	18.3333
Astragalus_unifoliolatus	18.5
Astragalus_micromerius	19.5455
Astragalus_owirensis	8.5
Astragalus_spinescens	13
Astragalus_oroproselius	13
Astragalus_hartmanii	31
Oxytropis_jonesii	15.3333
Astragalus_takhtadzhjanii	23.1111
Astragalus_alopecuroides	25.8231
Astragalus_plattensis	26.3679
Astragalus_crassifolius	14.5
Astragalus_coronilla	12.3333
Astragalus_inaequalifolius	11
Astragalus_dictamnoides	9.5
Astragalus_adpressipilosus	14.75
Oxytropis_immersa	18.1667
Astragalus_peltatus	15.75
Astragalus_ptychophyllus	24
Astragalus_reesei	14
Astragalus_polyceras	17.6667
Astragalus_remotiflorus	18
Astragalus_helmii	23.6047
Astragalus_pseudokurrumensis	13
Astragalus_magellanicus	13.6667
Astragalus_petropolitanus	14
Astragalus_dingjiensis	4
Astragalus_andaulgensis	9
Astragalus_crymophilus	16.6
Astragalus_chordorrhizus	12
Astragalus_illinii	16.1429
Astragalus_kentrophyta	18.3111
Astragalus_chamaemeniscus	16.8485
Astragalus_palenae	19.9474
Astragalus_registanicus	17.3333
Astragalus_maassoumii	14.5
Astragalus_fedtschenkoanus	20
Astragalus_gracilidentatus	11
Astragalus_limariensis	13
Oxytropis_coerulea	16.7436
Astragalus_cyaneus	19.2
Astragalus_anthosphaerus	17.6667
Astragalus_corniculatus	23.1667
Astragalus_barnebyi	15
Astragalus_abbreviatus	17
Astragalus_purpusii	37.6098
Astragalus_brachypetalus	21.2
Astragalus_pinonis	18.2857
Astragalus_maurus	20.6
Astragalus_suberosus	28.0606
Astragalus_laguroides	19.2027
Astragalus_rattanii	24.0544
Astragalus_psilolobus	13.5
Astragalus_fraxinifolius	17.6
Astragalus_humistratus	25
Astragalus_callichrous	31.7591
Astragalus_vogelii	18.2
Astragalus_gueldenstaedtiae	11.5
Astragalus_wrightii	30.6207
Astragalus_zingeri	23.4524
Astragalus_pennellianus	39.1
Astragalus_toquimanus	16.9412
Astragalus_daghestanicus	20.4286
Astragalus_confertus	15.6184
Astragalus_fruticosus	20.4598
Astragalus_atropurpureus	22.8
Astragalus_pseudoaustralis	15.1111
Astragalus_orthocarpus	16.75
Astragalus_medius	22
Astragalus_khwaja-muhammadensis	12.5
Carmichaelia_violacea	9
Astragalus_schinetorum	9.5
Astragalus_agraniotii	17.6667
Astragalus_tumninensis	5.5
Astragalus_aspreticola	9.5
Astragalus_argophyllus	20.6719
Astragalus_dianthus	20.6
Astragalus_urbanianus	16
Astragalus_accumbens	20.75
Oxytropis_humifusa	16.9274
Astragalus_wenxianensis	7.5
Astragalus_sharestanicus	10
Astragalus_polycladus	17.8077
Astragalus_nitidiflorus	25.6667
Oxytropis_pilosa	22.0134
Astragalus_hispidulus	28.9552
Astragalus_wetherillii	21.8421
Astragalus_mucidus	21.4
Astragalus_remotus	20.3529
Astragalus_calycosus	20.5191
Astragalus_congdonii	18.2857
Astragalus_agrestis	22.2684
Astragalus_kohrudicus	13
Astragalus_haesitabundus	18.3333
Astragalus_arcuatus	12.5
Astragalus_crassispinus	11.5
Oxytropis_obnapiformis	17
Astragalus_chrysostachys	20.8571
Astragalus_hoodianus	17.2692
Astragalus_rzaevii	11.5
Astragalus_aegobromus	24
Sutherlandia_microphylla	22.6837
Astragalus_quinquefoliolatus	13
Astragalus_hypoglottis	24.2338
Astragalus_coccineus	22.2637
Astragalus_panduratus	14.5
Astragalus_cronquistii	16.5
Astragalus_tribuloides	27.0339
Astragalus_shevockii	13.8182
Astragalus_austrosibiricus	20.0106
Astragalus_karkarensis	14.3333
Astragalus_greggii	37.5517
Oxytropis_racemosa	14.25
Astragalus_varius	25.3077
Astragalus_mayeri	23.4615
Astragalus_didymocarpus	25.6459
Astragalus_simplicifolius	21.4
Astragalus_agameticus	12
Astragalus_cymboides	19.303
Astragalus_monumentalis	16.5714
Astragalus_zanskarensis	15.5893
Astragalus_edmondsonii	12.5
Astragalus_peterfii	18.25
Astragalus_kirrindicus	17
Astragalus_eusarathron	17.5
Astragalus_macropodium	8.5
Astragalus_politovii	12.3333
Astragalus_georgii	14.5
Astragalus_oniciformis	19.8947
Astragalus_fucatus	15.6436
Astracantha_gummifera	27.75
Astragalus_pusillus	23.5652
Astragalus_spaldingii	16.1765
Astragalus_daleae	37.125
Astragalus_turczaninowii	16
Erophaca_baetica	24.097
Astragalus_pattersonii	22.3778
Sphaerophysa_salsula	20.54
Astragalus_confusus	13
Astragalus_maximowiczii	13.3333
Astragalus_clerceanus	20.1429
Astragalus_stepporum	14
Astragalus_arizonicus	35.5254
Astragalus_bashgalensis	14.5
Astracantha_aurea	24.2444
Astragalus_cretaceus	32.9655
Astragalus_tongolensis	16.2593
Astragalus_ornithorrhynchus	14
Astragalus_accidens	20.5063
Astragalus_ruiz-lealii	16.3333
Astragalus_hypoleucus	43.2183
Astragalus_inyoensis	17.963
Astragalus_ovatus	17.75
Astragalus_laricus	13.6667
Astragalus_longidentatus	29.9528
Astragalus_macroceras	20.3889
Astragalus_erivanensis	17.6667
Astragalus_lotiflorus	24.1695
Oxytropis_chionobia	16.2632
Astragalus_kirilovii	16.3333
Astragalus_purpurascens	11.5
Astragalus_auratus	10.5
Astragalus_kessleri	12
Astragalus_sesameus	27.3362
Astragalus_moranii	39.6875
Astragalus_acmophylloides	11.5
Astragalus_pyrrhotrichus	19.7
Astragalus_firuzkuhensis	8.5
Astragalus_hypogaeus	16.8889
Astragalus_scutaneus	39.6667
Astragalus_leontinus	14.68
Astragalus_jolderensis	18.6667
Astragalus_tricholobus	23
Astragalus_webberi	15.4348
Astragalus_lineatus	22.8
Astragalus_clarkeanus	9
Astragalus_cachinalensis	14.4
Astragalus_sieversianus	23.9286
Astragalus_molestus	21.4
Astragalus_sumbari	11
Astragalus_gibbsii	18.814
Astragalus_oocalycis	25.1395
Astragalus_canescens	18.5
Astragalus_filicaulis	23.37
Astragalus_caricinus	17.8169
Astragalus_fissuralis	20.3636
Astragalus_gladiatus	23.2308
Astragalus_arkalycensis	20.5714
Astragalus_laxmannii	21.6547
Astragalus_yumenensis	11
Astragalus_paraplesius	13
Astragalus_sevangensis	24.95
Astragalus_curvicarpus	20.4619
Astragalus_chlorostegius	13
Astragalus_elatior	13.5
Astragalus_nivalis	16.8395
Astragalus_neglectus	18.1364
Astragalus_nuttallianus	27.4721
Astragalus_clevelandii	24.2203
Astragalus_recurvus	27.3611
Astragalus_hajastanus	16.6667
Astragalus_chorinensis	14.8333
Astragalus_paralurges	15.5
Astragalus_varzobicus	14.5
Astracantha_strobilifera	14
Astragalus_oreades	15.1818
Astragalus_leptocaulis	12.5
Astragalus_munroi	15
Astragalus_olgae	14
Astragalus_atricapillus	12.3333
Astragalus_echinops	27.25
Astragalus_knightii	9.5
Astragalus_bornmuellerianus	19.25
Astragalus_laetus	18.4
Astragalus_neoburkartianus	9
Astragalus_subalpinus	14.5
Astragalus_scorpioides	26.7234
Astragalus_grahamianus	15.6364
Astragalus_micranthellus	24.6
Astragalus_tarijensis	24.6
Astragalus_ampullarius	17.4583
Astragalus_echinatus	27.9366
Astragalus_gymnopodus	11
Astragalus_brachybotrys	17.6429
Astragalus_macropetalus	17.3333
Astragalus_chilienshanensis	10.6667
Astragalus_aksaricus	8
Astragalus_miguelensis	18.5
Astragalus_psilacanthus	22.125
Astragalus_episcopus	16.9226
Astragalus_licentianus	13.4
Astragalus_variabilis	14
Astragalus_balchaschensis	11.5
Astragalus_prorifer	49.575
Astragalus_froedinii	22.6667
Astragalus_richii	21.5
Astragalus_angreni	18.25
Astragalus_erythrolepis	16
Astragalus_purshii	19.7039
Astragalus_johnstonii	16.5
Astragalus_harringtonii	10.7273
Astragalus_paktiensis	17.6667
Astragalus_brachytropis	15.75
Astragalus_joergensenii	24.8333
Astragalus_geniculatus	25.8889
Astragalus_saralensis	15.1579
Astragalus_filipes	21.4461
Astragalus_cuatrecasasii	14.5
Oxytropis_jacquinii	18.1046
Astragalus_schmidii	13.5
Astragalus_distinens	23.7273
Astragalus_holosemius	8
Astragalus_oophorus	20.1759
Astragalus_altus	23.8333
Astragalus_erionotus	17.7333
Astragalus_ortholobus	11.6667
Astragalus_squarrosus	20.4
Astragalus_kudrjaschovii	13
Astragalus_neomexicanus	24.5
Astragalus_ophiocarpus	22.619
Astragalus_lutosus	22.6094
Astragalus_conjunctus	20.2095
Astragalus_coahuilae	40.1333
Astragalus_teheranicus	20.1667
Astragalus_eriopodus	23.8
Astragalus_ochreatus	13
Astragalus_chamissonis	23
Astragalus_donianus	18.5
Astragalus_geyeri	18.1679
Astragalus_duanensis	10.5
Astragalus_bicolor	22.5
Astragalus_regiomontanus	26.2
Astragalus_huthianus	17
Astragalus_lunatus	13.5
Astragalus_whitneyi	15.4622
Astragalus_gompholobium	11
Astragalus_saetiger	19.3333
Astragalus_curvirostris	23.8
Astragalus_semnanensis	14.25
Astragalus_yoder-williamsii	21.4
Astragalus_oocarpus	25.6867
Astragalus_raphiodontus	17.75
Astragalus_sanctae-crucis	14
Astragalus_sericopetalus	15
Astragalus_nigrivestitus	8.5
Astragalus_panamintensis	18.6176
Astragalus_pseudoamygdalinus	11
Astragalus_praelongus	19.7844
Astragalus_ancistrocarpus	26.4167
Astragalus_antheliophorus	13
Astragalus_arbuscula	16.6667
Astragalus_dictyolobus	20.8
Astragalus_vexilliflexus	19.3414
Astragalus_hymenocalyx	8
Astragalus_falconeri	15.5
Astragalus_feensis	15.6
Astragalus_gracilis	23.5075
Astragalus_sanguineus	39.0959
Astragalus_syreitschikovii	17.3333
Astragalus_sheldonii	20.3478
Astragalus_esperanzae	40
Astragalus_albulus	21.1194
Oxytropis_strobilacea	19.4268
Astragalus_bhotanensis	24.4333
Astragalus_minutissimus	20.8
Astragalus_ampullarioides	17.2857
Astragalus_rimarum	12.5
Astragalus_trigonocarpus	11.75
Astragalus_oocephalus	31.2308
Astragalus_anemophilus	43.4884
Astragalus_lepsensis	17.7778
Astragalus_eurylobus	16.2941
Astragalus_gruinus	44.1493
Astragalus_huiningensis	12.8333
Astragalus_danicus	19.94
Astragalus_straussii	14.5
Astragalus_macrourus	21.1667
Astragalus_pauperiflorus	15.6667
Astragalus_erythrosemius	17.6667
Astragalus_radicans	40.4688
Astragalus_diversifolius	21.4286
Astragalus_pseudomegalomerus	17.6667
Astragalus_berteri	26.1111
Astragalus_tragacantha	25.6129
Astragalus_henryi	20.5714
Astragalus_atropilosulus	34.587
Astragalus_schanginianus	18.3061
Astragalus_salatavicus	16.6667
Astragalus_melanostachys	16.6774
Astragalus_bicristatus	19.5872
Astragalus_mikrophyton	9.5
Astragalus_cicer	21.287
Astragalus_longistipitatus	8.5
Astragalus_pavlovii	8
Astragalus_paradoxus	12.5
Astragalus_zacatecanus	39.8
Astragalus_groetzbachii	14
Astragalus_shatuensis	12.5
Astragalus_compressus	21.6667
Astragalus_sinuatus	17.9
Astragalus_brauntonii	28.3256
Astragalus_aquilanus	22
Astragalus_sanczirii	12
Astragalus_hymenostegis	11.5
Astragalus_ovoideus	17.6
Astragalus_perdurans	15.3333
Astragalus_effusus	21
Astragalus_szovitsii	22.8
Astragalus_badamensis	16.3333
Astragalus_preussii	18.5519
Astragalus_microphysa	20.2857
Astragalus_saurinus	21.4
Astragalus_beckerianus	18.625
Astragalus_rafaelensis	17.6667
Oxytropis_splendens	18.0935
Astragalus_capillipes	14.6667
Astragalus_macropus	25.4717
Astragalus_francisquitensis	50.2353
Astragalus_dumetorum	23.6667
Astragalus_arthurii	19.92
Astragalus_moyanoi	15
Oxytropis_neglecta	18.5012
Astragalus_quinqueflorus	46.1667
Astragalus_ponticus	23.8182
Astragalus_levieri	15.6087
Oxytropis_yunnanensis	16.4314
Astragalus_trichocarpus	22.3333
Astragalus_consobrinus	17.7143
Astragalus_rostratus	12.5
Astragalus_serenoi	16.5833
Astragalus_lycioides	19.1429
Astragalus_jabbor-khailii	17
Astragalus_linifolius	19.0417
Astragalus_arnoldii	14.7667
Astragalus_vanillae	13
Astragalus_coluteocarpus	20.0909
Hedysarum_boreale	19.7433
Astragalus_buschiorum	17.75
Astragalus_miyalomontis	8
Astragalus_bachmarensis	8.5
Astragalus_ellipsoideus	18.5
Astragalus_stenocystis	14
Astragalus_herbertii	12.5
Astragalus_chinensis	21.2857
Astragalus_goniatus	22
Astragalus_musiniensis	18.6486
Astragalus_lehmannianus	23.3846
Astragalus_tugarinovii	15.5474
Astragalus_lasiopetalus	13.3333
Astragalus_hancockii	13
Astragalus_arrectus	19.5682
Astragalus_bungeanus	24.8421
Astragalus_frigidus	11.0942
Astragalus_macrotropis	17.6667
Astragalus_siahderrensis	13
Astragalus_sabuletorum	8.5
Astragalus_lumsdenianus	13
Astragalus_pamirensis	15.4667
Astragalus_longipetiolatus	9
Astragalus_diopogon	16.5
Astragalus_lindheimeri	28.2826
Astragalus_clandestinus	10.5
Astragalus_holophyllus	14
Astragalus_persepolitanus	23.0909
Astragalus_pubentissimus	21.012
Oxytropis_bicolor	18.7143
Astragalus_arnottianus	18.4583
Astragalus_ankylotus	8
Astragalus_platyphyllus	22.2
Astragalus_riparius	16.1667
Astragalus_hyalolepis	21
Astragalus_kazbeki	15.5714
Astragalus_muliensis	14.6364
Astragalus_orbicularifolius	12
Astragalus_alyssoides	21.2857
Astragalus_baionensis	22.5
Oxytropis_scammaniana	13.1079
Astragalus_valparadisiensis	13
Oxytropis_poncinsii	17.3158
Astragalus_arequipensis	24
Astragalus_webbianus	16.2083
Astragalus_siliceus	18.2222
Oxytropis_nutans	13
Astragalus_stenanthus	22
Astragalus_grubovii	13.6
Astragalus_coquimbensis	17.7647
Astragalus_brachycentrus	15
Astragalus_raddei	20.3333
Astragalus_albicaulis	26.9691
Astragalus_nigrolineatus	11
Astragalus_ammodendron	22.2
Astragalus_strigulosus	44.1656
Astragalus_inopinatus	19.066
Astragalus_australis	16.7902
Astragalus_mucronifolius	21
Astragalus_kifonsanicus	18.2727
Astragalus_trachoniticus	11
Astragalus_souliei	13.2
Astragalus_cracca	14.5
Astragalus_amblytropis	18.5455
Astragalus_ertterae	16.4444
Astragalus_granitovii	9
Astragalus_juratzkanus	21.9
Astragalus_megacarpus	21.8667
Astragalus_glabellus	13
Astragalus_testiculatus	25.3153
Astragalus_jaliscensis	43.6667
Astragalus_nuciferus	18.6667
Astragalus_stenolepis	13.6667
Astragalus_hamosus	28.4945
Astragalus_bombycinus	24.9667
Astragalus_vesiculosus	19.0625
Astragalus_flavus	20.8309
Astragalus_oihorensis	9
Astragalus_marinus	14.5
Astragalus_propinquus	18.7892
Astragalus_verrucosus	22.7143
Astragalus_tenellus	21.3733
Astragalus_columbianus	16
Astragalus_brazoensis	31.1389
Astragalus_chorizanthus	9
Astragalus_amnis-amissi	16.375
Astragalus_johannis	22
Astragalus_gentryi	45.7895
Astragalus_carmanicus	12.5
Astragalus_piptocephalus	18.25
Astragalus_fabrisii	12.6667
Astragalus_oxyodon	10.5
Astragalus_minthorniae	19.5833
Astragalus_dulungkiangensis	9
Astragalus_humifusus	23.5385
Astragalus_gorczakovskii	14.5
Astragalus_ammodendroides	14.6667
Astragalus_weberbaueri	23.08
Astragalus_coltonii	20.0753
Astragalus_tatsienensis	13.7778
Astragalus_rufescens	12
Astragalus_centralis	10
Astragalus_strigosostipulatus	11.5
Astragalus_glaux	25.2514
Astragalus_guttatus	29.5893
Astragalus_toksunensis	8.5
Astragalus_leucocladus	16.3333
Astragalus_edulis	29.7593
Astracantha_karabaghensis	21.8
Astragalus_bifidus	12
Astragalus_ecbatanus	22.75
Astragalus_nutriosensis	19
Astragalus_demavendicolus	8
Astragalus_cinereus	22
Astragalus_monspessulanus	25.1946
Astragalus_miniatus	17.5455
Astragalus_hololeucoides	18.6
Phyllolobium_tribulifolium	12.5333
Astragalus_rubriflorus	17
Astragalus_naftabensis	21.2
Astragalus_nutans	21.5517
Astragalus_galiifolius	13.5
Astragalus_susianus	20.5714
Astragalus_siliquosus	21.3636
Astragalus_cryptobotrys	21.0588
Astragalus_oxyphysus	25.3345
Astragalus_terminalis	19.6508
Astragalus_striatiflorus	17.6667
Astragalus_xylobasis	21.6
Astragalus_mattam	14.4286
Astragalus_taipaishanensis	12.6667
Astragalus_plumbeus	9.66667
Astragalus_sabulosus	19.2778
Astragalus_utriger	25.7447
Astragalus_mercklinii	22
Astragalus_ledinghamii	15.5
Astragalus_punctatus	14.5
Astragalus_anacardius	14.6667
Astragalus_peduncularis	16.2941
Astragalus_sparsus	21.75
Astragalus_bidentatus	12.5
Astragalus_supinus	15.8333
Astragalus_leptocarpus	23.5333
Astragalus_missouriensis	24.5189
Astragalus_camptodontoides	15.75
Astragalus_applegatii	16.5
Astragalus_lyallii	16.6061
Astragalus_brachystachys	30.5455
Astragalus_rupifragus	25.9278
Astragalus_pendulinus	17.3333
Astragalus_leiophyllus	20.2857
Astragalus_cephalanthus	25.3333
Astragalus_sprucei	18.0714
Astragalus_kustanaicus	23.1429
Astragalus_drupaceus	23.8333
Astragalus_pinetorum	24.8235
Astragalus_biovulatus	15.6667
Astragalus_exscapus	21.601
Astragalus_commixtus	21.3125
Astragalus_serpens	19.8462
Smirnowia_turkestana	18.125
Astragalus_charguschanus	16.6522
Astragalus_baba-alliar	20.5
Astragalus_noziensis	12
Astragalus_platysematus	14
Astragalus_lipskyi	13
Astragalus_trichanthus	14
Astragalus_ciceroides	10.6667
Astragalus_deminutivus	19.2857
Astragalus_tibetanus	17.4203
Astragalus_solandri	27.7
Astragalus_ebenoides	19.25
Astragalus_nutzotinensis	13.8411
Astragalus_macronyx	21.1429
Astragalus_troglodytus	27.6809
Astragalus_cottonii	8.25
Astragalus_malacus	19.3776
Astragalus_polygala	18.5
Astragalus_lambinonii	14
Astragalus_efoliatus	14
Astragalus_glumaceus	22.25
Astragalus_heydei	8
Astragalus_equisolensis	19.5714
Astragalus_lasiophyllus	21
Oxytropis_ochotensis	14.6429
Astragalus_cobrensis	28.7037
Astragalus_sulfuratus	18.75
Astragalus_khaneradarensis	12.5
Astracantha_cerasocrena	21.1667
Astragalus_ensifer	13
Astragalus_petraeus	15.75
Astragalus_puberulus	17.2581
Astragalus_curvicaulis	20.7778
Astragalus_chloodes	20.8214
Astragalus_kerkukiensis	14.5
Astragalus_barbatus	22.8333
Astragalus_alaschanus	15.3333
Astragalus_cavanillesii	25.4091
Astragalus_tupalangi	12
Astragalus_nelidae	16.4286
Astragalus_brevipes	18.5
Astracantha_cretica	24.8413
Astragalus_armeniacus	10.5
Oxytropis_nana	20.3125
Astragalus_consanguineus	12.5
Astragalus_dasyanthus	25.7302
Astragalus_thermensis	19.3333
Astragalus_nivicola	16.2222
Oxytropis_ciliata	14
Astragalus_seidabadensis	14
Astragalus_spegazzinii	13.5
Astragalus_subrosulariformis	12
Astragalus_somcheticus	23.04
Astragalus_coluteopsis	16
Astragalus_lasiosemius	19.5125
Astragalus_piutensis	19.6167
Astragalus_gypsodes	24.0909
Astragalus_germaini	10.5
Astragalus_burkartii	23.8462
Astragalus_nigriceps	16.3333
Astragalus_apollineus	21.9
Astragalus_savellanicus	11.6667
Astragalus_intercedens	28.05
Astragalus_pseudoadsurgens	15.2
Astragalus_exasperatus	12
Astragalus_lentiformis	15.7407
Astragalus_acutifolius	14
Astragalus_pseudohypogaeus	9.5
Astragalus_bodinii	18.4554
Astragalus_anfractuosus	18.75
Astragalus_cisoxanus	14
Astracantha_stenonychioides	23
Astragalus_brachylobus	25.875
Astragalus_kuschkensis	20
Astracantha_parnassi	21
Astragalus_obcordatus	7.28169
Astragalus_pectinatus	25.0886
Astragalus_traskiae	3
Astragalus_gambelianus	26.335
Astragalus_zerdanus	10
Astragalus_simpsonii	10.3333
Astragalus_jaxarticus	17.6667
Astragalus_wolgensis	25.0476
Astragalus_hyrcanus	21.6
Astragalus_macrosemius	16
Astragalus_balfourianus	19.0833
Astragalus_lemmonii	18.5435
Astragalus_malacoides	15.5128
Astragalus_giganteus	38.86
Astragalus_douglasii	26.9264
Astragalus_chaidamuensis	10.8
Astragalus_pardalinus	16.2143
Astragalus_rawianus	16.5
Astragalus_dendroides	19
Astragalus_lucidus	7
Astragalus_vavilovii	15.25
Astragalus_nephtonensis	21.5556
Astragalus_reduncus	27.7143
Astragalus_cottamii	10
Astragalus_mahoschanicus	15.7143
Astragalus_grayi	22.4412
Astragalus_mesites	10.5
Astragalus_shinanensis	12.25
Astragalus_djilgensis	7
Astragalus_hirsutus	22
Astracantha_microcephala	25.2973
Astragalus_vaginatus	19.1667
Astragalus_faurei	21
Astragalus_aequalis	19.9231
Astragalus_versicolor	19.2833
Astragalus_atrovinosus	18.3333
Astragalus_glomeratus	8.5
Oxytropis_sericea	21.5862
Astragalus_bourgaeanus	25.9615
Astragalus_deterior	20
Astragalus_naturitensis	21.1
Astragalus_vulcanicus	12.5
Astragalus_lanuginosus	18.5
Astragalus_reinii	19.5
Astragalus_avicennicus	12.5
Astragalus_myrianthus	15
Astragalus_cenorrhynchus	21.5
Astragalus_brevidens	21
Astragalus_schrenkianus	14.75
Astragalus_rhacodes	11.5
Astragalus_emarginatus	27.3889
Astragalus_anisacanthus	19.8333
Astragalus_retusifoliatus	6.5
Astragalus_obscurus	22.1214
Astragalus_curtipes	27.359
Astragalus_skythropos	14.7143
Astragalus_imitensis	14.4286
Astragalus_neuquenensis	16.4
Astragalus_leptus	20.5
Astragalus_tephrolobus	15.25
Astragalus_succumbens	18.5567
Astragalus_lyonnetii	39.6429
Astragalus_pakistanicus	10
Astragalus_englerianus	24.2
Astragalus_pehuenches	29.5701
Astragalus_proximus	23.5273
Astragalus_hemsleyi	13
Astragalus_korovinianus	11
Astragalus_vallaris	20.2692
Astragalus_scleroxylon	13
Astragalus_karelinianus	22.75
Astragalus_mario-sousae	25.3333
Astragalus_chingoanus	10.5
Astragalus_nematodes	21.4
Astragalus_breviscapus	13.4
Astragalus_weddellianus	23.1
Astragalus_depauperatus	21.9737
Astragalus_dactylocarpus	22.8727
Astragalus_cuscutae	15
Astragalus_crypticus	22.8333
Astragalus_micrancistrus	18.6667
Astragalus_supervisus	12.5
Astragalus_nidularius	14.6522
Astragalus_takharensis	13
Astragalus_bracteosus	15.5
Astragalus_pallescens	27.1429
Astragalus_weixinensis	11
Astragalus_orthocarpoides	10.5
Astragalus_iodopetalus	23
Astragalus_acutirostris	19.7062
Astragalus_darwinianus	9
Astragalus_demavendicus	20.7143
Astragalus_variegatus	16.8
Astragalus_arganaticus	12.5
Astragalus_curviflorus	20.4
Astragalus_lithophilus	16.6667
Astragalus_vessalae	14
Astragalus_stipulatus	13.25
Astragalus_pseudoversicolor	12.25
Tragacantha_fasciculifolia	21.8571
Astragalus_reventus	18.7051
Astragalus_impexus	14.5
Astragalus_magdalenae	50.5148
Astragalus_crotalariae	30.9408
Astragalus_dilutus	19.4146
Astragalus_gombo	22.9565
Astragalus_physodes	26.0645
Astragalus_oxyphysopsis	45.4545
Astragalus_armatus	26.4219
Astragalus_scaberrimus	18.6667
Astragalus_sparsiflorus	17.6818
Astragalus_tolucanus	40.6667
Astragalus_scopulorum	21.8371
Astragalus_cornutus	26.2533
Astragalus_californicus	18.76
Astragalus_karakugensis	23.5556
Astragalus_lentiginosus	20.4102
Astragalus_ibrahimianus	25.0909
Astragalus_aschuturi	2.5
Astragalus_edmondstonei	20.5714
Astragalus_lupulinus	17.7308
Astragalus_lamondiae	10
Astragalus_nudisiliquus	18.6517
Astragalus_aduncus	27.7333
Astragalus_newberryi	19.4887
Astragalus_termeanus	18
Astragalus_endytanthus	16.5
Astragalus_incanus	26.4372
Astragalus_kolymensis	15.5385
Astragalus_degensis	15.5
Astragalus_sanguinolentus	21.4167
Astragalus_filiformis	19.4651
Oxytropis_lambertii	23.0443
Astragalus_retamocarpus	21.7778
Astragalus_scabrisetus	12.5
Astragalus_oncotrichus	10.5
Astragalus_scoparius	16
Astragalus_gracilipes	18.9286
Astragalus_hispanicus	29.2857
Astragalus_olchonensis	15.5714
Astragalus_abnormalis	16.5
Astragalus_chamaeleuce	22.1274
Astragalus_plagiophacos	12.5
Astragalus_carduchorum	16.25
Astragalus_lalesarensis	20.1667
Astragalus_physocarpus	22.2
Astragalus_wittmannii	25.5
Astragalus_asplundii	17
Astragalus_flexuosus	22.2838
Astragalus_eriostomus	10
Astragalus_nothoxys	37.1733
Astragalus_aleppicus	32.6667
Astragalus_villosus	9.77273
Clianthus_puniceus	25.1389
Astragalus_pauper	12
Astragalus_valerianensis	5.5
Astragalus_globiceps	19.75
Astragalus_neurophyllus	11.5
Astragalus_oxyrhynchus	42.3902
Astragalus_molybdenus	14.619
Astragalus_aspindzicus	12.5
Astragalus_piletocladus	11.5
Astragalus_beckii	21.3333
Eremosparton_flaccidum	15.5
Astragalus_tenuifolius	20.3333
Astragalus_nyensis	16.4545
Astragalus_montigenus	15.5
Astragalus_tener	27.8344
Astragalus_yangtzeanus	18.5
Astragalus_pseudoutriger	18.3333
Astragalus_tribulifolius	9.66667
Astragalus_helleri	43.25
Astragalus_speciosus	16.3333
Astragalus_angustiflorus	24.2727
Astragalus_kuramensis	21.3333
Astragalus_tephrosioides	14.6667
Oxytropis_recognita	17
Astragalus_taschkendicus	15
Astragalus_microcymbus	19.4444
Astragalus_dahuricus	19
Astragalus_porrectus	16.475
Astragalus_stenoceras	22.2
Astragalus_erubescens	11
Astragalus_sphaerocystis	10.5
Astragalus_tyghensis	16.1111
Astragalus_alpinus	13.5405
Astracantha_granatensis	24.211
Swainsona_formosa	22.942
Astragalus_littoralis	5.5
Astragalus_caraganae	26.75
Astragalus_arbelicus	15.5
Astragalus_castetteri	24.5
Astragalus_albens	19.84
Astragalus_humilis	21.5714
Astragalus_sieberi	20.1818
Astragalus_rahensis	18.2
Astragalus_contortuplicatus	25.16
Astragalus_saccatus	13
Astragalus_carminis	38.7857
Astragalus_xipholobus	15.5
Astragalus_shortianus	21.6389
Astragalus_bernardinus	19.3676
Astragalus_cyclophyllon	19.3333
Astragalus_concretus	14.1875
Astragalus_craibianus	13.6667
Astragalus_norvegicus	10.0971
Astragalus_funereus	16.3333
Astragalus_falciformis	24
Astragalus_glycyphyllos	19.4421
Astragalus_leansanicus	18.5556
Astragalus_inversus	18.0208
Astragalus_bounophilus	18.3333
Astragalus_gudrunensis	15.5
Astragalus_hamrinensis	22.3333
Astragalus_macrocephalus	26.1351
Astragalus_leptaleus	19.918
Astragalus_davidii	19.625
Astragalus_maurorum	20.6
Astragalus_strictilobus	10
Astragalus_podlechii	11.5
Astragalus_peregrinus	28.7925
Astragalus_idrietorum	54.1081
Astragalus_hoantchy	10.5
Astragalus_maritimus	10.5
Astragalus_pictiformis	26.2903
Astragalus_rhizanthus	16.3558
Astragalus_titanophilus	19.5556
Astragalus_borraginaceus	11
Astragalus_nudus	9.5
Astragalus_berterianus	20.875
Astragalus_casei	16.2516
Oxytropis_ochrocephala	15.9245
Astragalus_semilunatus	18
Astragalus_glaucus	24.5
Astragalus_managildensis	17.5
Astragalus_wagneri	12.5
Astragalus_tigridis	24.25
Astragalus_mollissimus	27.318
Oxytropis_mollis	16.3452
Astragalus_fuliginosus	13
Astracantha_plumosa	21.6667
Astragalus_vexillaris	23.5
Astragalus_andersonii	16.9208
Astragalus_tulinovii	15.5641
Astragalus_scalaris	40.5
Astragalus_golmuensis	11.1429
Astragalus_ufraensis	12
Astragalus_lonchocarpus	20.7674
Astragalus_majevskianus	9.5
Astragalus_handelii	12.5
Oxytropis_vassilczenkoi	16.15
Astragalus_alaicus	16
Astragalus_ugamicus	12.5
Oxytropis_hirta	17.8485
Astragalus_marianus	13.75
Astragalus_cottonianus	20.6667
Astragalus_xanthotrichus	0
Astragalus_minimus	20.6
Astragalus_pulsiferae	18.0563
Astragalus_bonariensis	12.6667
Astragalus_pseudochlorostachys	14
Astragalus_melanochiton	12.3333
Astragalus_uliginosus	22.5802
Astragalus_adsurgens	21.2523
Astragalus_reflexistipulus	16.9
Astragalus_wilmottianus	13.5
Astragalus_nobilis	15.6667
Astragalus_moellendorffii	8
Astragalus_charadzeae	17.3333
Astragalus_villosissimus	15
Astragalus_humillimus	16.625
Astragalus_oplites	13.625
Astragalus_clarianus	17.8571
Astragalus_tioides	29.3333
Astragalus_spartioides	12.5
Astragalus_densiflorus	15.8378
Astragalus_tarumensis	10.5
Astragalus_brachypus	18.5
Astragalus_prilipkoanus	19.5
Astragalus_hidalgensis	39.3077
Astragalus_catabostrychos	14
Astragalus_turolensis	25.7926
Oxytropis_aciphylla	16.3214
Astragalus_monbeigii	14.4259
Oxytropis_koyukukensis	15.3636
Astragalus_piscator	16.0909
Astragalus_askius	15.5
Oxytropis_talassica	16
Astragalus_semicircularis	6
Astragalus_darii	16.6667
Oxytropis_melanocalyx	15.6
Astragalus_potosinus	36.2857
Astragalus_osterhoutii	22.6
Astragalus_tephrodes	27.6355
Astragalus_sirinicus	23.9706
Astragalus_ceratoides	22.6737
Astragalus_aquilonius	18.2609
Oxytropis_lapponica	11.0932
Astragalus_chiwensis	20.3333
Astragalus_anisus	20.7368
Astragalus_galactites	18.8966
Astracantha_deinacantha	32.95
Oxytropis_viscida	16.5559
Astragalus_glaucacanthos	18
Astragalus_curvipes	21.5556
Astragalus_comosus	20.3333
Astragalus_wenquanensis	7.5
Astragalus_porphyrocalyx	8
Astragalus_sachalinensis	7
Astragalus_tegetarioides	18.3889
Astragalus_micranthus	44.0687
Astragalus_punae	11
Astragalus_tungensis	14.75
Astragalus_onobrychis	22.558
Astragalus_aridus	27.9124
Astragalus_toanus	18.3581
Astragalus_terrestris	14.5
Astragalus_capito	19.8571
Oxytropis_eriocarpa	18.8571
Astragalus_severzovii	10.75
Astragalus_venturii	17
Astragalus_albertoregelia	11
Astragalus_hallii	22.0638
Astragalus_latiunguiculatus	13.75
Astragalus_xanthomeloides	13.25
Astragalus_brevialatus	18
Astragalus_taubertianus	14
Astragalus_amarus	14
Astragalus_nurensis	18
Astragalus_sarbasnensis	11
Astragalus_vegetus	21.5
Oxytropis_grandiflora	19.9268
Astragalus_hirtus	10.5
Astragalus_austroaegaeus	13
Oxytropis_taochensis	14.5
Oxytropis_riparia	20.7727
Astragalus_minutulus	12
Astragalus_pycnostachyus	23.9268
Astragalus_dipelta	15.2
Oxytropis_kobukensis	14.3529
Oxytropis_squammulosa	17.4444
Astragalus_legionensis	36.1875
Astragalus_kerrii	24.4
Astragalus_cerasinus	9.5
Astragalus_pseudocytisoides	13.5
Astragalus_complanatus	8
Astragalus_dombeyi	16.5
Astragalus_taiyuanensis	12.6667
Astragalus_argyroides	24.2857
Astragalus_straturensis	19.6383
Astragalus_pachypus	23.1146
Astragalus_vallicola	12.5625
Astragalus_reichei	24.5714
Astragalus_breweri	23.8812
Astragalus_anisomerus	14.5
Astragalus_chardinii	20
Astragalus_porphyrophysa	17.3333
Astragalus_macrostachys	23.9091
Astragalus_pachyrhizus	20
Astragalus_tawilicus	15.5
Astragalus_grammocalyx	17.5
Astragalus_bossuensis	21.1667
Astragalus_tidestromii	17.5526
Astragalus_paucijugus	18.8
Astragalus_hornii	30.5179
Astragalus_rawlinsianus	13
Astragalus_ensiformis	20.119
Astragalus_pseudofragiferus	14.5
Astragalus_hypoxylus	29.6
Astragalus_williamsii	13.4561
Astragalus_adzharicus	18
Astragalus_angustifolius	24.7826
Astragalus_temirensis	24.3636
Astragalus_tiehmii	20.3889
Astragalus_oligophyllus	11.3333
Astragalus_nelsonianus	21.1765
Astragalus_bazmanicus	16.6667
Astragalus_spinosus	24.6342
Astragalus_leibergii	16.2564
Astragalus_sericeocanus	8.5
Astragalus_goktschaicus	18.4
Astragalus_monoensis	13.3902
Astragalus_peruvianus	22.5517
Astragalus_dschangartensis	13.1667
Astragalus_xiphoides	18.7333
Astragalus_ishkamishensis	14
Astragalus_cerussatus	22.7931
Astragalus_laguriformis	12.5
Astragalus_palmeri	31.8978
Astragalus_hohenackeri	12.5
Astragalus_brandegei	21.875
Astragalus_falcatus	21.7895
Astragalus_sommieri	21.5
Astragalus_rytilobus	18
Astragalus_flexicaulis	7.5
Astragalus_erwinii-gaubae	13.5
Astragalus_macrodon	25.3293
Astragalus_kuschakewiczi	12
Astragalus_kermanschahensis	16
Astragalus_corrugatus	26.5047
Astragalus_reflexus	29.625
Astragalus_schistocalyx	19
Astragalus_pissisi	10.5
Astragalus_leucocephalus	25.74
Astragalus_polyacanthus	13
Astragalus_amatus	20.8462
Astragalus_insularis	41.9755
Astragalus_submitis	22.1667
Astragalus_annularis	25.3434
Astragalus_uncialis	18.1538
Astragalus_boelckei	16
Astragalus_stewartii	20.8462
Oxytropis_oxyphylloides	11
Astragalus_lasioglottis	22
Astragalus_jessenii	13
Astragalus_jodotropis	23.7143
Astragalus_hoffmeisteri	15.619
Astragalus_captiosus	18.8571
Astragalus_rigidulus	15.75
Astragalus_eupeplus	12
Astragalus_onobrychioides	27.4286
Astragalus_matiensis	7.5
Astragalus_werdermannii	13.5
Astragalus_atratus	20.1593
Astragalus_cruckshanksii	20.2
Astragalus_laceratus	8
Astragalus_megricus	19
Astragalus_tashqurghanicus	15
Astragalus_ackerbergensis	19.6
Astragalus_collinus	18.6
Astragalus_suffruticosus	16.2857
Astragalus_campylanthus	23.625
Astragalus_tweedyi	18.2121
Astragalus_tetrapterus	18.9236
Astragalus_frickii	15.9167
Astragalus_chlorodontus	16
Astragalus_ulothrix	14
Astragalus_wootonii	35.2853
Oxytropis_aucheri	15.5
Astragalus_chalaranthus	16
Astragalus_cuneifolius	14.3333
Oxytropis_multiceps	18.4397
Astragalus_iljinii	17.6667
Astragalus_pelecinus	23.7013
Astragalus_prattii	15.5556
Astragalus_stevenianus	23.4167
Astragalus_bashmensis	16.3333
Astragalus_callithrix	16.5806
Astragalus_asclepiadoides	21.2432
Astragalus_longilobus	11.75
Astragalus_musimonum	10
Astragalus_oxypterus	8.5
Astragalus_floridulus	15
Astragalus_taochius	13.5
Oxytropis_ochroleuca	9
Astragalus_kahiricus	21.7656
Astragalus_tataricus	14.3333
Astragalus_paralipomenus	14
Astragalus_chlorostachys	19.3548
Astragalus_bowes-lyonii	9
Astragalus_trimestris	16.8571
Astragalus_concinnus	10.5
Astragalus_flavocreatus	21.5556
Astragalus_gilensis	24.2459
Astragalus_austriacus	24.554
Oxytropis_parryi	16.7757
Astragalus_beckwithii	19.9778
Astragalus_schizotropis	13
Astragalus_amherstianus	24.05
Astragalus_dolichophyllus	26.7931
Astragalus_glycyphylloides	22.2727
Astragalus_mokiacensis	20.1277
Astragalus_kashmirensis	13
Astragalus_crenatus	23.8793
Astragalus_suprapilosus	22.4
Astragalus_ishigensis	7
Astragalus_ervoides	43.2338
Astragalus_ripleyi	23.0455
Astragalus_saxorum	15
Astragalus_garbancillo	25.46
Astragalus_anserinifolius	15.3333
Astragalus_titovii	7.5
Astragalus_dekazygus	13.5
Astragalus_quinquejugus	15.6667
Astragalus_follicularis	18.9677
Astragalus_parodii	24.8077
Astragalus_ochrochlorus	16.6
Astragalus_zayuensis	9.33333
Astragalus_brackenridgei	17
Astragalus_baitagensis	9
Astragalus_arenarius	13.7739
Astragalus_subsecundus	16.4
Oxytropis_arctica	16.5248
Astragalus_alexandrii	20.2222
Wisteria_sinensis	21.2644
Astragalus_chuskanus	17.5833
Astragalus_sclerocarpus	17.3148
Astragalus_poliotrichus	11.5
Astragalus_pullus	17.4545
Astragalus_algerianus	20.717
Astragalus_paysonii	14.9615
Astragalus_pseudotesticulatus	12.3333
Astragalus_bustillosii	21.3226
Astragalus_pushtashanicus	11.5
Astragalus_fragrans	23.7895
Astragalus_sulcatus	25.067
Astragalus_gilmanii	18.3478
Astragalus_scorpiurus	23.4074
Astragalus_thomsonii	8.33333
Astragalus_meiliensis	6.5
Astragalus_alamliensis	10.5
Astragalus_submaculatus	19.75
Astragalus_subuliformis	27.5868
Astragalus_ionae	16.3333
Astragalus_fuhsii	17.25
Oxytropis_williamsii	16.2917
Astragalus_stapfii	15.5
Astragalus_rosae	11.5
Astragalus_schelichowii	16.2931
Astragalus_remotijugus	19.5
Astragalus_scheremetevianus	13.7143
Colutea_abyssinica	37.2778
Astragalus_pauranthus	15.6667
Astragalus_wardii	19.6842
Oxytropis_qinghaiensis	14.6667
Astragalus_junatovii	13.3333
Astragalus_horridus	21.2857
Astragalus_urmiensis	19.3333
Astragalus_mareoticus	21.0769
Astragalus_eastwoodiae	19.1053
Astragalus_beathii	15
Astragalus_cusickii	20.6792
Astragalus_sciureus	19.75
Astragalus_nitens	16.6667
Astragalus_rhizocephalus	17.5385
Astragalus_verus	20.8767
Astragalus_aeluropus	13
Astragalus_austiniae	9.42105
Astragalus_albertii	18.3333
Astragalus_zionis	17.9423
Astragalus_convallarius	21.5793
Astragalus_archibaldii	18
Astragalus_forrestii	19.5
Oxytropis_maydelliana	16.0259
Astragalus_chrysopterus	16.7143
Astragalus_strictus	15.692
Astragalus_kronenburgii	13.5
Astragalus_palibinii	22.381
Astragalus_altaicola	19.2
Astragalus_podolobus	20.6154
Astragalus_daenaensis	11.3333
Astragalus_vagus	10.5
Astragalus_campylorhynchus	25.8235
Astragalus_beatleyae	12.5
Astragalus_austroargentinus	12
Astragalus_ravenii	8
Astragalus_bourgovii	14.7972
Astragalus_camptoceras	19.5
Astragalus_fialae	16.25
Astragalus_schimperi	24.7333
Astragalus_altimurensis	18.25
Astragalus_hololeios	13.6667
Astragalus_sungpanensis	16.6316
Oxytropis_savellanica	17.9
Astragalus_harpocarpus	15
Astragalus_megalocystis	11.5
Astragalus_schugnanicus	16
Astragalus_bakuensis	20
Astragalus_mailiensis	10.5
Astragalus_leptophysus	13
Astragalus_pterocarpus	16.4894
Astragalus_ordubadensis	11
Astragalus_sogdianus	12.5
Astragalus_tanaiticus	20.8
Astragalus_campylosema	23.3333
Astragalus_roseus	8.5
Astragalus_heterodontus	11.5
Astragalus_robustus	25.0769
Astragalus_pulcher	15
Astragalus_popovii	18.3333
Astragalus_michauxii	17.5217
Astragalus_floridus	16.4062
Astragalus_oreganus	20
Astragalus_sterilis	20.9286
Astragalus_nigricalycis	9
Astragalus_drabelliformis	20.6667
Astragalus_parvicarinatus	14.3333
Astragalus_inflexus	20.6905
Astragalus_alatavicus	18.4
Astragalus_subcinereus	21.5932
Astragalus_looseri	17.3333
Astragalus_freitagii	13.5
Astragalus_drummondii	23.0258
Astragalus_ochroleucus	10.5
Astragalus_trigonus	9.14286
Astragalus_orcuttianus	42.5556
Astragalus_diaphanus	19.8571
Astragalus_vicarius	20
Astragalus_tricarinatus	23.9894
Astragalus_mackewiczii	8.5
Astragalus_levitubus	9.66667
Astragalus_guatemalensis	41.7295
Astragalus_irinaea	14
Astragalus_alopecurus	19.9833
Astragalus_brahuicus	13.5
Astragalus_himalayanus	15.1481
Astragalus_clusii	25.3947
Astragalus_hartwegii	43.8873
Astragalus_longipetalus	25.7241
Astragalus_harbisonii	39.0909
Astragalus_rhodosemius	23.4
Astracantha_bethlehemitica	31.7383
Astragalus_microcystis	16.0339
Astragalus_fangensis	17.3333
Astragalus_sangonensis	19.3333
Astragalus_moencoppensis	15.6571
Astragalus_arguricus	23
Astragalus_ajfreidii	11
Astragalus_ruscifolius	19
Astragalus_masenderanus	19.625
Astragalus_hintonii	37.2
Oxytropis_campanulata	23.686
Astragalus_oxyglottis	26.1569
Astragalus_aqrabatensis	11
Astragalus_aloisii	14.5
Astragalus_sepultipes	15.52
Oxytropis_lagopus	21.7375
Astragalus_griffithii	17.6
Astragalus_angustatus	9.5
Astragalus_pseudonobilis	18.8333
Astragalus_recognitus	8
Astragalus_chionanthus	12.3333
Astragalus_murinus	19.5
Astragalus_sachanewii	9.5
Astragalus_franziskae	16.3333
Astragalus_saxifractor	18
Astragalus_harpilobus	21.0588
Astragalus_darumbium	18.1429
Astragalus_stocksii	15.5
Astragalus_chubutensis	21.4286
Astragalus_sikokianus	13.3333
Astragalus_macrobotrys	18.8
Astragalus_crassicarpus	24.9105
Astragalus_microdontus	15.3333
Astragalus_riouxii	19
Astragalus_graecus	26.125
Astragalus_mossulensis	19.75
Astragalus_camelorum	11
Lessertia_capitata	16.7368
Astragalus_geminiflorus	17.1509
Astragalus_austinae	7.4
Astragalus_multijugus	18.4
Astragalus_algarbiensis	24
Astragalus_acaulis	16.9744
Astragalus_brevifolius	18.5185
Astragalus_macropelmatus	21
Astragalus_aucheri	25.4167
Astragalus_muelleri	28
Astragalus_tschujensis	16.5833
Astragalus_sinaicus	25.0364
Astragalus_sphaeranthus	14
Astragalus_argentinus	13.5
Astragalus_falcigerus	20
Astragalus_turbinatus	19.8333
Astragalus_fragiferus	19.2
Astragalus_tabrisianus	10
Astragalus_bolanderi	9.35616
Astragalus_asper	24.8295
Astragalus_monadelphus	15
Astragalus_chiukiangensis	14.25
Astragalus_cibarius	22.1808
Astragalus_buchtormensis	26.0667
Astragalus_macrotrichus	17.8667
Astragalus_umbellatus	15.4849
Astragalus_canoflavus	14.5
Astragalus_sempervirens	20.7982
Astragalus_spruneri	26.7333
Astragalus_rubrolineatus	17.5
Astragalus_pomonensis	27.3344
Astragalus_baissunensis	11.5
Oxytropis_ochrantha	16.5556
Astragalus_complicatus	9.5
Astragalus_anxius	21.3333
Astragalus_anni-novi	15.5
Astragalus_pueblae	40
Astragalus_polaris	13.8065
Astragalus_shiroumensis	16.3256
Astragalus_citrinus	22.0769
Astragalus_neocarpus	9
Astragalus_tanguticus	8
Astragalus_cancellatus	25.2188
Astragalus_orbiculatus	0
Astragalus_ajubensis	25
Astragalus_duchesnensis	21.9155
Astragalus_eremophilus	18
Astragalus_epiglottis	29.2187
Astragalus_jejunus	22.9565
Astragalus_kavirensis	9.5
Astragalus_fenzelianus	14.5769
Astragalus_stella	26.5793
Astragalus_fabaceus	24.4615
Astragalus_maxwellii	12.2222
Astragalus_parwanicus	15.6667
Oxytropis_macrocarpa	18.7778
Astragalus_tortipes	17
Astragalus_pringlei	48.2353
Astragalus_pellitus	18.4
Astragalus_depressus	21.8476
Astragalus_kaghysmani	13
Astragalus_griseus	18.8
Astragalus_americanus	16.49
Astragalus_sinaloae	35.6667
Astragalus_alopecias	21.2857
Astragalus_bergii	25
Astragalus_smithianus	10.5
Astragalus_secundus	8
Oxytropis_falcata	15.6
Astragalus_calycinus	24.2105
Astragalus_platytropis	18.7603
Astragalus_connectens	13.5
Astragalus_detritalis	22.0943
Astragalus_infestus	18.6667
Astragalus_phoenix	18.8056
Astragalus_melilotoides	20.2647
Astragalus_mendocinus	15
Astragalus_nummularius	23
Astragalus_sahendi	12
Astragalus_bryantii	11.5
Astragalus_sanctorum	31.25
Astragalus_lilacinus	19.2
Astragalus_zagrosicus	17.25
Astragalus_laccoliticus	10
Oxytropis_microphylla	16.1386
Astragalus_rusbyi	20.1765
Astragalus_havianus	16
Astragalus_jaegerianus	16.0769
Astragalus_maroccanus	21.3333
Astragalus_agnicidus	22.3684
Astragalus_sabulonum	20.3935
Oxytropis_pauciflora	16.3097
Astragalus_incertus	20.4118
Astragalus_wingatanus	21.2105
Astragalus_robbinsii	14.1371
Astragalus_dodtii	13.8
Astragalus_discolor	8
Astragalus_habamontis	14.5
Astragalus_mongholicus	19.9596
Astragalus_pseudocyclophyllus	16
Astragalus_desereticus	19.875
Astragalus_dependens	9
Astragalus_castaneiformis	24.7581
Astragalus_rytidocarpus	18.5
Oxytropis_mertensiana	14.7609
Astragalus_saganlugensis	18
Astragalus_fridae	13.6667
Astragalus_caeruleopetalinus	13
Tragacantha_densifolia	24.4444
Oxytropis_kansuensis	15.617
Astragalus_parryi	17.7517
Oxytropis_adamsiana	16.026
Astragalus_iodanthus	19.2768
Astragalus_argutensis	17.8571
Astragalus_freynii	13.6
Astragalus_hemiphaca	16
Astragalus_subarcuatus	21
Astragalus_gebleri	25
Astragalus_mohavensis	19.3862
Astragalus_subverticillatus	14
Astragalus_ackermanii	15.8571
Astragalus_dignus	15.95
Astragalus_heptapotamicus	12
Astragalus_alpamarcae	12.5
Astragalus_laspurensis	11.5
Astragalus_sericophyllus	24.2632
Astragalus_satoi	13.3333
Astragalus_camptopus	16.8636
Astragalus_przewalskii	14.9286
Astragalus_pseudoindurascens	12.5
Astragalus_carinatus	23.1429
Astragalus_manucehrii	15.5
Astragalus_latifolius	16.2051
Astragalus_dzebrailicus	11.5
Astragalus_reuterianus	20.75
Astracantha_pterocephala	14
Astragalus_woodruffii	17.0625
Astragalus_icmadophilus	16
Astragalus_maireanus	14
Astragalus_calamistratus	13.5
Astracantha_oleifolia	28
Astragalus_circumdatus	43.1892
Astragalus_waterfallii	28.8846
Astragalus_tamiricus	10.5
Astragalus_fastidius	52.2237
Astragalus_xanthoxiphidiopsis	20
Astragalus_cochabambensis	16
Astragalus_ammotrophus	16
Astragalus_tolmaczevii	16.1944
Astragalus_pseudomultijugus	18.6667
Astragalus_rosellus	12
Astragalus_cysticalyx	17.8571
Astragalus_sophoroides	15.5
Astragalus_emoryanus	33.8772
Astragalus_hamiltonii	20.0244
Astragalus_subvestitus	17.5455
Astragalus_elymaiticus	15
Astragalus_mulfordiae	18.725
Oxytropis_besseyi	22.9313
Astragalus_bibullatus	20.9231
Astragalus_demetrii	17.75
Astragalus_akkensis	27.5
Astragalus_veresczaginii	11.5
Astragalus_varus	19.5
Oxytropis_campestris	15.5442
Astragalus_schahrudensis	20.375
Astragalus_melanocalyx	9
Astragalus_pauperculus	23.2152
Astragalus_perianus	19.1389
Astragalus_adulterinus	17
Astragalus_asterias	31.2619
Astragalus_hauarensis	14.5128
Astragalus_chomutowii	12.8
Oxytropis_nigrescens	15.2797
Astragalus_eugenii	10.5
Astracantha_caucasica	17.75
Astragalus_jodostachys	6.5
Astragalus_colhuensis	11.5
Astragalus_vereskensis	14.5
Astragalus_cyri	18
Astragalus_pseudobrachystachys	14.75
Astragalus_bakaliensis	10.5
Astragalus_longissimus	45.0833
Astragalus_jesdianus	16
Onobrychis_conferta	26.9072
Astragalus_jagnobicus	9
Astragalus_nuttallii	24.6134
Astragalus_shagalensis	14
Astragalus_persicus	21.5
Astragalus_ferganensis	13
Astragalus_stipitatus	20.6
Astragalus_lorinserianus	14
Astragalus_terracianoi	18.3333
Astragalus_reticulatus	21.6
Astragalus_luxurians	11.3333
Astragalus_allochrous	31.0082
Astragalus_utahensis	22.0906
Astragalus_kirpicznikovii	18.5
Astragalus_triradiatus	27.7143
Astragalus_shultziorum	15.3333
Astragalus_kialensis	14.6429
Astragalus_kaufmannii	16.4286
Astragalus_johannis-howellii	17.4762
Astragalus_sanandajianus	17.5
Astragalus_piscinus	42.375
