Oxytropis_deflexa	14.9909
Astragalus_polyphyllus	14
Astragalus_kurtschumensis	9.8
Astragalus_intarrensis	8.5
Astragalus_neolipskyanus	9.16667
Astragalus_penduliflorus	21.9611
Astragalus_famatinae	26.1
Astragalus_idaeus	11
Astragalus_cryptanthus	21.75
Astragalus_schistosus	11
Astragalus_kabadianus	7
Oxytropis_exserta	7.5
Astragalus_peckii	11.875
Astragalus_paposanus	18.6
Astragalus_ceramicus	9.05251
Astragalus_ernestii	23
Astragalus_sardaimionensis	9
Astragalus_lagopoides	15.7778
Astragalus_umbraticus	18.2593
Astragalus_mirabilis	17.25
Astragalus_aksuensis	25.5921
Astragalus_uraniolimneus	13.7143
Astragalus_cuyanus	20.3333
Astragalus_tehuelches	14.6667
Astragalus_brandegeei	12.4074
Astracantha_denudata	17
Astragalus_howellii	8.72727
Astragalus_borodinii	9.75
Astragalus_thurberi	19.2911
Astragalus_lessertioides	17.6
Astragalus_zohrabi	11.3333
Astragalus_substipitatus	7
Astragalus_batangensis	26.125
Astragalus_tennesseensis	3.84444
Astragalus_salsugineus	3.5
Astragalus_pulviniformis	22.4
Astragalus_subumbellatus	21.141
Astragalus_diphacus	15.7667
Astragalus_ammodytes	0
Astragalus_brachyodontus	15.75
Astragalus_domeykoanus	18
Astragalus_lurorum	4.5
Astragalus_achundovii	8
Astragalus_lacei	11
Astragalus_coriaceus	18.5357
Astragalus_xiphidium	10.4286
Oxytropis_tianschanica	20
Astragalus_phlomoides	5.5
Astragalus_durandianus	14
Astragalus_caprinus	12.6748
Astragalus_urceolatus	8.33333
Astragalus_canadensis	8.55661
Astragalus_mangeri	9.66667
Astragalus_cymbicarpos	19.2582
Astragalus_pseudoborodinii	7.66667
Astragalus_leiosemius	13.5
Astragalus_verticillatus	11
Astragalus_asymmetricus	8.16495
Astragalus_flexus	6
Astragalus_peterae	19.4444
Astragalus_anserinus	9.35
Astragalus_eurekensis	16.2973
Astragalus_polozhiae	6
Astragalus_conspicuus	10.6667
Astragalus_multiceps	24.0556
Astragalus_podocarpus	14.5
Astragalus_eremiticus	14.1661
Astragalus_stalinskyi	4.75
Astragalus_cimae	29.2963
Astragalus_tortuosus	11.75
Astragalus_denticulatus	9
Astragalus_eucosmus	11.37
Astragalus_reventiformis	12.6393
Astragalus_patagonicus	18.8667
Astragalus_gilgitensis	21.4167
Astragalus_kunlunensis	4
Astragalus_bezudensis	22
Astragalus_atwoodii	12.8
Astragalus_ovigerus	10.5
Astragalus_campylotrichus	9.2
Astragalus_spatulatus	10.0493
Astragalus_holmgreniorum	13.7059
Astragalus_graveolens	22.6667
Oxytropis_jordalii	14.203
Astragalus_iselyi	18.7647
Astragalus_odoratus	14.65
Astragalus_harrisonii	18.9286
Astragalus_misellus	11.6471
Astragalus_sesquiflorus	17.1224
Oxytropis_albana	19.7188
Astragalus_jiuquanensis	6
Astragalus_cytisoides	6.66667
Astragalus_kralikii	5.16667
Astragalus_triflorus	17.7368
Astragalus_boeticus	11.7764
Astragalus_goldmanii	16.3636
Astragalus_vulpinus	4.375
Astragalus_macropterus	16.4571
Astragalus_diminutivus	25
Astragalus_uniflorus	21.4615
Astragalus_khoshjailensis	14.6667
Astragalus_shelkovnikovii	10.8333
Astragalus_gorodkovii	6.5
Astragalus_cognatus	3.5
Astragalus_basineri	14.125
Astragalus_miser	18.8187
Astragalus_salmonis	11.6222
Astragalus_angarensis	3.94872
Astragalus_yunnanensis	25.3333
Astragalus_schmalhausenii	14.8889
Astragalus_monanthemus	18
Oxytropis_oreophila	23.4969
Astragalus_caroli-henrici	14
Astragalus_leucolobus	21.7829
Astragalus_megalanthus	3.66667
Astragalus_setosulus	11.25
Astragalus_biebersteinii	12.75
Astragalus_ornithopodioides	11.75
Astragalus_desperatus	15.4956
Astragalus_viridis	14.5
Astragalus_sinicus	11.844
Astragalus_chaetodon	0
Astragalus_tremolsianus	17.5
Astragalus_melanodon	23.3333
Astragalus_pseudojohannis	14.5
Astragalus_psilocentros	17.8286
Astragalus_atropubescens	20.2973
Astragalus_vaccarum	16.25
Astragalus_sesamoides	11.75
Astragalus_adanus	12.1613
Astragalus_distortus	4.27397
Astragalus_gaubae	13.5
Astragalus_luteolus	18.7778
Astragalus_hypsogenus	27.8571
Astragalus_kungurensis	3
Astragalus_calliphysa	17.6667
Astragalus_euchlorus	18.3333
Astragalus_galegiformis	13.6216
Astragalus_limprichtii	12.4286
Astragalus_layneae	24.4914
Astragalus_racemosus	4.8668
Astragalus_basiflorus	10.5
Astragalus_limnocharis	24.1765
Astragalus_egglestonii	13.4062
Astragalus_neobarnebyanus	15
Astragalus_cremnophylax	16.6
Astragalus_lancearius	12.95
Astragalus_discernendus	13.25
Astragalus_debequaeus	16.6
Astragalus_callistachys	15
Astragalus_puniceus	10.3556
Astragalus_parvus	15.25
Astragalus_solitarius	12.3889
Astragalus_chionobiiformis	13
Astragalus_speirocarpus	11.24
Oxytropis_czukotica	9.39024
Astragalus_brachycarpus	14.05
Astragalus_dielsii	16.5
Astragalus_sikkimensis	18.1667
Astragalus_monticola	23
Astragalus_sutchuenensis	17.3
Astragalus_hymenocystis	3
Astragalus_casapaltensis	14.3333
Astragalus_soxmaniorum	2.63415
Astragalus_beketowi	20.8333
Astragalus_sedaensis	8.5
Astragalus_isphairamicus	15.5
Astragalus_schmolliae	9.25
Astragalus_aboriginum	14.1272
Astragalus_welshii	20.8889
Astragalus_lacteus	18.2727
Astragalus_scaphoides	18.2812
Astragalus_bellus	19.6
Astragalus_alvordensis	11.7561
Astracantha_diphtherites	9.4
Astragalus_eriocarpus	12.2727
Astragalus_sangimashensis	18.3333
Astragalus_khasianus	14.6667
Astragalus_bisulcatus	9.45238
Astragalus_vesicarius	17.5296
Astragalus_balearicus	12
Astragalus_deanei	13.625
Astragalus_megalomerus	5.5
Astragalus_amphioxys	15.8585
Astragalus_trichopodus	12.5665
Astragalus_loanus	19.8333
Astragalus_unifoliolatus	3.33333
Astragalus_micromerius	7.36364
Astragalus_owirensis	19
Astragalus_spinescens	13
Astragalus_oroproselius	8
Astragalus_hartmanii	19.3333
Oxytropis_jonesii	12.6667
Astragalus_takhtadzhjanii	15.2222
Astragalus_alopecuroides	15.7393
Astragalus_plattensis	3.41071
Astragalus_crassifolius	23.375
Astragalus_coronilla	14
Astragalus_inaequalifolius	7.66667
Astragalus_dictamnoides	11.5
Astragalus_adpressipilosus	16.5
Oxytropis_immersa	18.3333
Astragalus_peltatus	20
Astragalus_ptychophyllus	22
Astragalus_reesei	11.5
Astragalus_polyceras	8.33333
Astragalus_remotiflorus	17.8
Astragalus_helmii	5.16279
Astragalus_pseudokurrumensis	10
Astragalus_magellanicus	9.33333
Astragalus_petropolitanus	4.66667
Astragalus_dingjiensis	11.5
Astragalus_andaulgensis	11.5
Astragalus_crymophilus	21.8
Astragalus_chordorrhizus	16
Astragalus_illinii	19
Astragalus_kentrophyta	20.3937
Astragalus_chamaemeniscus	12.8182
Astragalus_palenae	18.1053
Astragalus_registanicus	10.6667
Astragalus_maassoumii	11
Astragalus_fedtschenkoanus	13.5
Astragalus_gracilidentatus	5.5
Astragalus_limariensis	9
Oxytropis_coerulea	8.64103
Astragalus_cyaneus	9.6
Astragalus_anthosphaerus	14.6667
Astragalus_corniculatus	7
Astragalus_barnebyi	4.25
Astragalus_abbreviatus	9.33333
Astragalus_purpusii	19.0488
Astragalus_brachypetalus	9.8
Astragalus_pinonis	18.0857
Astragalus_maurus	16.8
Astragalus_suberosus	14.5588
Astragalus_laguroides	11.1622
Astragalus_rattanii	16.381
Astragalus_psilolobus	5.5
Astragalus_fraxinifolius	12.4
Astragalus_humistratus	15.5184
Astragalus_callichrous	16.146
Astragalus_vogelii	14.8
Astragalus_gueldenstaedtiae	11.5
Astragalus_wrightii	9.55172
Astragalus_zingeri	6.07143
Astragalus_pennellianus	17
Astragalus_toquimanus	21.1765
Astragalus_daghestanicus	14.2857
Astragalus_confertus	29.7895
Astragalus_fruticosus	4.62069
Astragalus_atropurpureus	16.2
Astragalus_pseudoaustralis	14.7778
Astragalus_orthocarpus	17.75
Astragalus_medius	5.85714
Astragalus_khwaja-muhammadensis	8.5
Carmichaelia_violacea	7.5
Astragalus_schinetorum	13.5
Astragalus_agraniotii	13
Astragalus_tumninensis	5
Astragalus_aspreticola	2.5
Astragalus_argophyllus	17.2695
Astragalus_dianthus	7.4
Astragalus_urbanianus	4.5
Astragalus_accumbens	10.25
Oxytropis_humifusa	27.352
Astragalus_wenxianensis	13
Astragalus_sharestanicus	13
Astragalus_polycladus	19.1385
Astragalus_nitidiflorus	12.5
Oxytropis_pilosa	9.7771
Astragalus_hispidulus	14.3134
Astragalus_wetherillii	14.7368
Astragalus_mucidus	7.6
Astragalus_remotus	29.7647
Astragalus_calycosus	19.433
Astragalus_congdonii	14.4762
Astragalus_agrestis	11.2278
Astragalus_kohrudicus	9
Astragalus_haesitabundus	11.8333
Astragalus_arcuatus	3.5
Astragalus_crassispinus	11.5
Oxytropis_obnapiformis	2.66667
Astragalus_chrysostachys	15.7143
Astragalus_hoodianus	11.3846
Astragalus_rzaevii	8
Astragalus_aegobromus	19.2
Sutherlandia_microphylla	13.2959
Astragalus_quinquefoliolatus	5.5
Astragalus_hypoglottis	18.6938
Astragalus_coccineus	26.9801
Astragalus_panduratus	4.5
Astragalus_cronquistii	10.7692
Astragalus_tribuloides	14.9163
Astragalus_shevockii	16.8182
Astragalus_austrosibiricus	9.78723
Astragalus_karkarensis	6.33333
Astragalus_greggii	18.6207
Oxytropis_racemosa	8.25
Astragalus_varius	3.6875
Astragalus_mayeri	15.4615
Astragalus_didymocarpus	14.5493
Astragalus_simplicifolius	10.7667
Astragalus_agameticus	6.5
Astragalus_cymboides	13.4242
Astragalus_monumentalis	15.0893
Astragalus_zanskarensis	27.2143
Astragalus_edmondsonii	10
Astragalus_peterfii	3.5
Astragalus_kirrindicus	11.3333
Astragalus_eusarathron	8
Astragalus_macropodium	11.5
Astragalus_politovii	11.3333
Astragalus_georgii	8
Astragalus_oniciformis	9.21053
Astragalus_fucatus	10.7525
Astracantha_gummifera	17.4375
Astragalus_pusillus	23.7826
Astragalus_spaldingii	8.22059
Astragalus_daleae	17.625
Astragalus_turczaninowii	4.2
Erophaca_baetica	20.8736
Astragalus_pattersonii	15.5556
Sphaerophysa_salsula	8.536
Astragalus_confusus	11.5
Astragalus_maximowiczii	3.66667
Astragalus_clerceanus	4.28571
Astragalus_stepporum	2
Astragalus_arizonicus	22.5311
Astragalus_bashgalensis	5
Astracantha_aurea	17.4
Astragalus_cretaceus	17.8793
Astragalus_tongolensis	24.0926
Astragalus_ornithorrhynchus	9
Astragalus_accidens	15.2658
Astragalus_ruiz-lealii	20.3333
Astragalus_hypoleucus	17.0986
Astragalus_inyoensis	28.6852
Astragalus_ovatus	13.25
Astragalus_laricus	14.3333
Astragalus_longidentatus	19.757
Astragalus_macroceras	10.0833
Astragalus_erivanensis	9.66667
Astragalus_lotiflorus	4.25888
Oxytropis_chionobia	26.1053
Astragalus_kirilovii	5.33333
Astragalus_purpurascens	8
Astragalus_auratus	13
Astragalus_kessleri	5
Astragalus_sesameus	18.2056
Astragalus_moranii	26.3125
Astragalus_acmophylloides	9.5
Astragalus_pyrrhotrichus	17.8
Astragalus_firuzkuhensis	10
Astragalus_hypogaeus	14.7778
Astragalus_scutaneus	15.8
Astragalus_leontinus	24.52
Astragalus_jolderensis	10.3333
Astragalus_tricholobus	12.5
Astragalus_webberi	18.4348
Astragalus_lineatus	20
Astragalus_clarkeanus	13.5
Astragalus_cachinalensis	22.6
Astragalus_sieversianus	12.7857
Astragalus_molestus	17.2
Astragalus_sumbari	9
Astragalus_gibbsii	11.0233
Astragalus_oocalycis	9.69767
Astragalus_canescens	4.5
Astragalus_filicaulis	14.92
Astragalus_caricinus	7.92958
Astragalus_fissuralis	15.3636
Astragalus_gladiatus	14
Astragalus_arkalycensis	5.28571
Astragalus_laxmannii	8.74251
Astragalus_yumenensis	3
Astragalus_paraplesius	13
Astragalus_sevangensis	14.0526
Astragalus_curvicarpus	12.3147
Astragalus_chlorostegius	3.5
Astragalus_elatior	7.5
Astragalus_nivalis	28.037
Astragalus_neglectus	4.22159
Astragalus_nuttallianus	18.8671
Astragalus_clevelandii	19.1356
Astragalus_recurvus	15.7778
Astragalus_hajastanus	13
Astragalus_chorinensis	5.66667
Astragalus_paralurges	8.5
Astragalus_varzobicus	6.5
Astracantha_strobilifera	8.33333
Astragalus_oreades	20.5455
Astragalus_leptocaulis	3.5
Astragalus_munroi	24.7619
Astragalus_olgae	18
Astragalus_atricapillus	16.3333
Astragalus_echinops	15.4167
Astragalus_knightii	3.5
Astragalus_bornmuellerianus	14.25
Astragalus_laetus	18.6
Astragalus_neoburkartianus	10.5
Astragalus_subalpinus	7.5
Astragalus_scorpioides	14.3617
Astragalus_grahamianus	24.5909
Astragalus_micranthellus	22.4571
Astragalus_tarijensis	16.9333
Astragalus_ampullarius	14.75
Astragalus_echinatus	16.8538
Astragalus_gymnopodus	16.5
Astragalus_brachybotrys	16.7143
Astragalus_macropetalus	7.66667
Astragalus_chilienshanensis	17
Astragalus_aksaricus	13
Astragalus_miguelensis	12.5
Astragalus_psilacanthus	19.5
Astragalus_episcopus	14.9226
Astragalus_licentianus	10.2
Astragalus_variabilis	7.4
Astragalus_balchaschensis	5
Astragalus_prorifer	22.45
Astragalus_froedinii	15
Astragalus_richii	9.5
Astragalus_angreni	7
Astragalus_erythrolepis	12
Astragalus_purshii	16.2269
Astragalus_johnstonii	6
Astragalus_harringtonii	13.5455
Astragalus_paktiensis	15
Astragalus_brachytropis	19.15
Astragalus_joergensenii	17.7778
Astragalus_geniculatus	12.7778
Astragalus_saralensis	9.84211
Astragalus_filipes	14.3536
Astragalus_cuatrecasasii	0
Oxytropis_jacquinii	21.4663
Astragalus_schmidii	11.5
Astragalus_distinens	7.18182
Astragalus_holosemius	10
Astragalus_oophorus	22.6217
Astragalus_altus	18.9167
Astragalus_erionotus	22.1333
Astragalus_ortholobus	12.3333
Astragalus_squarrosus	17.5
Astragalus_kudrjaschovii	8
Astragalus_neomexicanus	17
Astragalus_ophiocarpus	15.381
Astragalus_lutosus	16.0781
Astragalus_conjunctus	12.5541
Astragalus_coahuilae	18.2667
Astragalus_teheranicus	12
Astragalus_eriopodus	15.6
Astragalus_ochreatus	9
Astragalus_chamissonis	16.4
Astragalus_donianus	18
Astragalus_geyeri	11.8978
Astragalus_duanensis	11.5
Astragalus_bicolor	14.8333
Astragalus_regiomontanus	16.6
Astragalus_huthianus	13.3333
Astragalus_lunatus	6
Astragalus_whitneyi	24.488
Astragalus_gompholobium	13.5
Astragalus_saetiger	11.6667
Astragalus_curvirostris	14.2
Astragalus_semnanensis	13.75
Astragalus_yoder-williamsii	14.1
Astragalus_oocarpus	11.8916
Astragalus_raphiodontus	17.5
Astragalus_sanctae-crucis	14.5
Astragalus_sericopetalus	8
Astragalus_nigrivestitus	15
Astragalus_panamintensis	36.6765
Astragalus_pseudoamygdalinus	10.5
Astragalus_praelongus	13.5963
Astragalus_ancistrocarpus	13.5
Astragalus_antheliophorus	12
Astragalus_arbuscula	5.66667
Astragalus_dictyolobus	12.8
Astragalus_vexilliflexus	16.3855
Astragalus_hymenocalyx	10
Astragalus_falconeri	24.4524
Astragalus_feensis	10.8
Astragalus_gracilis	4.00563
Astragalus_sanguineus	19.9452
Astragalus_syreitschikovii	8.66667
Astragalus_sheldonii	11.7826
Astragalus_esperanzae	16.7647
Astragalus_albulus	9.67164
Oxytropis_strobilacea	8.42073
Astragalus_bhotanensis	17.2333
Astragalus_minutissimus	18.6
Astragalus_ampullarioides	12.5714
Astragalus_rimarum	11
Astragalus_trigonocarpus	2.5
Astragalus_oocephalus	11.4615
Astragalus_anemophilus	10.3721
Astragalus_lepsensis	13.5556
Astragalus_eurylobus	9.82353
Astragalus_gruinus	22.0448
Astragalus_huiningensis	17.8333
Astragalus_danicus	10.9568
Astragalus_straussii	12.5
Astragalus_macrourus	13.6667
Astragalus_pauperiflorus	14.3333
Astragalus_erythrosemius	14.6667
Astragalus_radicans	19.0312
Astragalus_diversifolius	13.7714
Astragalus_pseudomegalomerus	8.33333
Astragalus_berteri	10.7778
Astragalus_tragacantha	13.1613
Astragalus_henryi	12.8571
Astragalus_atropilosulus	11.8913
Astragalus_schanginianus	13.7959
Astragalus_salatavicus	9.66667
Astragalus_melanostachys	29.5161
Astragalus_bicristatus	21.4771
Astragalus_mikrophyton	15
Astragalus_cicer	10.0505
Astragalus_longistipitatus	13.5
Astragalus_pavlovii	8
Astragalus_paradoxus	6
Astragalus_zacatecanus	15.8
Astragalus_groetzbachii	9.5
Astragalus_shatuensis	16
Astragalus_compressus	8.33333
Astragalus_sinuatus	11
Astragalus_brauntonii	12.9767
Astragalus_aquilanus	13
Astragalus_sanczirii	9
Astragalus_hymenostegis	14
Astragalus_ovoideus	15
Astragalus_perdurans	15
Astragalus_effusus	9.83333
Astragalus_szovitsii	15
Astragalus_badamensis	15.6667
Astragalus_preussii	15.6852
Astragalus_microphysa	17.7143
Astragalus_saurinus	14.4
Astragalus_beckerianus	15.875
Astragalus_rafaelensis	15.5333
Oxytropis_splendens	15.0379
Astragalus_capillipes	9.16667
Astragalus_macropus	3.83019
Astragalus_francisquitensis	22.4706
Astragalus_dumetorum	10.6667
Astragalus_arthurii	12.92
Astragalus_moyanoi	14.5
Oxytropis_neglecta	22.7352
Astragalus_quinqueflorus	17.8333
Astragalus_ponticus	11.6364
Astragalus_levieri	21.087
Oxytropis_yunnanensis	25
Astragalus_trichocarpus	19.0833
Astragalus_consobrinus	20.3571
Astragalus_rostratus	9.5
Astragalus_serenoi	26.0167
Astragalus_lycioides	21.5714
Astragalus_jabbor-khailii	13.3333
Astragalus_linifolius	17.375
Astragalus_arnoldii	24.0333
Astragalus_vanillae	4.66667
Astragalus_coluteocarpus	23.3182
Hedysarum_boreale	13.6527
Astragalus_buschiorum	10.75
Astragalus_miyalomontis	13.5
Astragalus_bachmarensis	13
Astragalus_ellipsoideus	8
Astragalus_stenocystis	12
Astragalus_herbertii	8
Astragalus_chinensis	8.14286
Astragalus_goniatus	7.35
Astragalus_musiniensis	15.7568
Astragalus_lehmannianus	5.84615
Astragalus_tugarinovii	9.64211
Astragalus_lasiopetalus	7.66667
Astragalus_hancockii	21.75
Astragalus_arrectus	11.7727
Astragalus_bungeanus	11.6316
Astragalus_frigidus	14.708
Astragalus_macrotropis	10.3333
Astragalus_siahderrensis	12.5
Astragalus_sabuletorum	0
Astragalus_lumsdenianus	13
Astragalus_pamirensis	23.5333
Astragalus_longipetiolatus	4
Astragalus_diopogon	13.5
Astragalus_lindheimeri	5.13043
Astragalus_clandestinus	11
Astragalus_holophyllus	6.5
Astragalus_persepolitanus	16.2727
Astragalus_pubentissimus	15.6988
Oxytropis_bicolor	11.2449
Astragalus_arnottianus	27.8333
Astragalus_ankylotus	2.5
Astragalus_platyphyllus	15.5333
Astragalus_riparius	9.33333
Astragalus_hyalolepis	12.8333
Astragalus_kazbeki	15.5714
Astragalus_muliensis	23.4545
Astragalus_orbicularifolius	15.75
Astragalus_alyssoides	16.1429
Astragalus_baionensis	8.1
Oxytropis_scammaniana	17.2302
Astragalus_valparadisiensis	16
Oxytropis_poncinsii	25
Astragalus_arequipensis	22.9221
Astragalus_webbianus	26.2917
Astragalus_siliceus	4.11111
Oxytropis_nutans	3
Astragalus_stenanthus	8.8
Astragalus_grubovii	14.4
Astragalus_coquimbensis	24
Astragalus_brachycentrus	12
Astragalus_raddei	15
Astragalus_albicaulis	3.14433
Astragalus_nigrolineatus	10
Astragalus_ammodendron	7.6
Astragalus_strigulosus	17.3313
Astragalus_inopinatus	5.79245
Astragalus_australis	20.6812
Astragalus_mucronifolius	20.9167
Astragalus_kifonsanicus	11.6364
Astragalus_trachoniticus	1.66667
Astragalus_souliei	14.6
Astragalus_cracca	0
Astragalus_amblytropis	24.6818
Astragalus_ertterae	20.8889
Astragalus_granitovii	9
Astragalus_juratzkanus	10.8
Astragalus_megacarpus	17.8667
Astragalus_glabellus	1
Astragalus_testiculatus	3.46305
Astragalus_jaliscensis	19.4667
Astragalus_nuciferus	15.8333
Astragalus_stenolepis	13.6667
Astragalus_hamosus	15.342
Astragalus_bombycinus	15.5333
Astragalus_vesiculosus	21.75
Astragalus_flavus	12.788
Astragalus_oihorensis	13
Astragalus_marinus	10.25
Astragalus_propinquus	10.3922
Astragalus_verrucosus	12.8571
Astragalus_tenellus	14.2632
Astragalus_columbianus	11
Astragalus_brazoensis	2.08333
Astragalus_chorizanthus	12.5
Astragalus_amnis-amissi	20.25
Astragalus_johannis	21.25
Astragalus_gentryi	22.4211
Astragalus_carmanicus	11.5
Astragalus_piptocephalus	17.75
Astragalus_fabrisii	21.3333
Astragalus_oxyodon	22
Astragalus_minthorniae	28.7628
Astragalus_dulungkiangensis	10.5
Astragalus_humifusus	15.2308
Astragalus_gorczakovskii	3.625
Astragalus_ammodendroides	14
Astragalus_weberbaueri	11.44
Astragalus_coltonii	16.8151
Astragalus_tatsienensis	23.3333
Astragalus_rufescens	13.5
Astragalus_centralis	7
Astragalus_strigosostipulatus	14.5
Astragalus_glaux	18.4684
Astragalus_guttatus	13.5357
Astragalus_toksunensis	5
Astragalus_leucocladus	7
Astragalus_edulis	20.6667
Astracantha_karabaghensis	12.2
Astragalus_bifidus	1
Astragalus_ecbatanus	19.25
Astragalus_nutriosensis	7.75
Astragalus_demavendicolus	10
Astragalus_cinereus	13
Astragalus_monspessulanus	17.3295
Astragalus_miniatus	12
Astragalus_hololeucoides	11.6
Phyllolobium_tribulifolium	20.85
Astragalus_rubriflorus	15.3333
Astragalus_naftabensis	16.2
Astragalus_nutans	31.5747
Astragalus_galiifolius	8.5
Astragalus_susianus	23.7143
Astragalus_siliquosus	20.6364
Astragalus_cryptobotrys	27.8824
Astragalus_oxyphysus	8.81091
Astragalus_terminalis	21.4603
Astragalus_striatiflorus	14.2
Astragalus_xylobasis	14.3
Astragalus_mattam	23.7143
Astragalus_taipaishanensis	13
Astragalus_plumbeus	20.3333
Astragalus_sabulosus	10.3333
Astragalus_utriger	9.42553
Astragalus_mercklinii	18.1429
Astragalus_ledinghamii	12.5
Astragalus_punctatus	2.5
Astragalus_anacardius	10.3333
Astragalus_peduncularis	26.1961
Astragalus_sparsus	16.125
Astragalus_bidentatus	4.5
Astragalus_supinus	14.5
Astragalus_leptocarpus	3.09167
Astragalus_missouriensis	5.74853
Astragalus_camptodontoides	15.25
Astragalus_applegatii	6
Astragalus_lyallii	8.39394
Astragalus_brachystachys	14.3182
Astragalus_rupifragus	6.93814
Astragalus_pendulinus	11.6667
Astragalus_leiophyllus	23.4286
Astragalus_cephalanthus	17.6667
Astragalus_sprucei	12.3571
Astragalus_kustanaicus	4
Astragalus_drupaceus	17.5
Astragalus_pinetorum	19.0588
Astragalus_biovulatus	15.3333
Astragalus_exscapus	10.7576
Astragalus_commixtus	13.8125
Astragalus_serpens	17.1538
Smirnowia_turkestana	4.875
Astragalus_charguschanus	26.7826
Astragalus_baba-alliar	13.75
Astragalus_noziensis	12.5
Astragalus_platysematus	15.5
Astragalus_lipskyi	8
Astragalus_trichanthus	5.5
Astragalus_ciceroides	13.6667
Astragalus_deminutivus	23.5714
Astragalus_tibetanus	22.8696
Astragalus_solandri	11.5
Astragalus_ebenoides	13.25
Astragalus_nutzotinensis	17.2617
Astragalus_macronyx	11
Astragalus_troglodytus	12.4255
Astragalus_cottonii	21.75
Astragalus_malacus	18.0175
Astragalus_polygala	12.25
Astragalus_lambinonii	4.5
Astragalus_efoliatus	7.83333
Astragalus_glumaceus	6.75
Astragalus_heydei	6
Astragalus_equisolensis	13.2857
Astragalus_lasiophyllus	10.7143
Oxytropis_ochotensis	10.3571
Astragalus_cobrensis	20.963
Astragalus_sulfuratus	15
Astragalus_khaneradarensis	11
Astracantha_cerasocrena	15.75
Astragalus_ensifer	11.5
Astragalus_petraeus	9
Astragalus_puberulus	13.7419
Astragalus_curvicaulis	18.4444
Astragalus_chloodes	14.8929
Astragalus_kerkukiensis	3.5
Astragalus_barbatus	12.6667
Astragalus_alaschanus	14
Astragalus_cavanillesii	18.5909
Astragalus_tupalangi	9.5
Astragalus_nelidae	24.1429
Astragalus_brevipes	11.5
Astracantha_cretica	18.6984
Astragalus_armeniacus	10.5
Oxytropis_nana	10.875
Astragalus_consanguineus	3.5
Astragalus_dasyanthus	3.26984
Astragalus_thermensis	8
Astragalus_nivicola	18.2222
Oxytropis_ciliata	7.8
Astragalus_seidabadensis	8
Astragalus_spegazzinii	16.75
Astragalus_subrosulariformis	11
Astragalus_somcheticus	14.24
Astragalus_coluteopsis	8
Astragalus_lasiosemius	25.7125
Astragalus_piutensis	24.2833
Astragalus_gypsodes	8.63636
Astragalus_germaini	11
Astragalus_burkartii	18
Astragalus_nigriceps	7
Astragalus_apollineus	18.9
Astragalus_savellanicus	16
Astragalus_intercedens	16.475
Astragalus_pseudoadsurgens	8
Astragalus_exasperatus	10
Astragalus_lentiformis	15.8148
Astragalus_acutifolius	8.5
Astragalus_pseudohypogaeus	4.5
Astragalus_bodinii	9.19643
Astragalus_anfractuosus	4.75
Astragalus_cisoxanus	9.5
Astracantha_stenonychioides	16.625
Astragalus_brachylobus	3.41667
Astragalus_kuschkensis	11.6667
Astracantha_parnassi	15.8889
Astragalus_obcordatus	1.49296
Astragalus_pectinatus	3.7689
Astragalus_traskiae	10
Astragalus_gambelianus	12.621
Astragalus_zerdanus	15
Astragalus_simpsonii	15.3333
Astragalus_jaxarticus	9.33333
Astragalus_wolgensis	3.88095
Astragalus_hyrcanus	4.4
Astragalus_macrosemius	14.5
Astragalus_balfourianus	23
Astragalus_lemmonii	10.913
Astragalus_malacoides	19.0513
Astragalus_giganteus	19.86
Astragalus_douglasii	14.3049
Astragalus_chaidamuensis	12.4
Astragalus_pardalinus	11.25
Astragalus_rawianus	6.5
Astragalus_dendroides	10.5
Astragalus_lucidus	13
Astragalus_vavilovii	15.75
Astragalus_nephtonensis	10.2222
Astragalus_reduncus	4.54762
Astragalus_cottamii	15
Astragalus_mahoschanicus	18.3929
Astragalus_grayi	8.52941
Astragalus_mesites	11
Astragalus_shinanensis	12.75
Astragalus_djilgensis	13.5
Astragalus_hirsutus	12.125
Astracantha_microcephala	16.5946
Astragalus_vaginatus	8.36667
Astragalus_faurei	11
Astragalus_aequalis	29.2308
Astragalus_versicolor	6.25
Astragalus_atrovinosus	14
Astragalus_glomeratus	0
Oxytropis_sericea	12.5564
Astragalus_bourgaeanus	19.3654
Astragalus_deterior	9.66667
Astragalus_naturitensis	11.375
Astragalus_vulcanicus	10
Astragalus_lanuginosus	5.83333
Astragalus_reinii	16.25
Astragalus_avicennicus	14.5
Astragalus_myrianthus	6
Astragalus_cenorrhynchus	7
Astragalus_brevidens	15
Astragalus_schrenkianus	8.25
Astragalus_rhacodes	12.5
Astragalus_emarginatus	18.2222
Astragalus_anisacanthus	15
Astragalus_retusifoliatus	14.5
Astragalus_obscurus	16.4536
Astragalus_curtipes	11.1538
Astragalus_skythropos	19.9286
Astragalus_imitensis	20.8571
Astragalus_neuquenensis	16
Astragalus_leptus	17.5
Astragalus_tephrolobus	11.75
Astragalus_succumbens	10.0309
Astragalus_lyonnetii	17.5
Astragalus_pakistanicus	14
Astragalus_englerianus	19.3333
Astragalus_pehuenches	13.8371
Astragalus_proximus	10.5636
Astragalus_hemsleyi	13
Astragalus_korovinianus	12.5
Astragalus_vallaris	14
Astragalus_scleroxylon	4.5
Astragalus_karelinianus	4.83333
Astragalus_mario-sousae	11.6667
Astragalus_chingoanus	13.5
Astragalus_nematodes	8.8
Astragalus_breviscapus	17.6
Astragalus_weddellianus	21.55
Astragalus_depauperatus	6.73684
Astragalus_dactylocarpus	17.0182
Astragalus_cuscutae	7
Astragalus_crypticus	26.5
Astragalus_micrancistrus	9.33333
Astragalus_supervisus	9
Astragalus_nidularius	16.4348
Astragalus_takharensis	13
Astragalus_bracteosus	4
Astragalus_pallescens	2.38095
Astragalus_weixinensis	11
Astragalus_orthocarpoides	3
Astragalus_iodopetalus	11.6875
Astragalus_acutirostris	22.455
Astragalus_darwinianus	9
Astragalus_demavendicus	17.2857
Astragalus_variegatus	13.6
Astragalus_arganaticus	3.5
Astragalus_curviflorus	12.6
Astragalus_lithophilus	11.3333
Astragalus_vessalae	8
Astragalus_stipulatus	18
Astragalus_pseudoversicolor	16.5
Tragacantha_fasciculifolia	24.4286
Astragalus_reventus	11.2051
Astragalus_impexus	8
Astragalus_magdalenae	9.99408
Astragalus_crotalariae	16.7303
Astragalus_dilutus	14.4878
Astragalus_gombo	11.5217
Astragalus_physodes	6.32258
Astragalus_oxyphysopsis	17
Astragalus_armatus	16.2188
Astragalus_scaberrimus	9.82353
Astragalus_sparsiflorus	17.8636
Astragalus_tolucanus	20.3111
Astragalus_scopulorum	16.8427
Astragalus_cornutus	4.86667
Astragalus_californicus	14.6
Astragalus_karakugensis	6.33333
Astragalus_lentiginosus	17.4607
Astragalus_ibrahimianus	20.1818
Astragalus_aschuturi	5
Astragalus_edmondstonei	17.4286
Astragalus_lupulinus	5.76923
Astragalus_lamondiae	10
Astragalus_nudisiliquus	10.0899
Astragalus_aduncus	10.4667
Astragalus_newberryi	21.9605
Astragalus_termeanus	13.6667
Astragalus_endytanthus	22
Astragalus_incanus	17.5737
Astragalus_kolymensis	10.3846
Astragalus_degensis	25.5
Astragalus_sanguinolentus	14.3333
Astragalus_filiformis	7.90698
Oxytropis_lambertii	10.0139
Astragalus_retamocarpus	12.5556
Astragalus_scabrisetus	3.5
Astragalus_oncotrichus	11
Astragalus_scoparius	6
Astragalus_gracilipes	23.2857
Astragalus_hispanicus	17.2898
Astragalus_olchonensis	8.71429
Astragalus_abnormalis	14
Astragalus_chamaeleuce	14.7643
Astragalus_plagiophacos	12
Astragalus_carduchorum	17
Astragalus_lalesarensis	19.8333
Astragalus_physocarpus	2
Astragalus_wittmannii	6
Astragalus_asplundii	21.4
Astragalus_flexuosus	13.0473
Astragalus_eriostomus	13.5
Astragalus_nothoxys	23.9333
Astragalus_aleppicus	14.9275
Astragalus_villosus	1.68182
Clianthus_puniceus	10.8333
Astragalus_pauper	13.5
Astragalus_valerianensis	2
Astragalus_globiceps	9.25
Astragalus_neurophyllus	10
Astragalus_oxyrhynchus	17.2439
Astragalus_molybdenus	30.5
Astragalus_aspindzicus	7
Astragalus_piletocladus	1.5
Astragalus_beckii	19.8889
Eremosparton_flaccidum	4
Astragalus_tenuifolius	5.66667
Astragalus_nyensis	14.0606
Astragalus_montigenus	17.75
Astragalus_tener	4.71975
Astragalus_yangtzeanus	16.25
Astragalus_pseudoutriger	9
Astragalus_tribulifolius	15.3333
Astragalus_helleri	16.7857
Astragalus_speciosus	12.6667
Astragalus_angustiflorus	17.697
Astragalus_kuramensis	18.1667
Astragalus_tephrosioides	18.6667
Oxytropis_recognita	15.5238
Astragalus_taschkendicus	7
Astragalus_microcymbus	14.4444
Astragalus_dahuricus	9.92593
Astragalus_porrectus	24.075
Astragalus_stenoceras	7.5
Astragalus_erubescens	7
Astragalus_sphaerocystis	4
Astragalus_tyghensis	5.33333
Astragalus_alpinus	12.827
Astracantha_granatensis	21.2312
Swainsona_formosa	11.3205
Astragalus_littoralis	5.5
Astragalus_caraganae	14
Astragalus_arbelicus	10
Astragalus_castetteri	26.1667
Astragalus_albens	22.52
Astragalus_humilis	14.5714
Astragalus_sieberi	14.1364
Astragalus_rahensis	15.8
Astragalus_contortuplicatus	5.04
Astragalus_saccatus	5.5
Astragalus_carminis	21.6071
Astragalus_xipholobus	4
Astragalus_shortianus	12.8889
Astragalus_bernardinus	24.3676
Astragalus_cyclophyllon	14.6667
Astragalus_concretus	24.125
Astragalus_craibianus	18.8333
Astragalus_norvegicus	17.6177
Astragalus_funereus	25.3333
Astragalus_falciformis	15.4286
Astragalus_glycyphyllos	11.858
Astragalus_leansanicus	11.1111
Astragalus_inversus	14.1667
Astragalus_bounophilus	11
Astragalus_gudrunensis	8
Astragalus_hamrinensis	7
Astragalus_macrocephalus	14.2973
Astragalus_leptaleus	19.6066
Astragalus_davidii	16.375
Astragalus_maurorum	14
Astragalus_strictilobus	3.5
Astragalus_podlechii	12
Astragalus_peregrinus	12.0755
Astragalus_idrietorum	18.6216
Astragalus_hoantchy	7
Astragalus_maritimus	11
Astragalus_pictiformis	16.1613
Astragalus_rhizanthus	28.2308
Astragalus_titanophilus	14.4444
Astragalus_borraginaceus	6
Astragalus_nudus	18.5
Astragalus_berterianus	18.125
Astragalus_casei	23.8931
Oxytropis_ochrocephala	21.1887
Astragalus_semilunatus	10
Astragalus_glaucus	6.625
Astragalus_managildensis	13.75
Astragalus_wagneri	9.5
Astragalus_tigridis	12.75
Astragalus_mollissimus	12.5865
Oxytropis_mollis	28.25
Astragalus_fuliginosus	9.5
Astracantha_plumosa	16.6667
Astragalus_vexillaris	8.25
Astragalus_andersonii	18.1782
Astragalus_tulinovii	28
Astragalus_scalaris	20.1667
Astragalus_golmuensis	19.4286
Astragalus_ufraensis	9
Astragalus_lonchocarpus	14.5233
Astragalus_majevskianus	9.5
Astragalus_handelii	11.5
Oxytropis_vassilczenkoi	9.8
Astragalus_alaicus	15.75
Astragalus_ugamicus	12.25
Oxytropis_hirta	12.4848
Astragalus_marianus	18.25
Astragalus_cottonianus	15.5
Astragalus_xanthotrichus	0
Astragalus_minimus	18.4
Astragalus_pulsiferae	16.8451
Astragalus_bonariensis	20
Astragalus_pseudochlorostachys	7.5
Astragalus_melanochiton	18.6667
Astragalus_uliginosus	4.35185
Astragalus_adsurgens	11.1483
Astragalus_reflexistipulus	15.8
Astragalus_wilmottianus	6.5
Astragalus_nobilis	14.6667
Astragalus_moellendorffii	8.5
Astragalus_charadzeae	11
Astragalus_villosissimus	6.33333
Astragalus_humillimus	8.375
Astragalus_oplites	20.5
Astragalus_clarianus	10.2857
Astragalus_tioides	8.33333
Astragalus_spartioides	3.5
Astragalus_densiflorus	22.9189
Astragalus_tarumensis	12.5
Astragalus_brachypus	4.25
Astragalus_prilipkoanus	13.25
Astragalus_hidalgensis	17.8462
Astragalus_catabostrychos	10.6667
Astragalus_turolensis	15.6489
Oxytropis_aciphylla	13.0714
Astragalus_monbeigii	19.7963
Oxytropis_koyukukensis	7.09091
Astragalus_piscator	15.3636
Astragalus_askius	18
Oxytropis_talassica	13
Astragalus_semicircularis	15
Astragalus_darii	9.33333
Oxytropis_melanocalyx	22.6545
Astragalus_potosinus	14.4286
Astragalus_osterhoutii	14.5333
Astragalus_tephrodes	19.069
Astragalus_sirinicus	17.8235
Astragalus_ceratoides	6.61053
Astragalus_aquilonius	23.4348
Oxytropis_lapponica	19.6292
Astragalus_chiwensis	5.66667
Astragalus_anisus	17.7368
Astragalus_galactites	6
Astracantha_deinacantha	17.425
Oxytropis_viscida	17.7877
Astragalus_glaucacanthos	17.1429
Astragalus_curvipes	13.7778
Astragalus_comosus	14.8333
Astragalus_wenquanensis	13
Astragalus_porphyrocalyx	8.5
Astragalus_sachalinensis	5
Astragalus_tegetarioides	14
Astragalus_micranthus	17.687
Astragalus_punae	18.3333
Astragalus_tungensis	14.5
Astragalus_onobrychis	12.0487
Astragalus_aridus	11.8102
Astragalus_toanus	10.6284
Astragalus_terrestris	5
Astragalus_capito	19.8571
Oxytropis_eriocarpa	12.5714
Astragalus_severzovii	5.75
Astragalus_venturii	17
Astragalus_albertoregelia	13.5
Astragalus_hallii	16.7979
Astragalus_latiunguiculatus	12.5
Astragalus_xanthomeloides	11.5
Astragalus_brevialatus	15.3333
Astragalus_taubertianus	3.5
Astragalus_amarus	2.5
Astragalus_nurensis	17.3333
Astragalus_sarbasnensis	9
Astragalus_vegetus	17.5
Oxytropis_grandiflora	4.97561
Astragalus_hirtus	11.5
Astragalus_austroaegaeus	10.5
Oxytropis_taochensis	13.8333
Oxytropis_riparia	7.22727
Astragalus_minutulus	12
Astragalus_pycnostachyus	8.78049
Astragalus_dipelta	12.2
Oxytropis_kobukensis	4.11765
Oxytropis_squammulosa	9.55556
Astragalus_legionensis	16.5
Astragalus_kerrii	19.4
Astragalus_cerasinus	15
Astragalus_pseudocytisoides	5.5
Astragalus_complanatus	6
Astragalus_dombeyi	12
Astragalus_taiyuanensis	10
Astragalus_argyroides	13.1429
Astragalus_straturensis	19.9149
Astragalus_pachypus	15.7031
Astragalus_vallicola	9.0625
Astragalus_reichei	16.2143
Astragalus_breweri	13.0495
Astragalus_anisomerus	8.75
Astragalus_chardinii	11
Astragalus_porphyrophysa	19.6667
Astragalus_macrostachys	13.0909
Astragalus_pachyrhizus	7
Astragalus_tawilicus	9
Astragalus_grammocalyx	13.75
Astragalus_bossuensis	7.66667
Astragalus_tidestromii	23.307
Astragalus_paucijugus	3.4
Astragalus_hornii	6.25
Astragalus_rawlinsianus	13
Astragalus_ensiformis	18.0714
Astragalus_pseudofragiferus	9.5
Astragalus_hypoxylus	24.8
Astragalus_williamsii	9.40351
Astragalus_adzharicus	13.25
Astragalus_angustifolius	18.6783
Astragalus_temirensis	4.54545
Astragalus_tiehmii	12.6667
Astragalus_oligophyllus	16
Astragalus_nelsonianus	10.7647
Astragalus_bazmanicus	21
Astragalus_spinosus	17.2919
Astragalus_leibergii	14.3077
Astragalus_sericeocanus	5
Astragalus_goktschaicus	13.4
Astragalus_monoensis	20.2683
Astragalus_peruvianus	25.2069
Astragalus_dschangartensis	21
Astragalus_xiphoides	6.93333
Astragalus_ishkamishensis	9.5
Astragalus_cerussatus	18
Astragalus_laguriformis	12
Astragalus_palmeri	22.1765
Astragalus_hohenackeri	9.5
Astragalus_brandegei	13.0938
Astragalus_falcatus	12.5395
Astragalus_sommieri	9.25
Astragalus_rytilobus	8
Astragalus_flexicaulis	9
Astragalus_erwinii-gaubae	10.5
Astragalus_macrodon	10.378
Astragalus_kuschakewiczi	16
Astragalus_kermanschahensis	12.5
Astragalus_corrugatus	13.4953
Astragalus_reflexus	5.5
Astragalus_schistocalyx	20.2
Astragalus_pissisi	11
Astragalus_leucocephalus	15.94
Astragalus_polyacanthus	20.7143
Astragalus_amatus	18.3077
Astragalus_insularis	17.8408
Astragalus_submitis	15.8333
Astragalus_annularis	10.2222
Astragalus_uncialis	12.6154
Astragalus_boelckei	23.2857
Astragalus_stewartii	17.3077
Oxytropis_oxyphylloides	7.66667
Astragalus_lasioglottis	9.375
Astragalus_jessenii	11
Astragalus_jodotropis	18.4286
Astragalus_hoffmeisteri	24.9524
Astragalus_captiosus	16.8214
Astragalus_rigidulus	12.5
Astragalus_eupeplus	6.5
Astragalus_onobrychioides	12.3929
Astragalus_matiensis	12
Astragalus_werdermannii	10
Astragalus_atratus	16.0055
Astragalus_cruckshanksii	24.675
Astragalus_laceratus	6
Astragalus_megricus	11.3333
Astragalus_tashqurghanicus	6.66667
Astragalus_ackerbergensis	8.8
Astragalus_collinus	10.9111
Astragalus_suffruticosus	5.28571
Astragalus_campylanthus	17.625
Astragalus_tweedyi	10
Astragalus_tetrapterus	14.4167
Astragalus_frickii	18.5
Astragalus_chlorodontus	11.75
Astragalus_ulothrix	5
Astragalus_wootonii	17.3186
Oxytropis_aucheri	17
Astragalus_chalaranthus	13.5
Astragalus_cuneifolius	17.6667
Oxytropis_multiceps	15.6121
Astragalus_iljinii	8.33333
Astragalus_pelecinus	18.8269
Astragalus_prattii	21.6667
Astragalus_stevenianus	11.1042
Astragalus_bashmensis	18
Astragalus_callithrix	14.5806
Astragalus_asclepiadoides	11.973
Astragalus_longilobus	20
Astragalus_musimonum	5.5
Astragalus_oxypterus	13.5
Astragalus_floridulus	21.25
Astragalus_taochius	7.5
Oxytropis_ochroleuca	6
Astragalus_kahiricus	9.25
Astragalus_tataricus	12.1667
Astragalus_paralipomenus	14.6667
Astragalus_chlorostachys	21.1935
Astragalus_bowes-lyonii	15.5
Astragalus_trimestris	11.7143
Astragalus_concinnus	11
Astragalus_flavocreatus	27
Astragalus_gilensis	14.459
Astragalus_austriacus	10.6977
Oxytropis_parryi	28.7009
Astragalus_beckwithii	17.9729
Astragalus_schizotropis	4.5
Astragalus_amherstianus	16.75
Astragalus_dolichophyllus	3.75862
Astragalus_glycyphylloides	15.0606
Astragalus_mokiacensis	24.0851
Astragalus_kashmirensis	14
Astragalus_crenatus	13.8621
Astragalus_suprapilosus	9.2
Astragalus_ishigensis	4.5
Astragalus_ervoides	20.2857
Astragalus_ripleyi	16.6364
Astragalus_saxorum	16
Astragalus_garbancillo	22.24
Astragalus_anserinifolius	19
Astragalus_titovii	12
Astragalus_dekazygus	9
Astragalus_quinquejugus	18.6667
Astragalus_follicularis	10.5806
Astragalus_parodii	13.6538
Astragalus_ochrochlorus	15.8
Astragalus_zayuensis	16.6667
Astragalus_brackenridgei	18
Astragalus_baitagensis	11.5
Astragalus_arenarius	6.24685
Astragalus_subsecundus	18.6
Oxytropis_arctica	6.86879
Astragalus_alexandrii	12.7778
Wisteria_sinensis	7.68795
Astragalus_chuskanus	15.3333
Astragalus_sclerocarpus	10.4352
Astragalus_poliotrichus	13
Astragalus_pullus	22.4545
Astragalus_algerianus	13.3585
Astragalus_paysonii	19.5385
Astragalus_pseudotesticulatus	10.6667
Astragalus_bustillosii	23.8387
Astragalus_pushtashanicus	13
Astragalus_fragrans	15.3421
Astragalus_sulcatus	3.17877
Astragalus_gilmanii	30.913
Astragalus_scorpiurus	17.1481
Astragalus_thomsonii	15.3333
Astragalus_meiliensis	16.5
Astragalus_alamliensis	3.5
Astragalus_submaculatus	12
Astragalus_subuliformis	4.65289
Astragalus_ionae	2.33333
Astragalus_fuhsii	7
Oxytropis_williamsii	25.3333
Astragalus_stapfii	15
Astragalus_rosae	10.5
Astragalus_schelichowii	8.16379
Astragalus_remotijugus	15.5
Astragalus_scheremetevianus	23.4286
Colutea_abyssinica	14.7778
Astragalus_pauranthus	4.33333
Astragalus_wardii	17.6316
Oxytropis_qinghaiensis	17.9167
Astragalus_junatovii	7
Astragalus_horridus	22.4286
Astragalus_urmiensis	12
Astragalus_mareoticus	8.46154
Astragalus_eastwoodiae	14.7105
Astragalus_beathii	12
Astragalus_cusickii	13.3962
Astragalus_sciureus	12.5
Astragalus_nitens	11
Astragalus_rhizocephalus	24.3077
Astragalus_verus	23.0548
Astragalus_aeluropus	7.5
Astragalus_austiniae	27.1579
Astragalus_albertii	7.33333
Astragalus_zionis	17.2981
Astragalus_convallarius	16.0606
Astragalus_archibaldii	7
Astragalus_forrestii	18.8333
Oxytropis_maydelliana	10.1317
Astragalus_chrysopterus	18.1429
Astragalus_strictus	26.4684
Astragalus_kronenburgii	5.5
Astragalus_palibinii	3.28571
Astragalus_altaicola	5.8
Astragalus_podolobus	17.3077
Astragalus_daenaensis	16
Astragalus_vagus	11
Astragalus_campylorhynchus	15
Astragalus_beatleyae	12.25
Astragalus_austroargentinus	12.6667
Astragalus_ravenii	25.5714
Astragalus_bourgovii	20.6993
Astragalus_camptoceras	10.75
Astragalus_fialae	14
Astragalus_schimperi	12
Astragalus_altimurensis	16.75
Astragalus_hololeios	13.3333
Astragalus_sungpanensis	19.3158
Oxytropis_savellanica	23.4
Astragalus_harpocarpus	7
Astragalus_megalocystis	12
Astragalus_schugnanicus	24.5714
Astragalus_bakuensis	6
Astragalus_mailiensis	13
Astragalus_leptophysus	5.5
Astragalus_pterocarpus	17.2766
Astragalus_ordubadensis	9
Astragalus_sogdianus	4.5
Astragalus_tanaiticus	2.4
Astragalus_campylosema	16.7778
Astragalus_roseus	0
Astragalus_heterodontus	9.25
Astragalus_robustus	14.3846
Astragalus_pulcher	12
Astragalus_popovii	8
Astragalus_michauxii	1.91304
Astragalus_floridus	21.8125
Astragalus_oreganus	12.5417
Astragalus_sterilis	12.2143
Astragalus_nigricalycis	1.5
Astragalus_drabelliformis	10
Astragalus_parvicarinatus	7.33333
Astragalus_inflexus	12.756
Astragalus_alatavicus	18.6
Astragalus_subcinereus	17.0763
Astragalus_looseri	21
Astragalus_freitagii	9
Astragalus_drummondii	11.4266
Astragalus_ochroleucus	11
Astragalus_trigonus	6.33333
Astragalus_orcuttianus	26.8889
Astragalus_diaphanus	13.7381
Astragalus_vicarius	6
Astragalus_tricarinatus	21.1915
Astragalus_mackewiczii	13.5
Astragalus_levitubus	17.3333
Astragalus_guatemalensis	18.9181
Astragalus_irinaea	8.5
Astragalus_alopecurus	14.4088
Astragalus_brahuicus	9.5
Astragalus_himalayanus	27.5556
Astragalus_clusii	15.3684
Astragalus_hartwegii	17.1549
Astragalus_longipetalus	4.86207
Astragalus_harbisonii	14.2727
Astragalus_rhodosemius	22.4
Astracantha_bethlehemitica	20.7103
Astragalus_microcystis	16.0169
Astragalus_fangensis	8
Astragalus_sangonensis	24.6667
Astragalus_moencoppensis	17.2571
Astragalus_arguricus	13.5556
Astragalus_ajfreidii	9
Astragalus_ruscifolius	15.25
Astragalus_masenderanus	16
Astragalus_hintonii	18.0667
Oxytropis_campanulata	2.61628
Astragalus_oxyglottis	15.6078
Astragalus_aqrabatensis	15.5
Astragalus_aloisii	5
Astragalus_sepultipes	23.28
Oxytropis_lagopus	15.8069
Astragalus_griffithii	22.4
Astragalus_angustatus	6.5
Astragalus_pseudonobilis	16.8333
Astragalus_recognitus	10
Astragalus_chionanthus	16.6667
Astragalus_murinus	18.75
Astragalus_sachanewii	14.5
Astragalus_franziskae	15
Astragalus_saxifractor	21.8
Astragalus_harpilobus	9.23529
Astragalus_darumbium	20.2857
Astragalus_stocksii	19
Astragalus_chubutensis	22.8571
Astragalus_sikokianus	10
Astragalus_macrobotrys	9.2
Astragalus_crassicarpus	5.84384
Astragalus_microdontus	6
Astragalus_riouxii	10.6667
Astragalus_graecus	13.1111
Astragalus_mossulensis	11.75
Astragalus_camelorum	9.66667
Lessertia_capitata	16.7368
Astragalus_geminiflorus	15.6792
Astragalus_austinae	25.8
Astragalus_multijugus	16.4
Astragalus_algarbiensis	10.125
Astragalus_acaulis	25.7436
Astragalus_brevifolius	14.7037
Astragalus_macropelmatus	17.3333
Astragalus_aucheri	12.0833
Astragalus_muelleri	13
Astragalus_tschujensis	16.8333
Astragalus_sinaicus	12.9636
Astragalus_sphaeranthus	16
Astragalus_argentinus	1
Astragalus_falcigerus	9.75
Astragalus_turbinatus	10.5
Astragalus_fragiferus	18.6
Astragalus_tabrisianus	2
Astragalus_bolanderi	24.2192
Astragalus_asper	4.19318
Astragalus_monadelphus	20
Astragalus_chiukiangensis	17.5
Astragalus_cibarius	15.137
Astragalus_buchtormensis	2.13333
Astragalus_macrotrichus	12.4667
Astragalus_umbellatus	10.5668
Astragalus_canoflavus	7.5
Astragalus_sempervirens	20.7864
Astragalus_spruneri	13.3
Astragalus_rubrolineatus	16.75
Astragalus_pomonensis	10.05
Astragalus_baissunensis	9.5
Oxytropis_ochrantha	17.8889
Astragalus_complicatus	15
Astragalus_anxius	9
Astragalus_anni-novi	17.5
Astragalus_pueblae	12.2
Astragalus_polaris	15.0753
Astragalus_shiroumensis	20.2791
Astragalus_citrinus	12.6923
Astragalus_neocarpus	10.5
Astragalus_tanguticus	6
Astragalus_cancellatus	15.6875
Astragalus_orbiculatus	0
Astragalus_ajubensis	15.2857
Astragalus_duchesnensis	12.1549
Astragalus_eremophilus	14.0606
Astragalus_epiglottis	16.9461
Astragalus_jejunus	12.6812
Astragalus_kavirensis	14
Astragalus_fenzelianus	24.5769
Astragalus_stella	16.101
Astragalus_fabaceus	12.3846
Astragalus_maxwellii	27.8889
Astragalus_parwanicus	9
Oxytropis_macrocarpa	15.2222
Astragalus_tortipes	5
Astragalus_pringlei	18.7059
Astragalus_pellitus	12.6
Astragalus_depressus	19.6866
Astragalus_kaghysmani	5
Astragalus_griseus	20.2
Astragalus_americanus	13.15
Astragalus_sinaloae	18.5556
Astragalus_alopecias	9.42857
Astragalus_bergii	9.58333
Astragalus_smithianus	23
Astragalus_secundus	12
Oxytropis_falcata	16.7
Astragalus_calycinus	10.7895
Astragalus_platytropis	27.637
Astragalus_connectens	8.5
Astragalus_detritalis	14.9434
Astragalus_infestus	16.3333
Astragalus_phoenix	17.3611
Astragalus_melilotoides	7.59559
Astragalus_mendocinus	22.5
Astragalus_nummularius	16.3333
Astragalus_sahendi	16.6667
Astragalus_bryantii	13.5
Astragalus_sanctorum	15.625
Astragalus_lilacinus	15.4
Astragalus_zagrosicus	18.75
Astragalus_laccoliticus	13.5
Oxytropis_microphylla	27.1928
Astragalus_rusbyi	18.9412
Astragalus_havianus	11
Astragalus_jaegerianus	20.3846
Astragalus_maroccanus	14.6667
Astragalus_agnicidus	14.7895
Astragalus_sabulonum	15.0926
Oxytropis_pauciflora	27.8673
Astragalus_incertus	18.4118
Astragalus_wingatanus	13.2158
Astragalus_robbinsii	18.1277
Astragalus_dodtii	20.8
Astragalus_discolor	8.5
Astragalus_habamontis	10
Astragalus_mongholicus	9.0625
Astragalus_pseudocyclophyllus	15
Astragalus_desereticus	15.875
Astragalus_dependens	6.5
Astragalus_castaneiformis	15.4677
Astragalus_rytidocarpus	10.2222
Oxytropis_mertensiana	11.7536
Astragalus_saganlugensis	10.6667
Astragalus_fridae	12
Astragalus_caeruleopetalinus	19
Tragacantha_densifolia	14.1111
Oxytropis_kansuensis	22.1277
Astragalus_parryi	17.8322
Oxytropis_adamsiana	8.5
Astragalus_iodanthus	15.1734
Astragalus_argutensis	13.2857
Astragalus_freynii	17
Astragalus_hemiphaca	6
Astragalus_subarcuatus	3.25
Astragalus_gebleri	3.33333
Astragalus_mohavensis	32.3016
Astragalus_subverticillatus	9.5
Astragalus_ackermanii	32.7143
Astragalus_dignus	26
Astragalus_heptapotamicus	9.5
Astragalus_alpamarcae	14
Astragalus_laspurensis	1.5
Astragalus_sericophyllus	15
Astragalus_satoi	7
Astragalus_camptopus	8.68182
Astragalus_przewalskii	18.9286
Astragalus_pseudoindurascens	10.5
Astragalus_carinatus	13.619
Astragalus_manucehrii	5
Astragalus_latifolius	27.0256
Astragalus_dzebrailicus	8
Astragalus_reuterianus	15.75
Astracantha_pterocephala	14
Astragalus_woodruffii	10.8438
Astragalus_icmadophilus	15.3333
Astragalus_maireanus	10
Astragalus_calamistratus	6.5
Astracantha_oleifolia	14.1429
Astragalus_circumdatus	19.8919
Astragalus_waterfallii	15.5769
Astragalus_tamiricus	3
Astragalus_fastidius	14.8421
Astragalus_xanthoxiphidiopsis	19.1111
Astragalus_cochabambensis	8
Astragalus_ammotrophus	4
Astragalus_tolmaczevii	5.72222
Astragalus_pseudomultijugus	13
Astragalus_rosellus	12
Astragalus_cysticalyx	7.42857
Astragalus_sophoroides	9.625
Astragalus_emoryanus	17.886
Astragalus_hamiltonii	14.1463
Astragalus_subvestitus	18.5
Astragalus_elymaiticus	3.5
Astragalus_mulfordiae	7.7
Oxytropis_besseyi	12.4046
Astragalus_bibullatus	3.46154
Astragalus_demetrii	7.25
Astragalus_akkensis	12.25
Astragalus_veresczaginii	4
Astragalus_varus	14.75
Oxytropis_campestris	15.6529
Astragalus_schahrudensis	12.625
Astragalus_melanocalyx	11.5
Astragalus_pauperculus	13.8861
Astragalus_perianus	25.0278
Astragalus_adulterinus	4
Astragalus_asterias	14.3815
Astragalus_hauarensis	10.6154
Astragalus_chomutowii	20.6
Oxytropis_nigrescens	12.2334
Astragalus_eugenii	9
Astracantha_caucasica	12
Astragalus_jodostachys	11.5
Astragalus_colhuensis	8.5
Astragalus_vereskensis	8.5
Astragalus_cyri	9.66667
Astragalus_pseudobrachystachys	17.5
Astragalus_bakaliensis	11
Astragalus_longissimus	20.2917
Astragalus_jesdianus	12.3333
Onobrychis_conferta	16.6186
Astragalus_jagnobicus	14
Astragalus_nuttallii	10.8866
Astragalus_shagalensis	6.5
Astragalus_persicus	16.3333
Astragalus_ferganensis	3.5
Astragalus_stipitatus	24.9
Astragalus_lorinserianus	3.5
Astragalus_terracianoi	9.66667
Astragalus_reticulatus	5.2
Astragalus_luxurians	11.6667
Astragalus_allochrous	19.6516
Astragalus_utahensis	16.453
Astragalus_kirpicznikovii	12.5
Astragalus_triradiatus	9.71429
Astragalus_shultziorum	20.6
Astragalus_kialensis	21
Astragalus_kaufmannii	8.16071
Astragalus_johannis-howellii	17.1667
Astragalus_sanandajianus	5.5
Astragalus_piscinus	12
