Oxytropis_deflexa	283.98
Astragalus_polyphyllus	191.5
Astragalus_kurtschumensis	145.2
Astragalus_intarrensis	91
Astragalus_neolipskyanus	112.2
Astragalus_penduliflorus	398.759
Astragalus_famatinae	124
Astragalus_idaeus	129.5
Astragalus_cryptanthus	93.3333
Astragalus_schistosus	104
Astragalus_kabadianus	70.5
Oxytropis_exserta	394.238
Astragalus_peckii	123
Astragalus_paposanus	142.333
Astragalus_ceramicus	96.3636
Astragalus_ernestii	234.5
Astragalus_sardaimionensis	130
Astragalus_lagopoides	175.667
Astragalus_umbraticus	169.385
Astragalus_mirabilis	93.4
Astragalus_aksuensis	214.156
Astragalus_uraniolimneus	187.167
Astragalus_cuyanus	47.5
Astragalus_tehuelches	62.6667
Astragalus_brandegeei	91.5926
Astracantha_denudata	229.542
Astragalus_howellii	106.774
Astragalus_borodinii	84.6667
Astragalus_thurberi	83.359
Astragalus_lessertioides	179
Astragalus_zohrabi	107.333
Astragalus_substipitatus	67
Astragalus_batangensis	203
Astragalus_tennesseensis	107.403
Astragalus_salsugineus	108
Astragalus_pulviniformis	125.833
Astragalus_subumbellatus	145.203
Astragalus_diphacus	130.923
Astragalus_ammodytes	100.5
Astragalus_brachyodontus	105.5
Astragalus_domeykoanus	156.857
Astragalus_lurorum	0
Astragalus_achundovii	73.5
Astragalus_lacei	39.5
Astragalus_coriaceus	125.72
Astragalus_xiphidium	141.143
Oxytropis_tianschanica	189.6
Astragalus_phlomoides	0
Astragalus_durandianus	89.6667
Astragalus_caprinus	75.2387
Astragalus_urceolatus	79.6667
Astragalus_canadensis	184.483
Astragalus_mangeri	47
Astragalus_cymbicarpos	139.274
Astragalus_pseudoborodinii	0
Astragalus_leiosemius	64.5
Astragalus_verticillatus	157
Astragalus_asymmetricus	119.026
Astragalus_flexus	120.167
Astragalus_peterae	244.714
Astragalus_anserinus	94.4
Astragalus_eurekensis	131.028
Astragalus_polozhiae	154.667
Astragalus_conspicuus	74.6667
Astragalus_multiceps	211.529
Astragalus_podocarpus	142.75
Astragalus_eremiticus	93.2917
Astragalus_stalinskyi	144
Astragalus_cimae	55.2449
Astragalus_tortuosus	100.5
Astragalus_denticulatus	81
Astragalus_eucosmus	387.163
Astragalus_reventiformis	118.109
Astragalus_patagonicus	158.333
Astragalus_gilgitensis	184.545
Astragalus_kunlunensis	0
Astragalus_bezudensis	144
Astragalus_atwoodii	65.6
Astragalus_ovigerus	72.5
Astragalus_campylotrichus	77.3333
Astragalus_spatulatus	127.107
Astragalus_holmgreniorum	44.6471
Astragalus_graveolens	173.067
Oxytropis_jordalii	544.598
Astragalus_iselyi	115.941
Astragalus_odoratus	197.706
Astragalus_harrisonii	64.3077
Astragalus_misellus	108.188
Astragalus_sesquiflorus	94.5417
Oxytropis_albana	319.812
Astragalus_jiuquanensis	0
Astragalus_cytisoides	78
Astragalus_kralikii	55.25
Astragalus_triflorus	270.188
Astragalus_boeticus	132.046
Astragalus_goldmanii	125.1
Astragalus_vulpinus	210.2
Astragalus_macropterus	241.313
Astragalus_diminutivus	115.071
Astragalus_uniflorus	268.074
Astragalus_khoshjailensis	88.3333
Astragalus_shelkovnikovii	126.2
Astragalus_gorodkovii	205.5
Astragalus_cognatus	108
Astragalus_basineri	115.625
Astragalus_miser	178.678
Astragalus_salmonis	114.189
Astragalus_angarensis	268.162
Astragalus_yunnanensis	237.419
Astragalus_schmalhausenii	128.5
Astragalus_monanthemus	166.667
Oxytropis_oreophila	133.465
Astragalus_caroli-henrici	102.5
Astragalus_leucolobus	106.924
Astragalus_megalanthus	247.286
Astragalus_setosulus	142.667
Astragalus_biebersteinii	170.5
Astragalus_ornithopodioides	125.727
Astragalus_desperatus	70.0893
Astragalus_viridis	130
Astragalus_sinicus	256.051
Astragalus_chaetodon	0
Astragalus_tremolsianus	140
Astragalus_melanodon	117.5
Astragalus_pseudojohannis	46
Astragalus_psilocentros	143.954
Astragalus_atropubescens	162.028
Astragalus_vaccarum	123.147
Astragalus_sesamoides	96
Astragalus_adanus	143.067
Astragalus_distortus	122.859
Astragalus_gaubae	36.5
Astragalus_luteolus	200.667
Astragalus_hypsogenus	112.267
Astragalus_kungurensis	143.667
Astragalus_calliphysa	67.8333
Astragalus_euchlorus	222.167
Astragalus_galegiformis	238.722
Astragalus_limprichtii	55.5
Astragalus_layneae	45.0149
Astragalus_racemosus	111.903
Astragalus_basiflorus	56.5
Astragalus_limnocharis	153.03
Astragalus_egglestonii	100.226
Astragalus_neobarnebyanus	108.667
Astragalus_cremnophylax	58.8889
Astragalus_lancearius	53
Astragalus_discernendus	88.5
Astragalus_debequaeus	112.857
Astragalus_callistachys	46.5
Astragalus_puniceus	107.103
Astragalus_parvus	120.944
Astragalus_solitarius	80.1852
Astragalus_chionobiiformis	111.5
Astragalus_speirocarpus	93.5952
Oxytropis_czukotica	403.531
Astragalus_brachycarpus	182.389
Astragalus_dielsii	241.333
Astragalus_sikkimensis	320
Astragalus_monticola	93.5
Astragalus_sutchuenensis	195.231
Astragalus_hymenocystis	0
Astragalus_casapaltensis	176
Astragalus_soxmaniorum	66.5385
Astragalus_beketowi	176.833
Astragalus_sedaensis	128
Astragalus_isphairamicus	114.5
Astragalus_schmolliae	71.75
Astragalus_aboriginum	388.722
Astragalus_welshii	118.333
Astragalus_lacteus	223.75
Astragalus_scaphoides	165.742
Astragalus_bellus	101.6
Astragalus_alvordensis	75.8293
Astracantha_diphtherites	88.25
Astragalus_eriocarpus	122.444
Astragalus_sangimashensis	103.333
Astragalus_khasianus	223.25
Astragalus_bisulcatus	130.793
Astragalus_vesicarius	222.65
Astragalus_balearicus	97
Astragalus_deanei	95.7727
Astragalus_megalomerus	211.25
Astragalus_amphioxys	70.5529
Astragalus_trichopodus	117.699
Astragalus_loanus	96.5
Astragalus_unifoliolatus	88.3333
Astragalus_micromerius	74.3
Astragalus_owirensis	127
Astragalus_spinescens	87
Astragalus_oroproselius	57.5
Astragalus_hartmanii	71
Oxytropis_jonesii	66.6667
Astragalus_takhtadzhjanii	154.375
Astragalus_alopecuroides	125.711
Astragalus_plattensis	111.944
Astragalus_crassifolius	221.75
Astragalus_coronilla	44.6667
Astragalus_inaequalifolius	266.667
Astragalus_dictamnoides	91
Astragalus_adpressipilosus	166
Oxytropis_immersa	161.333
Astragalus_peltatus	183.75
Astragalus_ptychophyllus	76.2
Astragalus_reesei	53
Astragalus_polyceras	111.667
Astragalus_remotiflorus	86.25
Astragalus_helmii	245.147
Astragalus_pseudokurrumensis	96.5
Astragalus_magellanicus	170.667
Astragalus_petropolitanus	49
Astragalus_dingjiensis	70.5
Astragalus_andaulgensis	94
Astragalus_crymophilus	95
Astragalus_chordorrhizus	292.6
Astragalus_illinii	86.3333
Astragalus_kentrophyta	150.928
Astragalus_chamaemeniscus	87.1875
Astragalus_palenae	202.944
Astragalus_registanicus	81.6667
Astragalus_maassoumii	48.5
Astragalus_fedtschenkoanus	136.667
Astragalus_gracilidentatus	56
Astragalus_limariensis	0
Oxytropis_coerulea	253.6
Astragalus_cyaneus	66.875
Astragalus_anthosphaerus	109.667
Astragalus_corniculatus	105.667
Astragalus_barnebyi	54
Astragalus_abbreviatus	122.667
Astragalus_purpusii	166.886
Astragalus_brachypetalus	86.8
Astragalus_pinonis	107.015
Astragalus_maurus	103.6
Astragalus_suberosus	134.261
Astragalus_laguroides	257.27
Astragalus_rattanii	126.722
Astragalus_psilolobus	86
Astragalus_fraxinifolius	138.25
Astragalus_humistratus	103.927
Astragalus_callichrous	85.8385
Astragalus_vogelii	93.75
Astragalus_gueldenstaedtiae	74
Astragalus_wrightii	107.857
Astragalus_zingeri	253.969
Astragalus_pennellianus	188.778
Astragalus_toquimanus	82.8667
Astragalus_daghestanicus	191
Astragalus_confertus	202.208
Astragalus_fruticosus	250.733
Astragalus_atropurpureus	138
Astragalus_pseudoaustralis	262.667
Astragalus_orthocarpus	180.25
Astragalus_medius	207.714
Astragalus_khwaja-muhammadensis	66
Carmichaelia_violacea	103.5
Astragalus_schinetorum	126.5
Astragalus_agraniotii	137.333
Astragalus_tumninensis	248
Astragalus_aspreticola	24.5
Astragalus_argophyllus	143.439
Astragalus_dianthus	81.75
Astragalus_urbanianus	56
Astragalus_accumbens	115.125
Oxytropis_humifusa	225.222
Astragalus_wenxianensis	173
Astragalus_sharestanicus	95.3333
Astragalus_polycladus	227.009
Astragalus_nitidiflorus	84.6
Oxytropis_pilosa	258.295
Astragalus_hispidulus	63.8333
Astragalus_wetherillii	132.722
Astragalus_mucidus	76.3333
Astragalus_remotus	61.1765
Astragalus_calycosus	109.558
Astragalus_congdonii	93.6667
Astragalus_agrestis	171.736
Astragalus_kohrudicus	54
Astragalus_haesitabundus	176.833
Astragalus_arcuatus	108
Astragalus_crassispinus	61.5
Oxytropis_obnapiformis	109.333
Astragalus_chrysostachys	70.2
Astragalus_hoodianus	114.333
Astragalus_rzaevii	57.5
Astragalus_aegobromus	180.345
Sutherlandia_microphylla	90.25
Astragalus_quinquefoliolatus	0
Astragalus_hypoglottis	206.404
Astragalus_coccineus	68.5369
Astragalus_panduratus	64.5
Astragalus_cronquistii	50.4074
Astragalus_tribuloides	71.305
Astragalus_shevockii	99.25
Astragalus_austrosibiricus	266.289
Astragalus_karkarensis	88
Astragalus_greggii	130.731
Oxytropis_racemosa	67.375
Astragalus_varius	276.843
Astragalus_mayeri	185.733
Astragalus_didymocarpus	74.2876
Astragalus_simplicifolius	100.467
Astragalus_agameticus	82.5
Astragalus_cymboides	81.9677
Astragalus_monumentalis	67.2182
Astragalus_zanskarensis	214.415
Astragalus_edmondsonii	90.5
Astragalus_peterfii	111.333
Astragalus_kirrindicus	105
Astragalus_eusarathron	42
Astragalus_macropodium	88
Astragalus_politovii	115
Astragalus_georgii	80
Astragalus_oniciformis	107.526
Astragalus_fucatus	50.7647
Astracantha_gummifera	142.562
Astragalus_pusillus	142.857
Astragalus_spaldingii	97.9821
Astragalus_daleae	203.222
Astragalus_turczaninowii	219
Erophaca_baetica	131.691
Astragalus_pattersonii	152.24
Sphaerophysa_salsula	112.663
Astragalus_confusus	91
Astragalus_maximowiczii	68.3333
Astragalus_clerceanus	186.857
Astragalus_stepporum	56
Astragalus_arizonicus	88.1486
Astragalus_bashgalensis	52.5
Astracantha_aurea	211.75
Astragalus_cretaceus	81.88
Astragalus_tongolensis	271.692
Astragalus_ornithorrhynchus	85
Astragalus_accidens	136.493
Astragalus_ruiz-lealii	47.5
Astragalus_hypoleucus	143.77
Astragalus_inyoensis	78.8889
Astragalus_ovatus	154.75
Astragalus_laricus	101.333
Astragalus_longidentatus	110.011
Astragalus_macroceras	256.735
Astragalus_erivanensis	134.333
Astragalus_lotiflorus	132.266
Oxytropis_chionobia	224.733
Astragalus_kirilovii	122.667
Astragalus_purpurascens	0
Astragalus_auratus	75
Astragalus_kessleri	59
Astragalus_sesameus	127.889
Astragalus_moranii	99.3333
Astragalus_acmophylloides	0
Astragalus_pyrrhotrichus	141.444
Astragalus_firuzkuhensis	54.5
Astragalus_hypogaeus	251
Astragalus_scutaneus	128.077
Astragalus_leontinus	427.839
Astragalus_jolderensis	74.6667
Astragalus_tricholobus	90.3333
Astragalus_webberi	157.524
Astragalus_lineatus	201.15
Astragalus_clarkeanus	126.5
Astragalus_cachinalensis	213.8
Astragalus_sieversianus	112.917
Astragalus_molestus	119.4
Astragalus_sumbari	48
Astragalus_gibbsii	123.27
Astragalus_oocalycis	112.476
Astragalus_canescens	62
Astragalus_filicaulis	135.904
Astragalus_caricinus	77.4923
Astragalus_fissuralis	201.091
Astragalus_gladiatus	118.273
Astragalus_arkalycensis	251
Astragalus_laxmannii	173.918
Astragalus_yumenensis	72
Astragalus_paraplesius	87
Astragalus_sevangensis	168.529
Astragalus_curvicarpus	111.274
Astragalus_chlorostegius	40.5
Astragalus_elatior	77.5
Astragalus_nivalis	233.908
Astragalus_neglectus	237.713
Astragalus_nuttallianus	75.7384
Astragalus_clevelandii	106.4
Astragalus_recurvus	94.0278
Astragalus_hajastanus	126.667
Astragalus_chorinensis	155.25
Astragalus_paralurges	64
Astragalus_varzobicus	63
Astracantha_strobilifera	43.5
Astragalus_oreades	416.818
Astragalus_leptocaulis	68.5
Astragalus_munroi	172.55
Astragalus_olgae	155.8
Astragalus_atricapillus	159.667
Astragalus_echinops	115.455
Astragalus_knightii	29.5
Astragalus_bornmuellerianus	142.25
Astragalus_laetus	138.429
Astragalus_neoburkartianus	38.5
Astragalus_subalpinus	83
Astragalus_scorpioides	107.615
Astragalus_grahamianus	187.275
Astragalus_micranthellus	118.37
Astragalus_tarijensis	121.571
Astragalus_ampullarius	65
Astragalus_echinatus	133.066
Astragalus_gymnopodus	128
Astragalus_brachybotrys	228.071
Astragalus_macropetalus	125.667
Astragalus_chilienshanensis	263.333
Astragalus_aksaricus	280.667
Astragalus_miguelensis	71.5
Astragalus_psilacanthus	105.25
Astragalus_episcopus	60.6125
Astragalus_licentianus	87.25
Astragalus_variabilis	47.6667
Astragalus_balchaschensis	51.5
Astragalus_prorifer	90.908
Astragalus_froedinii	69
Astragalus_richii	99
Astragalus_angreni	133.5
Astragalus_erythrolepis	36
Astragalus_purshii	131.096
Astragalus_johnstonii	38
Astragalus_harringtonii	522.333
Astragalus_paktiensis	90
Astragalus_brachytropis	342.05
Astragalus_joergensenii	110.222
Astragalus_geniculatus	73.8333
Astragalus_saralensis	290.132
Astragalus_filipes	125.149
Astragalus_cuatrecasasii	48
Oxytropis_jacquinii	416.456
Astragalus_schmidii	74
Astragalus_distinens	113.889
Astragalus_holosemius	27
Astragalus_oophorus	111.529
Astragalus_altus	157.083
Astragalus_erionotus	156.429
Astragalus_ortholobus	198.333
Astragalus_squarrosus	94.8889
Astragalus_kudrjaschovii	65
Astragalus_neomexicanus	123.875
Astragalus_ophiocarpus	116.19
Astragalus_lutosus	151.922
Astragalus_conjunctus	116.453
Astragalus_coahuilae	113.176
Astragalus_teheranicus	74.75
Astragalus_eriopodus	95.6667
Astragalus_ochreatus	87.5
Astragalus_chamissonis	169
Astragalus_donianus	225.714
Astragalus_geyeri	71.7148
Astragalus_duanensis	95
Astragalus_bicolor	187.8
Astragalus_regiomontanus	130.75
Astragalus_huthianus	71.3333
Astragalus_lunatus	0
Astragalus_whitneyi	196.767
Astragalus_gompholobium	69.5
Astragalus_saetiger	78.6667
Astragalus_curvirostris	84.2
Astragalus_semnanensis	54.5
Astragalus_yoder-williamsii	102.25
Astragalus_oocarpus	98.6753
Astragalus_raphiodontus	129
Astragalus_sanctae-crucis	58
Astragalus_sericopetalus	75.5
Astragalus_nigrivestitus	159.5
Astragalus_panamintensis	59.6286
Astragalus_pseudoamygdalinus	82
Astragalus_praelongus	74.2257
Astragalus_ancistrocarpus	85.1
Astragalus_antheliophorus	57
Astragalus_arbuscula	105.667
Astragalus_dictyolobus	117
Astragalus_vexilliflexus	178.435
Astragalus_hymenocalyx	27
Astragalus_falconeri	205.842
Astragalus_feensis	65.6
Astragalus_gracilis	108.855
Astragalus_sanguineus	140.31
Astragalus_syreitschikovii	62.6667
Astragalus_sheldonii	144.578
Astragalus_esperanzae	156.571
Astragalus_albulus	75.6471
Oxytropis_strobilacea	275.221
Astragalus_bhotanensis	168.95
Astragalus_minutissimus	101
Astragalus_ampullarioides	67.1429
Astragalus_rimarum	97.5
Astragalus_trigonocarpus	214.75
Astragalus_oocephalus	118.4
Astragalus_anemophilus	101.233
Astragalus_lepsensis	188.833
Astragalus_eurylobus	59.4118
Astragalus_gruinus	118.691
Astragalus_huiningensis	145.667
Astragalus_danicus	298.331
Astragalus_straussii	60
Astragalus_macrourus	157.6
Astragalus_pauperiflorus	126.667
Astragalus_erythrosemius	117
Astragalus_radicans	230.36
Astragalus_diversifolius	154.029
Astragalus_pseudomegalomerus	58
Astragalus_berteri	111.6
Astragalus_tragacantha	137.667
Astragalus_henryi	113
Astragalus_atropilosulus	172.012
Astragalus_schanginianus	255.489
Astragalus_salatavicus	163
Astragalus_melanostachys	248.633
Astragalus_bicristatus	106.709
Astragalus_mikrophyton	78
Astragalus_cicer	215.393
Astragalus_longistipitatus	90.5
Astragalus_pavlovii	34.5
Astragalus_paradoxus	57
Astragalus_zacatecanus	135.4
Astragalus_groetzbachii	76.5
Astragalus_shatuensis	116.5
Astragalus_compressus	137.4
Astragalus_sinuatus	119.176
Astragalus_brauntonii	122.339
Astragalus_aquilanus	195.5
Astragalus_sanczirii	78.5
Astragalus_hymenostegis	119.5
Astragalus_ovoideus	63.6
Astragalus_perdurans	66.3333
Astragalus_effusus	88.8333
Astragalus_szovitsii	112.3
Astragalus_badamensis	132
Astragalus_preussii	55.9692
Astragalus_microphysa	96.7143
Astragalus_saurinus	92.5227
Astragalus_beckerianus	239.5
Astragalus_rafaelensis	85.3667
Oxytropis_splendens	216.435
Astragalus_capillipes	62.5
Astragalus_macropus	254.841
Astragalus_francisquitensis	150.737
Astragalus_dumetorum	61
Astragalus_arthurii	133.045
Astragalus_moyanoi	178.667
Oxytropis_neglecta	390.609
Astragalus_quinqueflorus	116.286
Astragalus_ponticus	171.938
Astragalus_levieri	406.826
Oxytropis_yunnanensis	257.878
Astragalus_trichocarpus	177.6
Astragalus_consobrinus	100.857
Astragalus_rostratus	106
Astragalus_serenoi	69.2417
Astragalus_lycioides	110.429
Astragalus_jabbor-khailii	88
Astragalus_linifolius	98.5833
Astragalus_arnoldii	179.148
Astragalus_vanillae	43.3333
Astragalus_coluteocarpus	183.19
Hedysarum_boreale	218.33
Astragalus_buschiorum	168.25
Astragalus_miyalomontis	163.5
Astragalus_bachmarensis	213.5
Astragalus_ellipsoideus	109.25
Astragalus_stenocystis	96.3333
Astragalus_herbertii	85.5
Astragalus_chinensis	202.222
Astragalus_goniatus	183.733
Astragalus_musiniensis	81.0423
Astragalus_lehmannianus	181.5
Astragalus_tugarinovii	353.588
Astragalus_lasiopetalus	127
Astragalus_hancockii	471.833
Astragalus_arrectus	117.59
Astragalus_bungeanus	178.333
Astragalus_frigidus	408.415
Astragalus_macrotropis	233
Astragalus_siahderrensis	78.5
Astragalus_sabuletorum	100.5
Astragalus_lumsdenianus	87
Astragalus_pamirensis	190.467
Astragalus_longipetiolatus	0
Astragalus_diopogon	69
Astragalus_lindheimeri	101.024
Astragalus_clandestinus	93
Astragalus_holophyllus	53
Astragalus_persepolitanus	72.2222
Astragalus_pubentissimus	100.704
Oxytropis_bicolor	81.875
Astragalus_arnottianus	205.708
Astragalus_ankylotus	178.5
Astragalus_platyphyllus	161.533
Astragalus_riparius	92
Astragalus_hyalolepis	143
Astragalus_kazbeki	267
Astragalus_muliensis	227.818
Astragalus_orbicularifolius	146.286
Astragalus_alyssoides	144.429
Astragalus_baionensis	187.6
Oxytropis_scammaniana	428.813
Astragalus_valparadisiensis	185.667
Oxytropis_poncinsii	227.371
Astragalus_arequipensis	145.608
Astragalus_webbianus	226.762
Astragalus_siliceus	79.5
Oxytropis_nutans	53.5
Astragalus_stenanthus	92.4
Astragalus_grubovii	122.75
Astragalus_coquimbensis	206.588
Astragalus_brachycentrus	40
Astragalus_raddei	106.667
Astragalus_albicaulis	263.738
Astragalus_nigrolineatus	47.5
Astragalus_ammodendron	144.222
Astragalus_strigulosus	159.597
Astragalus_inopinatus	281.106
Astragalus_australis	348.173
Astragalus_mucronifolius	75.4545
Astragalus_kifonsanicus	59.75
Astragalus_trachoniticus	25
Astragalus_souliei	151.4
Astragalus_cracca	48
Astragalus_amblytropis	196.182
Astragalus_ertterae	82.75
Astragalus_granitovii	95
Astragalus_juratzkanus	103.143
Astragalus_megacarpus	124.5
Astragalus_glabellus	0
Astragalus_testiculatus	254.32
Astragalus_jaliscensis	192
Astragalus_nuciferus	181.333
Astragalus_stenolepis	86
Astragalus_hamosus	131.513
Astragalus_bombycinus	55.6667
Astragalus_vesiculosus	156.867
Astragalus_flavus	85.9042
Astragalus_oihorensis	112
Astragalus_marinus	168
Astragalus_propinquus	288.354
Astragalus_verrucosus	132.4
Astragalus_tenellus	164.283
Astragalus_columbianus	83
Astragalus_brazoensis	91.0312
Astragalus_chorizanthus	69.5
Astragalus_amnis-amissi	141.25
Astragalus_johannis	85.875
Astragalus_gentryi	153
Astragalus_carmanicus	41
Astragalus_piptocephalus	86
Astragalus_fabrisii	81
Astragalus_oxyodon	158.25
Astragalus_minthorniae	78.1419
Astragalus_dulungkiangensis	159.5
Astragalus_humifusus	201
Astragalus_gorczakovskii	321.333
Astragalus_ammodendroides	69
Astragalus_weberbaueri	242.917
Astragalus_coltonii	111.171
Astragalus_tatsienensis	226.143
Astragalus_rufescens	46
Astragalus_centralis	42
Astragalus_strigosostipulatus	89
Astragalus_glaux	135.67
Astragalus_guttatus	104.08
Astragalus_toksunensis	0
Astragalus_leucocladus	136.667
Astragalus_edulis	100.957
Astracantha_karabaghensis	138.6
Astragalus_bifidus	157
Astragalus_ecbatanus	101
Astragalus_nutriosensis	69.75
Astragalus_demavendicolus	27
Astragalus_cinereus	178.833
Astragalus_monspessulanus	195.393
Astragalus_miniatus	144.6
Astragalus_hololeucoides	90.25
Phyllolobium_tribulifolium	177.982
Astragalus_rubriflorus	139.333
Astragalus_naftabensis	151.8
Astragalus_nutans	72.7442
Astragalus_galiifolius	72.5
Astragalus_susianus	118.714
Astragalus_siliquosus	135.909
Astragalus_cryptobotrys	144.059
Astragalus_oxyphysus	104.085
Astragalus_terminalis	175.19
Astragalus_striatiflorus	74.1034
Astragalus_xylobasis	162.667
Astragalus_mattam	224.286
Astragalus_taipaishanensis	107.5
Astragalus_plumbeus	107.333
Astragalus_sabulosus	74.0556
Astragalus_utriger	194.758
Astragalus_mercklinii	99.5714
Astragalus_ledinghamii	45.5
Astragalus_punctatus	82
Astragalus_anacardius	44.6667
Astragalus_peduncularis	219.587
Astragalus_sparsus	89.8571
Astragalus_bidentatus	155
Astragalus_supinus	241.5
Astragalus_leptocarpus	84.6509
Astragalus_missouriensis	115.186
Astragalus_camptodontoides	89
Astragalus_applegatii	131.25
Astragalus_lyallii	86.8519
Astragalus_brachystachys	106.444
Astragalus_rupifragus	236.901
Astragalus_pendulinus	60.5
Astragalus_leiophyllus	210.857
Astragalus_cephalanthus	86.7273
Astragalus_sprucei	320.455
Astragalus_kustanaicus	247
Astragalus_drupaceus	174.833
Astragalus_pinetorum	181.571
Astragalus_biovulatus	95.6667
Astragalus_exscapus	215.587
Astragalus_commixtus	97.6364
Astragalus_serpens	125.462
Smirnowia_turkestana	69.1667
Astragalus_charguschanus	225.762
Astragalus_baba-alliar	100.25
Astragalus_noziensis	108.5
Astragalus_platysematus	66
Astragalus_lipskyi	65
Astragalus_trichanthus	70
Astragalus_ciceroides	240.667
Astragalus_deminutivus	92.4
Astragalus_tibetanus	205.709
Astragalus_solandri	93.25
Astragalus_ebenoides	64
Astragalus_nutzotinensis	433.781
Astragalus_macronyx	128.429
Astragalus_troglodytus	98.4667
Astragalus_cottonii	296
Astragalus_malacus	91.2251
Astragalus_polygala	103.75
Astragalus_lambinonii	63.5
Astragalus_efoliatus	55
Astragalus_glumaceus	91.5
Astragalus_heydei	45
Astragalus_equisolensis	64.8571
Astragalus_lasiophyllus	119.833
Oxytropis_ochotensis	354.917
Astragalus_cobrensis	111
Astragalus_sulfuratus	99.3333
Astragalus_khaneradarensis	0
Astracantha_cerasocrena	109.4
Astragalus_ensifer	49.5
Astragalus_petraeus	110.667
Astragalus_puberulus	282.742
Astragalus_curvicaulis	187
Astragalus_chloodes	104.423
Astragalus_kerkukiensis	42.5
Astragalus_barbatus	141.667
Astragalus_alaschanus	185.667
Astragalus_cavanillesii	114.522
Astragalus_tupalangi	115
Astragalus_nelidae	150.857
Astragalus_brevipes	94.25
Astracantha_cretica	232.683
Astragalus_armeniacus	110
Oxytropis_nana	114.067
Astragalus_consanguineus	108
Astragalus_dasyanthus	234.478
Astragalus_thermensis	0
Astragalus_nivicola	391.625
Oxytropis_ciliata	88.4
Astragalus_seidabadensis	58.5
Astragalus_spegazzinii	90
Astragalus_subrosulariformis	71
Astragalus_somcheticus	226.478
Astragalus_coluteopsis	50
Astragalus_lasiosemius	205.063
Astragalus_piutensis	145.121
Astragalus_gypsodes	93.6364
Astragalus_germaini	93
Astragalus_burkartii	116.571
Astragalus_nigriceps	79.6667
Astragalus_apollineus	217.077
Astragalus_savellanicus	182
Astragalus_intercedens	62.5641
Astragalus_pseudoadsurgens	169
Astragalus_exasperatus	81.5
Astragalus_lentiformis	170.286
Astragalus_acutifolius	94
Astragalus_pseudohypogaeus	0
Astragalus_bodinii	242.573
Astragalus_anfractuosus	114
Astragalus_cisoxanus	76.5
Astracantha_stenonychioides	137.5
Astragalus_brachylobus	212.818
Astragalus_kuschkensis	94.5
Astracantha_parnassi	170.444
Astragalus_obcordatus	551.19
Astragalus_pectinatus	119.506
Astragalus_traskiae	64.5
Astragalus_gambelianus	107.915
Astragalus_zerdanus	77
Astragalus_simpsonii	193
Astragalus_jaxarticus	87.6667
Astragalus_wolgensis	253.975
Astragalus_hyrcanus	133.5
Astragalus_macrosemius	129.75
Astragalus_balfourianus	261.65
Astragalus_lemmonii	146.636
Astragalus_malacoides	62.1053
Astragalus_giganteus	135.213
Astragalus_douglasii	95.9172
Astragalus_chaidamuensis	53.6667
Astragalus_pardalinus	62.7143
Astragalus_rawianus	0
Astragalus_dendroides	139.25
Astragalus_lucidus	112
Astragalus_vavilovii	178.25
Astragalus_nephtonensis	96.75
Astragalus_reduncus	182.385
Astragalus_cottamii	34.6667
Astragalus_mahoschanicus	214.583
Astragalus_grayi	106.324
Astragalus_mesites	93
Astragalus_shinanensis	277.75
Astragalus_djilgensis	172
Astragalus_hirsutus	119.5
Astracantha_microcephala	174.686
Astragalus_vaginatus	278.9
Astragalus_faurei	62.3333
Astragalus_aequalis	92.5217
Astragalus_versicolor	244.167
Astragalus_atrovinosus	122.25
Astragalus_glomeratus	100.5
Oxytropis_sericea	142.461
Astragalus_bourgaeanus	134.673
Astragalus_deterior	80.8333
Astragalus_naturitensis	91.8947
Astragalus_vulcanicus	119.5
Astragalus_lanuginosus	197.333
Astragalus_reinii	136.5
Astragalus_avicennicus	66
Astragalus_myrianthus	53.5
Astragalus_cenorrhynchus	72
Astragalus_brevidens	122.833
Astragalus_schrenkianus	230
Astragalus_rhacodes	104
Astragalus_emarginatus	148.944
Astragalus_anisacanthus	74.6667
Astragalus_retusifoliatus	140
Astragalus_obscurus	115.151
Astragalus_curtipes	131.131
Astragalus_skythropos	261.923
Astragalus_imitensis	176
Astragalus_neuquenensis	78
Astragalus_leptus	90.5
Astragalus_tephrolobus	219.25
Astragalus_succumbens	84.0127
Astragalus_lyonnetii	190.182
Astragalus_pakistanicus	77.5
Astragalus_englerianus	206
Astragalus_pehuenches	129.85
Astragalus_proximus	109.364
Astragalus_hemsleyi	87
Astragalus_korovinianus	50.5
Astragalus_vallaris	123.625
Astragalus_scleroxylon	65
Astragalus_karelinianus	256.417
Astragalus_mario-sousae	86.5
Astragalus_chingoanus	117.5
Astragalus_nematodes	109.2
Astragalus_breviscapus	106.2
Astragalus_weddellianus	144.864
Astragalus_depauperatus	245.605
Astragalus_dactylocarpus	66.3077
Astragalus_cuscutae	55.5
Astragalus_crypticus	130.333
Astragalus_micrancistrus	56
Astragalus_supervisus	76
Astragalus_nidularius	71.087
Astragalus_takharensis	87
Astragalus_bracteosus	62
Astragalus_pallescens	253.842
Astragalus_weixinensis	94
Astragalus_orthocarpoides	59.5
Astragalus_iodopetalus	115.077
Astragalus_acutirostris	52.2297
Astragalus_darwinianus	49.5
Astragalus_demavendicus	150.571
Astragalus_variegatus	171.4
Astragalus_arganaticus	108
Astragalus_curviflorus	55.75
Astragalus_lithophilus	107
Astragalus_vessalae	62
Astragalus_stipulatus	197.75
Astragalus_pseudoversicolor	169
Tragacantha_fasciculifolia	83.1429
Astragalus_reventus	143.831
Astragalus_impexus	0
Astragalus_magdalenae	70.2556
Astragalus_crotalariae	62.9239
Astragalus_dilutus	259.22
Astragalus_gombo	63.75
Astragalus_physodes	214.913
Astragalus_oxyphysopsis	73.8333
Astragalus_armatus	114.356
Astragalus_scaberrimus	167.971
Astragalus_sparsiflorus	118.238
Astragalus_tolucanus	239.923
Astragalus_scopulorum	143.935
Astragalus_cornutus	243.932
Astragalus_californicus	132.083
Astragalus_karakugensis	175.25
Astragalus_lentiginosus	85.0665
Astragalus_ibrahimianus	151
Astragalus_aschuturi	312
Astragalus_edmondstonei	140.833
Astragalus_lupulinus	237.44
Astragalus_lamondiae	28.5
Astragalus_nudisiliquus	84.4578
Astragalus_aduncus	99.1818
Astragalus_newberryi	84.1989
Astragalus_termeanus	45.3333
Astragalus_endytanthus	119.25
Astragalus_incanus	133.07
Astragalus_kolymensis	331.462
Astragalus_degensis	231.846
Astragalus_sanguinolentus	208.636
Astragalus_filiformis	216.024
Oxytropis_lambertii	125.191
Astragalus_retamocarpus	114.25
Astragalus_scabrisetus	50.5
Astragalus_oncotrichus	40
Astragalus_scoparius	108
Astragalus_gracilipes	176.286
Astragalus_hispanicus	115.676
Astragalus_olchonensis	211.4
Astragalus_abnormalis	73
Astragalus_chamaeleuce	117.563
Astragalus_plagiophacos	92
Astragalus_carduchorum	111
Astragalus_lalesarensis	98.5
Astragalus_physocarpus	181.25
Astragalus_wittmannii	94.4167
Astragalus_asplundii	96.25
Astragalus_flexuosus	138.286
Astragalus_eriostomus	43
Astragalus_nothoxys	103.959
Astragalus_aleppicus	85.4688
Astragalus_villosus	399.945
Clianthus_puniceus	291.375
Astragalus_pauper	77
Astragalus_valerianensis	0
Astragalus_globiceps	81
Astragalus_neurophyllus	92
Astragalus_oxyrhynchus	190.4
Astragalus_molybdenus	166.286
Astragalus_aspindzicus	93
Astragalus_piletocladus	41
Astragalus_beckii	147.222
Eremosparton_flaccidum	54.6667
Astragalus_tenuifolius	0
Astragalus_nyensis	37.9394
Astragalus_montigenus	147.5
Astragalus_tener	121.368
Astragalus_yangtzeanus	171.333
Astragalus_pseudoutriger	100.333
Astragalus_tribulifolius	169.667
Astragalus_helleri	153.889
Astragalus_speciosus	107.333
Astragalus_angustiflorus	214.442
Astragalus_kuramensis	129.667
Astragalus_tephrosioides	123.667
Oxytropis_recognita	270.048
Astragalus_taschkendicus	70.5
Astragalus_microcymbus	163.778
Astragalus_dahuricus	171.938
Astragalus_porrectus	61.2308
Astragalus_stenoceras	232.833
Astragalus_erubescens	49.5
Astragalus_sphaerocystis	0
Astragalus_tyghensis	84.6667
Astragalus_alpinus	381.192
Astracantha_granatensis	147.595
Swainsona_formosa	54.0408
Astragalus_littoralis	161.5
Astragalus_caraganae	151.909
Astragalus_arbelicus	77.5
Astragalus_castetteri	78
Astragalus_albens	93.0741
Astragalus_humilis	188.667
Astragalus_sieberi	55
Astragalus_rahensis	64.2
Astragalus_contortuplicatus	205.562
Astragalus_saccatus	0
Astragalus_carminis	118.036
Astragalus_xipholobus	51
Astragalus_shortianus	127.02
Astragalus_bernardinus	69.4118
Astragalus_cyclophyllon	86.3333
Astragalus_concretus	225.533
Astragalus_craibianus	238.333
Astragalus_norvegicus	464.995
Astragalus_funereus	54.0667
Astragalus_falciformis	140.833
Astragalus_glycyphyllos	255.116
Astragalus_leansanicus	89.4
Astragalus_inversus	130.378
Astragalus_bounophilus	131.333
Astragalus_gudrunensis	79
Astragalus_hamrinensis	0
Astragalus_macrocephalus	157.8
Astragalus_leptaleus	185.576
Astragalus_davidii	174.429
Astragalus_maurorum	76.6
Astragalus_strictilobus	43
Astragalus_podlechii	97
Astragalus_peregrinus	70.0612
Astragalus_idrietorum	48.2368
Astragalus_hoantchy	0
Astragalus_maritimus	93
Astragalus_pictiformis	109.406
Astragalus_rhizanthus	229.76
Astragalus_titanophilus	69.4444
Astragalus_borraginaceus	0
Astragalus_nudus	41.5
Astragalus_berterianus	145.333
Astragalus_casei	67.9554
Oxytropis_ochrocephala	266.102
Astragalus_semilunatus	70.6667
Astragalus_glaucus	153.143
Astragalus_managildensis	132.5
Astragalus_wagneri	106
Astragalus_tigridis	125.429
Astragalus_mollissimus	100.065
Oxytropis_mollis	232.312
Astragalus_fuliginosus	45.5
Astracantha_plumosa	151.333
Astragalus_vexillaris	93.6667
Astragalus_andersonii	121.815
Astragalus_tulinovii	216.703
Astragalus_scalaris	108.667
Astragalus_golmuensis	143.286
Astragalus_ufraensis	0
Astragalus_lonchocarpus	102.358
Astragalus_majevskianus	110.5
Astragalus_handelii	102
Oxytropis_vassilczenkoi	346.667
Astragalus_alaicus	175
Astragalus_ugamicus	261
Oxytropis_hirta	94.8571
Astragalus_marianus	107
Astragalus_cottonianus	132.8
Astragalus_xanthotrichus	0
Astragalus_minimus	93
Astragalus_pulsiferae	143.042
Astragalus_bonariensis	99.25
Astragalus_pseudochlorostachys	66.5
Astragalus_melanochiton	173.333
Astragalus_uliginosus	262.942
Astragalus_adsurgens	179.234
Astragalus_reflexistipulus	317.429
Astragalus_wilmottianus	86
Astragalus_nobilis	101.333
Astragalus_moellendorffii	46
Astragalus_charadzeae	173.333
Astragalus_villosissimus	44.5
Astragalus_humillimus	48.5
Astragalus_oplites	171.625
Astragalus_clarianus	92.1667
Astragalus_tioides	0
Astragalus_spartioides	108
Astragalus_densiflorus	192.571
Astragalus_tarumensis	37.5
Astragalus_brachypus	115.75
Astragalus_prilipkoanus	165.5
Astragalus_hidalgensis	139
Astragalus_catabostrychos	85.6667
Astragalus_turolensis	131.457
Oxytropis_aciphylla	121.952
Astragalus_monbeigii	190.261
Oxytropis_koyukukensis	658.375
Astragalus_piscator	78.6667
Astragalus_askius	141.75
Oxytropis_talassica	115.667
Astragalus_semicircularis	111.5
Astragalus_darii	45.6667
Oxytropis_melanocalyx	232.184
Astragalus_potosinus	135.4
Astragalus_osterhoutii	178.923
Astragalus_tephrodes	94.4937
Astragalus_sirinicus	251.575
Astragalus_ceratoides	287.717
Astragalus_aquilonius	171.652
Oxytropis_lapponica	472.568
Astragalus_chiwensis	88
Astragalus_anisus	161
Astragalus_galactites	178.593
Astracantha_deinacantha	103.263
Oxytropis_viscida	282.374
Astragalus_glaucacanthos	68
Astragalus_curvipes	111.5
Astragalus_comosus	111.5
Astragalus_wenquanensis	173
Astragalus_porphyrocalyx	142
Astragalus_sachalinensis	229.5
Astragalus_tegetarioides	119.118
Astragalus_micranthus	188.691
Astragalus_punae	67
Astragalus_tungensis	178.667
Astragalus_onobrychis	257.382
Astragalus_aridus	49.5854
Astragalus_toanus	88.4
Astragalus_terrestris	52.5
Astragalus_capito	148.143
Oxytropis_eriocarpa	248.741
Astragalus_severzovii	312
Astragalus_venturii	88
Astragalus_albertoregelia	92.5
Astragalus_hallii	146.874
Astragalus_latiunguiculatus	142
Astragalus_xanthomeloides	222.25
Astragalus_brevialatus	131
Astragalus_taubertianus	0
Astragalus_amarus	97
Astragalus_nurensis	99.6667
Astragalus_sarbasnensis	111.5
Astragalus_vegetus	142.25
Oxytropis_grandiflora	200.081
Astragalus_hirtus	49.5
Astragalus_austroaegaeus	83.5
Oxytropis_taochensis	129.333
Oxytropis_riparia	131.9
Astragalus_minutulus	106
Astragalus_pycnostachyus	137
Astragalus_dipelta	219
Oxytropis_kobukensis	671.333
Oxytropis_squammulosa	167.222
Astragalus_legionensis	149.562
Astragalus_kerrii	99
Astragalus_cerasinus	78
Astragalus_pseudocytisoides	86
Astragalus_complanatus	45
Astragalus_dombeyi	100
Astragalus_taiyuanensis	0
Astragalus_argyroides	107.833
Astragalus_straturensis	106.535
Astragalus_pachypus	80.0108
Astragalus_vallicola	338.312
Astragalus_reichei	129.538
Astragalus_breweri	111.901
Astragalus_anisomerus	210
Astragalus_chardinii	79.6
Astragalus_porphyrophysa	52.6667
Astragalus_macrostachys	144
Astragalus_pachyrhizus	82.6667
Astragalus_tawilicus	107
Astragalus_grammocalyx	117
Astragalus_bossuensis	94.4
Astragalus_tidestromii	41.4522
Astragalus_paucijugus	115.6
Astragalus_hornii	83.9697
Astragalus_rawlinsianus	87
Astragalus_ensiformis	72.125
Astragalus_pseudofragiferus	38
Astragalus_hypoxylus	79.4
Astragalus_williamsii	285.229
Astragalus_adzharicus	209.667
Astragalus_angustifolius	201.133
Astragalus_temirensis	214.091
Astragalus_tiehmii	78.5556
Astragalus_oligophyllus	72.3333
Astragalus_nelsonianus	98.2941
Astragalus_bazmanicus	46
Astragalus_spinosus	60.7677
Astragalus_leibergii	121.568
Astragalus_sericeocanus	130.5
Astragalus_goktschaicus	167.4
Astragalus_monoensis	116.381
Astragalus_peruvianus	160.214
Astragalus_dschangartensis	158.667
Astragalus_xiphoides	46
Astragalus_ishkamishensis	76.5
Astragalus_cerussatus	120.654
Astragalus_laguriformis	79.5
Astragalus_palmeri	73.8272
Astragalus_hohenackeri	106
Astragalus_brandegei	93.1562
Astragalus_falcatus	223.298
Astragalus_sommieri	197.75
Astragalus_rytilobus	50
Astragalus_flexicaulis	215
Astragalus_erwinii-gaubae	54
Astragalus_macrodon	108.105
Astragalus_kuschakewiczi	172.5
Astragalus_kermanschahensis	85
Astragalus_corrugatus	76.8431
Astragalus_reflexus	93.5714
Astragalus_schistocalyx	87.4
Astragalus_pissisi	93
Astragalus_leucocephalus	166.512
Astragalus_polyacanthus	182.286
Astragalus_amatus	203.333
Astragalus_insularis	56.2815
Astragalus_submitis	147.833
Astragalus_annularis	69.5761
Astragalus_uncialis	59.9231
Astragalus_boelckei	115.286
Astragalus_stewartii	129.083
Oxytropis_oxyphylloides	201.667
Astragalus_lasioglottis	231.714
Astragalus_jessenii	53.5
Astragalus_jodotropis	168.714
Astragalus_hoffmeisteri	194.737
Astragalus_captiosus	282.679
Astragalus_rigidulus	294.75
Astragalus_eupeplus	61.5
Astragalus_onobrychioides	172.28
Astragalus_matiensis	129.5
Astragalus_werdermannii	46
Astragalus_atratus	105.503
Astragalus_cruckshanksii	166.132
Astragalus_laceratus	0
Astragalus_megricus	136.25
Astragalus_tashqurghanicus	69.3333
Astragalus_ackerbergensis	80.4
Astragalus_collinus	156.351
Astragalus_suffruticosus	236.667
Astragalus_campylanthus	77.75
Astragalus_tweedyi	92.0333
Astragalus_tetrapterus	91.3286
Astragalus_frickii	353.167
Astragalus_chlorodontus	133
Astragalus_ulothrix	67.5
Astragalus_wootonii	96.2758
Oxytropis_aucheri	89.75
Astragalus_chalaranthus	62
Astragalus_cuneifolius	110
Oxytropis_multiceps	126.305
Astragalus_iljinii	84.5
Astragalus_pelecinus	132.302
Astragalus_prattii	251.111
Astragalus_stevenianus	162.867
Astragalus_bashmensis	115.667
Astragalus_callithrix	54.7812
Astragalus_asclepiadoides	92.1818
Astragalus_longilobus	253
Astragalus_musimonum	34.5
Astragalus_oxypterus	90.5
Astragalus_floridulus	266.185
Astragalus_taochius	129.5
Oxytropis_ochroleuca	82
Astragalus_kahiricus	59.45
Astragalus_tataricus	144
Astragalus_paralipomenus	89
Astragalus_chlorostachys	201.69
Astragalus_bowes-lyonii	168.333
Astragalus_trimestris	50.4286
Astragalus_concinnus	93
Astragalus_flavocreatus	125.556
Astragalus_gilensis	105.016
Astragalus_austriacus	212.217
Oxytropis_parryi	178.312
Astragalus_beckwithii	118.667
Astragalus_schizotropis	0
Astragalus_amherstianus	130.889
Astragalus_dolichophyllus	196.81
Astragalus_glycyphylloides	214.741
Astragalus_mokiacensis	67.75
Astragalus_kashmirensis	143.333
Astragalus_crenatus	96.2364
Astragalus_suprapilosus	131
Astragalus_ishigensis	199.5
Astragalus_ervoides	218.8
Astragalus_ripleyi	117.524
Astragalus_saxorum	176
Astragalus_garbancillo	207.587
Astragalus_anserinifolius	57.3333
Astragalus_titovii	103.5
Astragalus_dekazygus	65.5
Astragalus_quinquejugus	149
Astragalus_follicularis	282.833
Astragalus_parodii	152.76
Astragalus_ochrochlorus	106.5
Astragalus_zayuensis	230
Astragalus_brackenridgei	184.333
Astragalus_baitagensis	88.5
Astragalus_arenarius	251.208
Astragalus_subsecundus	167.6
Oxytropis_arctica	472.901
Astragalus_alexandrii	188.222
Wisteria_sinensis	157.745
Astragalus_chuskanus	100.167
Astragalus_sclerocarpus	112.516
Astragalus_poliotrichus	59.5
Astragalus_pullus	220.1
Astragalus_algerianus	133.404
Astragalus_paysonii	162.964
Astragalus_pseudotesticulatus	142
Astragalus_bustillosii	165.531
Astragalus_pushtashanicus	111.5
Astragalus_fragrans	236.727
Astragalus_sulcatus	269.96
Astragalus_gilmanii	112.75
Astragalus_scorpiurus	117.333
Astragalus_thomsonii	121.667
Astragalus_meiliensis	121.5
Astragalus_alamliensis	59
Astragalus_submaculatus	121
Astragalus_subuliformis	239.367
Astragalus_ionae	145.667
Astragalus_fuhsii	59.6667
Oxytropis_williamsii	195
Astragalus_stapfii	51.5
Astragalus_rosae	64
Astragalus_schelichowii	350.311
Astragalus_remotijugus	114.333
Astragalus_scheremetevianus	194.429
Colutea_abyssinica	165.5
Astragalus_pauranthus	57
Astragalus_wardii	107.641
Oxytropis_qinghaiensis	248
Astragalus_junatovii	98.3333
Astragalus_horridus	89.4286
Astragalus_urmiensis	93
Astragalus_mareoticus	80.4545
Astragalus_eastwoodiae	87.6923
Astragalus_beathii	32.2857
Astragalus_cusickii	120.072
Astragalus_sciureus	82.5
Astragalus_nitens	117
Astragalus_rhizocephalus	172.538
Astragalus_verus	151.732
Astragalus_aeluropus	0
Astragalus_austiniae	219
Astragalus_albertii	108
Astragalus_zionis	82.24
Astragalus_convallarius	143.27
Astragalus_archibaldii	79
Astragalus_forrestii	175
Oxytropis_maydelliana	479.31
Astragalus_chrysopterus	179.667
Astragalus_strictus	210.219
Astragalus_kronenburgii	86
Astragalus_palibinii	234.65
Astragalus_altaicola	173.2
Astragalus_podolobus	88.1667
Astragalus_daenaensis	72.3333
Astragalus_vagus	93
Astragalus_campylorhynchus	101
Astragalus_beatleyae	45
Astragalus_austroargentinus	56
Astragalus_ravenii	153.571
Astragalus_bourgovii	220.37
Astragalus_camptoceras	70.6667
Astragalus_fialae	176.75
Astragalus_schimperi	65.7955
Astragalus_altimurensis	80.75
Astragalus_hololeios	64.25
Astragalus_sungpanensis	232
Oxytropis_savellanica	193
Astragalus_harpocarpus	70.5
Astragalus_megalocystis	56.5
Astragalus_schugnanicus	199
Astragalus_bakuensis	89.5
Astragalus_mailiensis	75
Astragalus_leptophysus	65
Astragalus_pterocarpus	60.1364
Astragalus_ordubadensis	97.5
Astragalus_sogdianus	0
Astragalus_tanaiticus	186.2
Astragalus_campylosema	189.444
Astragalus_roseus	100.5
Astragalus_heterodontus	107.667
Astragalus_robustus	163.429
Astragalus_pulcher	110.333
Astragalus_popovii	71.6667
Astragalus_michauxii	116.235
Astragalus_floridus	259.222
Astragalus_oreganus	106.833
Astragalus_sterilis	92.2857
Astragalus_nigricalycis	0
Astragalus_drabelliformis	87.5833
Astragalus_parvicarinatus	0
Astragalus_inflexus	135.273
Astragalus_alatavicus	187.333
Astragalus_subcinereus	104.449
Astragalus_looseri	121.5
Astragalus_freitagii	65.5
Astragalus_drummondii	135.033
Astragalus_ochroleucus	93
Astragalus_trigonus	91.2857
Astragalus_orcuttianus	78.6111
Astragalus_diaphanus	140.786
Astragalus_vicarius	79.75
Astragalus_tricarinatus	63.5567
Astragalus_mackewiczii	91.5
Astragalus_levitubus	162
Astragalus_guatemalensis	235.968
Astragalus_irinaea	67.5
Astragalus_alopecurus	287.104
Astragalus_brahuicus	36
Astragalus_himalayanus	256.6
Astragalus_clusii	106.914
Astragalus_hartwegii	161.952
Astragalus_longipetalus	207.455
Astragalus_harbisonii	114.75
Astragalus_rhodosemius	82.3
Astracantha_bethlehemitica	78.2222
Astragalus_microcystis	160.717
Astragalus_fangensis	0
Astragalus_sangonensis	57.1667
Astragalus_moencoppensis	65.3551
Astragalus_arguricus	178
Astragalus_ajfreidii	110
Astragalus_ruscifolius	79.5
Astragalus_masenderanus	159
Astragalus_hintonii	242.733
Oxytropis_campanulata	253.013
Astragalus_oxyglottis	115.939
Astragalus_aqrabatensis	99
Astragalus_aloisii	52.5
Astragalus_sepultipes	88.12
Oxytropis_lagopus	162.534
Astragalus_griffithii	155.4
Astragalus_angustatus	40
Astragalus_pseudonobilis	134.667
Astragalus_recognitus	27
Astragalus_chionanthus	173.333
Astragalus_murinus	90.5
Astragalus_sachanewii	118
Astragalus_franziskae	71
Astragalus_saxifractor	90
Astragalus_harpilobus	100.875
Astragalus_darumbium	151
Astragalus_stocksii	101.5
Astragalus_chubutensis	112.429
Astragalus_sikokianus	135.667
Astragalus_macrobotrys	79.3333
Astragalus_crassicarpus	144.51
Astragalus_microdontus	55.3333
Astragalus_riouxii	77.6667
Astragalus_graecus	68
Astragalus_mossulensis	76.75
Astragalus_camelorum	28.3333
Lessertia_capitata	88.1053
Astragalus_geminiflorus	337.98
Astragalus_austinae	219.667
Astragalus_multijugus	61.5
Astragalus_algarbiensis	135.571
Astragalus_acaulis	261.324
Astragalus_brevifolius	234.63
Astragalus_macropelmatus	80.2857
Astragalus_aucheri	144.636
Astragalus_muelleri	180.917
Astragalus_tschujensis	239.273
Astragalus_sinaicus	118.356
Astragalus_sphaeranthus	60.6667
Astragalus_argentinus	90
Astragalus_falcigerus	91.25
Astragalus_turbinatus	81.4
Astragalus_fragiferus	79.2
Astragalus_tabrisianus	31.5
Astragalus_bolanderi	186.326
Astragalus_asper	218.058
Astragalus_monadelphus	308.833
Astragalus_chiukiangensis	169.5
Astragalus_cibarius	157.946
Astragalus_buchtormensis	249.962
Astragalus_macrotrichus	229.786
Astragalus_umbellatus	521.337
Astragalus_canoflavus	92
Astragalus_sempervirens	293.573
Astragalus_spruneri	139.81
Astragalus_rubrolineatus	91
Astragalus_pomonensis	96.5204
Astragalus_baissunensis	78.3333
Oxytropis_ochrantha	204
Astragalus_complicatus	110.5
Astragalus_anxius	96.1111
Astragalus_anni-novi	62.75
Astragalus_pueblae	97.3333
Astragalus_polaris	569.609
Astragalus_shiroumensis	384.884
Astragalus_citrinus	105.167
Astragalus_neocarpus	38
Astragalus_tanguticus	45
Astragalus_cancellatus	153.857
Astragalus_orbiculatus	0
Astragalus_ajubensis	76.8333
Astragalus_duchesnensis	94.029
Astragalus_eremophilus	108.469
Astragalus_epiglottis	121.882
Astragalus_jejunus	128.224
Astragalus_kavirensis	48.5
Astragalus_fenzelianus	239.167
Astragalus_stella	130.184
Astragalus_fabaceus	151.583
Astragalus_maxwellii	213.778
Astragalus_parwanicus	72.3333
Oxytropis_macrocarpa	192.125
Astragalus_tortipes	47.5
Astragalus_pringlei	138.059
Astragalus_pellitus	99
Astragalus_depressus	265.857
Astragalus_kaghysmani	57.5
Astragalus_griseus	88.8
Astragalus_americanus	246.57
Astragalus_sinaloae	216.5
Astragalus_alopecias	97.3333
Astragalus_bergii	112.304
Astragalus_smithianus	256
Astragalus_secundus	207
Oxytropis_falcata	169.167
Astragalus_calycinus	183.444
Astragalus_platytropis	181.549
Astragalus_connectens	72.5
Astragalus_detritalis	119.83
Astragalus_infestus	106.667
Astragalus_phoenix	40.6944
Astragalus_melilotoides	215.487
Astragalus_mendocinus	73
Astragalus_nummularius	153.833
Astragalus_sahendi	163.333
Astragalus_bryantii	28
Astragalus_sanctorum	121.8
Astragalus_lilacinus	131.25
Astragalus_zagrosicus	99.5
Astragalus_laccoliticus	61
Oxytropis_microphylla	202.72
Astragalus_rusbyi	125.294
Astragalus_havianus	102.6
Astragalus_jaegerianus	33.2
Astragalus_maroccanus	59
Astragalus_agnicidus	144.842
Astragalus_sabulonum	54.161
Oxytropis_pauciflora	241.374
Astragalus_incertus	265
Astragalus_wingatanus	103.823
Astragalus_robbinsii	224.465
Astragalus_dodtii	137.75
Astragalus_discolor	0
Astragalus_habamontis	81
Astragalus_mongholicus	247.229
Astragalus_pseudocyclophyllus	58.75
Astragalus_desereticus	164.222
Astragalus_dependens	0
Astragalus_castaneiformis	99.5763
Astragalus_rytidocarpus	273.353
Oxytropis_mertensiana	515.203
Astragalus_saganlugensis	125.667
Astragalus_fridae	55
Astragalus_caeruleopetalinus	183
Tragacantha_densifolia	161.556
Oxytropis_kansuensis	257.939
Astragalus_parryi	130.219
Oxytropis_adamsiana	341.071
Astragalus_iodanthus	94.3358
Astragalus_argutensis	216.286
Astragalus_freynii	367.2
Astragalus_hemiphaca	108
Astragalus_subarcuatus	202.25
Astragalus_gebleri	83.3333
Astragalus_mohavensis	59.4497
Astragalus_subverticillatus	68
Astragalus_ackermanii	67.7143
Astragalus_dignus	222.2
Astragalus_heptapotamicus	115
Astragalus_alpamarcae	123.5
Astragalus_laspurensis	87
Astragalus_sericophyllus	163.842
Astragalus_satoi	69
Astragalus_camptopus	73.4127
Astragalus_przewalskii	231.778
Astragalus_pseudoindurascens	73.5
Astragalus_carinatus	118.5
Astragalus_manucehrii	73
Astragalus_latifolius	213
Astragalus_dzebrailicus	87
Astragalus_reuterianus	63
Astracantha_pterocephala	99.6667
Astragalus_woodruffii	62.8125
Astragalus_icmadophilus	148
Astragalus_maireanus	59.5
Astragalus_calamistratus	77.5
Astracantha_oleifolia	150
Astragalus_circumdatus	110.395
Astragalus_waterfallii	88.4231
Astragalus_tamiricus	62.5
Astragalus_fastidius	80.3906
Astragalus_xanthoxiphidiopsis	110
Astragalus_cochabambensis	77
Astragalus_ammotrophus	0
Astragalus_tolmaczevii	444.25
Astragalus_pseudomultijugus	84
Astragalus_rosellus	139
Astragalus_cysticalyx	90
Astragalus_sophoroides	37.32
Astragalus_emoryanus	94.9811
Astragalus_hamiltonii	92.2821
Astragalus_subvestitus	109.429
Astragalus_elymaiticus	59.5
Astragalus_mulfordiae	91
Oxytropis_besseyi	143.041
Astragalus_bibullatus	85.3
Astragalus_demetrii	204.25
Astragalus_akkensis	107.5
Astragalus_veresczaginii	85
Astragalus_varus	175.75
Oxytropis_campestris	381.032
Astragalus_schahrudensis	74.3333
Astragalus_melanocalyx	22
Astragalus_pauperculus	100.603
Astragalus_perianus	148.086
Astragalus_adulterinus	92.5
Astragalus_asterias	89.7282
Astragalus_hauarensis	62.0256
Astragalus_chomutowii	152.25
Oxytropis_nigrescens	456.912
Astragalus_eugenii	150.5
Astracantha_caucasica	146.5
Astragalus_jodostachys	169
Astragalus_colhuensis	42
Astragalus_vereskensis	99.5
Astragalus_cyri	120.333
Astragalus_pseudobrachystachys	48.25
Astragalus_bakaliensis	40
Astragalus_longissimus	141.571
Astragalus_jesdianus	36
Onobrychis_conferta	209.674
Astragalus_jagnobicus	126
Astragalus_nuttallii	162.918
Astragalus_shagalensis	81
Astragalus_persicus	144.167
Astragalus_ferganensis	57.5
Astragalus_stipitatus	187.417
Astragalus_lorinserianus	64.5
Astragalus_terracianoi	93
Astragalus_reticulatus	114
Astragalus_luxurians	173
Astragalus_allochrous	81.2112
Astragalus_utahensis	154.356
Astragalus_kirpicznikovii	124.25
Astragalus_triradiatus	110.5
Astragalus_shultziorum	164.615
Astragalus_kialensis	220.8
Astragalus_kaufmannii	291.089
Astragalus_johannis-howellii	108.558
Astragalus_sanandajianus	78.5
Astragalus_piscinus	108.5
