Oxytropis_deflexa	1131.49
Astragalus_polyphyllus	959.25
Astragalus_kurtschumensis	1028.8
Astragalus_intarrensis	696
Astragalus_neolipskyanus	1159.5
Astragalus_penduliflorus	1052.86
Astragalus_famatinae	1120.5
Astragalus_idaeus	608.5
Astragalus_cryptanthus	897.75
Astragalus_schistosus	1151
Astragalus_kabadianus	691.5
Oxytropis_exserta	870.636
Astragalus_peckii	1126.08
Astragalus_paposanus	1058.2
Astragalus_ceramicus	1465.34
Astragalus_ernestii	1201.42
Astragalus_sardaimionensis	1122.4
Astragalus_lagopoides	1295.48
Astragalus_umbraticus	1087.44
Astragalus_mirabilis	1083
Astragalus_aksuensis	1191.62
Astragalus_uraniolimneus	1093.43
Astragalus_cuyanus	784
Astragalus_tehuelches	819.667
Astragalus_brandegeei	1455.94
Astracantha_denudata	1220.92
Astragalus_howellii	1323.7
Astragalus_borodinii	1056.25
Astragalus_thurberi	1466.14
Astragalus_lessertioides	1009.8
Astragalus_zohrabi	908
Astragalus_substipitatus	674
Astragalus_batangensis	1135.75
Astragalus_tennesseensis	1472.47
Astragalus_salsugineus	633.5
Astragalus_pulviniformis	948.2
Astragalus_subumbellatus	1392.51
Astragalus_diphacus	1305
Astragalus_ammodytes	544
Astragalus_brachyodontus	1017.25
Astragalus_domeykoanus	945.714
Astragalus_lurorum	712.5
Astragalus_achundovii	685.5
Astragalus_lacei	723
Astragalus_coriaceus	1308
Astragalus_xiphidium	1233.71
Oxytropis_tianschanica	933.4
Astragalus_phlomoides	732.5
Astragalus_durandianus	948.333
Astragalus_caprinus	1491.19
Astragalus_urceolatus	940.667
Astragalus_canadensis	1356.43
Astragalus_mangeri	979
Astragalus_cymbicarpos	1455.59
Astragalus_pseudoborodinii	939
Astragalus_leiosemius	716.5
Astragalus_verticillatus	431.5
Astragalus_asymmetricus	1530.04
Astragalus_flexus	1350.07
Astragalus_peterae	1082.11
Astragalus_anserinus	1305.9
Astragalus_eurekensis	1358.03
Astragalus_polozhiae	838
Astragalus_conspicuus	927.667
Astragalus_multiceps	1225.22
Astragalus_podocarpus	946.75
Astragalus_eremiticus	1420.42
Astragalus_stalinskyi	1051.75
Astragalus_cimae	1451.94
Astragalus_tortuosus	1026.75
Astragalus_denticulatus	701
Astragalus_eucosmus	1048.66
Astragalus_reventiformis	1325.75
Astragalus_patagonicus	1069.33
Astragalus_gilgitensis	1195.5
Astragalus_kunlunensis	728
Astragalus_bezudensis	1223.5
Astragalus_atwoodii	1188.8
Astragalus_ovigerus	721
Astragalus_campylotrichus	1168
Astragalus_spatulatus	1422.26
Astragalus_holmgreniorum	1433.18
Astragalus_graveolens	1285.64
Oxytropis_jordalii	917.203
Astragalus_iselyi	1323.18
Astragalus_odoratus	1258.55
Astragalus_harrisonii	1383.64
Astragalus_misellus	1302.79
Astragalus_sesquiflorus	1431.43
Oxytropis_albana	1114.44
Astragalus_jiuquanensis	713
Astragalus_cytisoides	950
Astragalus_kralikii	1285.17
Astragalus_triflorus	1238.16
Astragalus_boeticus	1484.4
Astragalus_goldmanii	1250.36
Astragalus_vulpinus	1260.62
Astragalus_macropterus	1184.47
Astragalus_diminutivus	1114.5
Astragalus_uniflorus	1137.12
Astragalus_khoshjailensis	920.667
Astragalus_shelkovnikovii	1137.83
Astragalus_gorodkovii	447
Astragalus_cognatus	633.5
Astragalus_basineri	1220.88
Astragalus_miser	1256.13
Astragalus_salmonis	1339.12
Astragalus_angarensis	1093.74
Astragalus_yunnanensis	1150.3
Astragalus_schmalhausenii	1240.33
Astragalus_monanthemus	1054
Oxytropis_oreophila	1328.43
Astragalus_caroli-henrici	695.5
Astragalus_leucolobus	1380.38
Astragalus_megalanthus	1075.47
Astragalus_setosulus	991.75
Astragalus_biebersteinii	997.75
Astragalus_ornithopodioides	1285.67
Astragalus_desperatus	1473.82
Astragalus_viridis	1184.25
Astragalus_sinicus	1251.54
Astragalus_chaetodon	0
Astragalus_tremolsianus	1111.33
Astragalus_melanodon	1037.17
Astragalus_pseudojohannis	701
Astragalus_psilocentros	1370.81
Astragalus_atropubescens	1298.72
Astragalus_vaccarum	1357.59
Astragalus_sesamoides	1071
Astragalus_adanus	1306.6
Astragalus_distortus	1540.47
Astragalus_gaubae	740.5
Astragalus_luteolus	1114.11
Astragalus_hypsogenus	1119.86
Astragalus_kungurensis	777.25
Astragalus_calliphysa	1161.17
Astragalus_euchlorus	1051.5
Astragalus_galegiformis	1247.57
Astragalus_limprichtii	1143.29
Astragalus_layneae	1484.71
Astragalus_racemosus	1491.69
Astragalus_basiflorus	688.5
Astragalus_limnocharis	1259.82
Astragalus_egglestonii	1402.31
Astragalus_neobarnebyanus	835
Astragalus_cremnophylax	1317.1
Astragalus_lancearius	1433.45
Astragalus_discernendus	1077.5
Astragalus_debequaeus	1359.75
Astragalus_callistachys	708.5
Astragalus_puniceus	1437.64
Astragalus_parvus	1293
Astragalus_solitarius	1394.85
Astragalus_chionobiiformis	612
Astragalus_speirocarpus	1375.2
Oxytropis_czukotica	973.927
Astragalus_brachycarpus	1281.2
Astragalus_dielsii	964.333
Astragalus_sikkimensis	933.5
Astragalus_monticola	1001.83
Astragalus_sutchuenensis	1191.9
Astragalus_hymenocystis	726
Astragalus_casapaltensis	831.667
Astragalus_soxmaniorum	1541.12
Astragalus_beketowi	968
Astragalus_sedaensis	636.5
Astragalus_isphairamicus	580
Astragalus_schmolliae	1101
Astragalus_aboriginum	1041.15
Astragalus_welshii	1207.67
Astragalus_lacteus	1162.73
Astragalus_scaphoides	1304.47
Astragalus_bellus	949.8
Astragalus_alvordensis	1381.83
Astracantha_diphtherites	1201
Astragalus_eriocarpus	1293.82
Astragalus_sangimashensis	958.667
Astragalus_khasianus	1076.83
Astragalus_bisulcatus	1430.14
Astragalus_vesicarius	1289.68
Astragalus_balearicus	947
Astragalus_deanei	1462.96
Astragalus_megalomerus	1045.75
Astragalus_amphioxys	1480.44
Astragalus_trichopodus	1513.4
Astragalus_loanus	1129
Astragalus_unifoliolatus	1210.83
Astragalus_micromerius	1366.45
Astragalus_owirensis	577.5
Astragalus_spinescens	687
Astragalus_oroproselius	693
Astragalus_hartmanii	957
Oxytropis_jonesii	938
Astragalus_takhtadzhjanii	1217.44
Astragalus_alopecuroides	1454.84
Astragalus_plattensis	1545.83
Astragalus_crassifolius	995.875
Astragalus_coronilla	938
Astragalus_inaequalifolius	877.333
Astragalus_dictamnoides	594
Astragalus_adpressipilosus	887.75
Oxytropis_immersa	1030.17
Astragalus_peltatus	980.25
Astragalus_ptychophyllus	1188
Astragalus_reesei	754
Astragalus_polyceras	869.667
Astragalus_remotiflorus	1101.2
Astragalus_helmii	1093.19
Astragalus_pseudokurrumensis	673
Astragalus_magellanicus	749
Astragalus_petropolitanus	1003.33
Astragalus_dingjiensis	647
Astragalus_andaulgensis	588
Astragalus_crymophilus	971.4
Astragalus_chordorrhizus	796
Astragalus_illinii	993.429
Astragalus_kentrophyta	1319.86
Astragalus_chamaemeniscus	1388.79
Astragalus_palenae	1037.05
Astragalus_registanicus	953
Astragalus_maassoumii	673.5
Astragalus_fedtschenkoanus	1119.17
Astragalus_gracilidentatus	660.5
Astragalus_limariensis	643.5
Oxytropis_coerulea	1098.49
Astragalus_cyaneus	1349.8
Astragalus_anthosphaerus	937
Astragalus_corniculatus	1150.33
Astragalus_barnebyi	1142
Astragalus_abbreviatus	858
Astragalus_purpusii	1254.95
Astragalus_brachypetalus	1147.4
Astragalus_pinonis	1398.46
Astragalus_maurus	1118.4
Astragalus_suberosus	1402.18
Astragalus_laguroides	1166.47
Astragalus_rattanii	1373.62
Astragalus_psilolobus	675.5
Astragalus_fraxinifolius	1094.6
Astragalus_humistratus	1427.79
Astragalus_callichrous	1497.41
Astragalus_vogelii	1197.4
Astragalus_gueldenstaedtiae	697
Astragalus_wrightii	1527.31
Astragalus_zingeri	1116.29
Astragalus_pennellianus	1141.6
Astragalus_toquimanus	1314.12
Astragalus_daghestanicus	1116.86
Astragalus_confertus	1180.28
Astragalus_fruticosus	1117.48
Astragalus_atropurpureus	1073.2
Astragalus_pseudoaustralis	977.889
Astragalus_orthocarpus	787.5
Astragalus_medius	1079.57
Astragalus_khwaja-muhammadensis	707
Carmichaelia_violacea	514.5
Astragalus_schinetorum	588
Astragalus_agraniotii	882.667
Astragalus_tumninensis	480.5
Astragalus_aspreticola	719.5
Astragalus_argophyllus	1349.54
Astragalus_dianthus	1170.8
Astragalus_urbanianus	641.5
Astragalus_accumbens	1218.38
Oxytropis_humifusa	1166.39
Astragalus_wenxianensis	493
Astragalus_sharestanicus	707.5
Astragalus_polycladus	1241.88
Astragalus_nitidiflorus	1279.5
Oxytropis_pilosa	1215.78
Astragalus_hispidulus	1465
Astragalus_wetherillii	1354.84
Astragalus_mucidus	1089
Astragalus_remotus	1437.06
Astragalus_calycosus	1413.81
Astragalus_congdonii	1362.95
Astragalus_agrestis	1349.71
Astragalus_kohrudicus	737
Astragalus_haesitabundus	1090.33
Astragalus_arcuatus	633.5
Astragalus_crassispinus	697.5
Oxytropis_obnapiformis	980
Astragalus_chrysostachys	1204.14
Astragalus_hoodianus	1304.62
Astragalus_rzaevii	688.5
Astragalus_aegobromus	1277.1
Sutherlandia_microphylla	1375.88
Astragalus_quinquefoliolatus	732.5
Astragalus_hypoglottis	1301.9
Astragalus_coccineus	1477.93
Astragalus_panduratus	735
Astragalus_cronquistii	1441.65
Astragalus_tribuloides	1474.64
Astragalus_shevockii	1222
Astragalus_austrosibiricus	1100.05
Astragalus_karkarensis	926.667
Astragalus_greggii	1322.28
Oxytropis_racemosa	1257.38
Astragalus_varius	1267.53
Astragalus_mayeri	1260.38
Astragalus_didymocarpus	1521.01
Astragalus_simplicifolius	1394.9
Astragalus_agameticus	732
Astragalus_cymboides	1419.85
Astragalus_monumentalis	1471.71
Astragalus_zanskarensis	1222.88
Astragalus_edmondsonii	683.5
Astragalus_peterfii	1034.75
Astragalus_kirrindicus	921.333
Astragalus_eusarathron	729
Astragalus_macropodium	640
Astragalus_politovii	799.333
Astragalus_georgii	687
Astragalus_oniciformis	1288.58
Astragalus_fucatus	1491.22
Astracantha_gummifera	1322.25
Astragalus_pusillus	1175.74
Astragalus_spaldingii	1359.49
Astragalus_daleae	1068
Astragalus_turczaninowii	1129
Erophaca_baetica	1457.87
Astragalus_pattersonii	1400.93
Sphaerophysa_salsula	1428.12
Astragalus_confusus	612.5
Astragalus_maximowiczii	991
Astragalus_clerceanus	906.571
Astragalus_stepporum	764
Astragalus_arizonicus	1492.06
Astragalus_bashgalensis	739.5
Astracantha_aurea	1261.33
Astragalus_cretaceus	1450.34
Astragalus_tongolensis	1172.39
Astragalus_ornithorrhynchus	880.333
Astragalus_accidens	1311.89
Astragalus_ruiz-lealii	784
Astragalus_hypoleucus	1305.72
Astragalus_inyoensis	1381.5
Astragalus_ovatus	977.5
Astragalus_laricus	917.667
Astragalus_longidentatus	1469.56
Astragalus_macroceras	1145.97
Astragalus_erivanensis	889
Astragalus_lotiflorus	1488
Oxytropis_chionobia	1050.32
Astragalus_kirilovii	855.333
Astragalus_purpurascens	735
Astragalus_auratus	659.5
Astragalus_kessleri	675
Astragalus_sesameus	1445.29
Astragalus_moranii	1359.69
Astragalus_acmophylloides	663
Astragalus_pyrrhotrichus	1230.3
Astragalus_firuzkuhensis	742
Astragalus_hypogaeus	1071.78
Astragalus_scutaneus	1232.27
Astragalus_leontinus	1045.71
Astragalus_jolderensis	964.333
Astragalus_tricholobus	1083
Astragalus_webberi	1169.39
Astragalus_lineatus	1191.95
Astragalus_clarkeanus	461.5
Astragalus_cachinalensis	1018.4
Astragalus_sieversianus	1321.43
Astragalus_molestus	1135.8
Astragalus_sumbari	745
Astragalus_gibbsii	1372.77
Astragalus_oocalycis	1446.84
Astragalus_canescens	696
Astragalus_filicaulis	1413.72
Astragalus_caricinus	1417.07
Astragalus_fissuralis	1185.64
Astragalus_gladiatus	1303.31
Astragalus_arkalycensis	1114.33
Astragalus_laxmannii	1311.91
Astragalus_yumenensis	693
Astragalus_paraplesius	687
Astragalus_sevangensis	1235.65
Astragalus_curvicarpus	1368.71
Astragalus_chlorostegius	731
Astragalus_elatior	724.5
Astragalus_nivalis	1164.91
Astragalus_neglectus	1348.97
Astragalus_nuttallianus	1514.22
Astragalus_clevelandii	1372.24
Astragalus_recurvus	1399.53
Astragalus_hajastanus	873.667
Astragalus_chorinensis	928.167
Astragalus_paralurges	730.5
Astragalus_varzobicus	696.5
Astracantha_strobilifera	963.333
Astragalus_oreades	910.273
Astragalus_leptocaulis	646
Astragalus_munroi	1205.1
Astragalus_olgae	993.2
Astragalus_atricapillus	727.333
Astragalus_echinops	1333.67
Astragalus_knightii	756.5
Astragalus_bornmuellerianus	994.5
Astragalus_laetus	1107.6
Astragalus_neoburkartianus	572.5
Astragalus_subalpinus	675.5
Astragalus_scorpioides	1464.4
Astragalus_grahamianus	1237.32
Astragalus_micranthellus	1216.94
Astragalus_tarijensis	1187.13
Astragalus_ampullarius	1452.62
Astragalus_echinatus	1455.97
Astragalus_gymnopodus	662.5
Astragalus_brachybotrys	1137.5
Astragalus_macropetalus	868
Astragalus_chilienshanensis	781
Astragalus_aksaricus	839
Astragalus_miguelensis	1109.75
Astragalus_psilacanthus	1257.12
Astragalus_episcopus	1480.89
Astragalus_licentianus	1088.4
Astragalus_variabilis	1121.6
Astragalus_balchaschensis	714.5
Astragalus_prorifer	1444.8
Astragalus_froedinii	985
Astragalus_richii	994.333
Astragalus_angreni	1047.25
Astragalus_erythrolepis	930.333
Astragalus_purshii	1366.36
Astragalus_johnstonii	752.5
Astragalus_harringtonii	838.909
Astragalus_paktiensis	933
Astragalus_brachytropis	1049.2
Astragalus_joergensenii	1203
Astragalus_geniculatus	1331.11
Astragalus_saralensis	1018.79
Astragalus_filipes	1368.44
Astragalus_cuatrecasasii	588
Oxytropis_jacquinii	1012.24
Astragalus_schmidii	662
Astragalus_distinens	1160.82
Astragalus_holosemius	719
Astragalus_oophorus	1394.28
Astragalus_altus	1128
Astragalus_erionotus	1250.93
Astragalus_ortholobus	720.667
Astragalus_squarrosus	1272.6
Astragalus_kudrjaschovii	704
Astragalus_neomexicanus	1183
Astragalus_ophiocarpus	1381.52
Astragalus_lutosus	1354.06
Astragalus_conjunctus	1345.8
Astragalus_coahuilae	1287.07
Astragalus_teheranicus	1184
Astragalus_eriopodus	1291.6
Astragalus_ochreatus	664.5
Astragalus_chamissonis	1083.6
Astragalus_donianus	1112.38
Astragalus_geyeri	1449.19
Astragalus_duanensis	666.5
Astragalus_bicolor	1108.5
Astragalus_regiomontanus	1077
Astragalus_huthianus	934.333
Astragalus_lunatus	688
Astragalus_whitneyi	1212.85
Astragalus_gompholobium	661.5
Astragalus_saetiger	929.667
Astragalus_curvirostris	1151.8
Astragalus_semnanensis	1076.5
Astragalus_yoder-williamsii	1305.05
Astragalus_oocarpus	1455.57
Astragalus_raphiodontus	1051
Astragalus_sanctae-crucis	962.5
Astragalus_sericopetalus	671
Astragalus_nigrivestitus	642.5
Astragalus_panamintensis	1360.29
Astragalus_pseudoamygdalinus	655
Astragalus_praelongus	1484.28
Astragalus_ancistrocarpus	1329.5
Astragalus_antheliophorus	743.5
Astragalus_arbuscula	868.333
Astragalus_dictyolobus	1130.2
Astragalus_vexilliflexus	1227.14
Astragalus_hymenocalyx	719
Astragalus_falconeri	1226.93
Astragalus_feensis	1199.4
Astragalus_gracilis	1483.19
Astragalus_sanguineus	1323.6
Astragalus_syreitschikovii	949.333
Astragalus_sheldonii	1270.85
Astragalus_esperanzae	1206.35
Astragalus_albulus	1475.63
Oxytropis_strobilacea	1109.04
Astragalus_bhotanensis	1261
Astragalus_minutissimus	987.6
Astragalus_ampullarioides	1237.43
Astragalus_rimarum	646
Astragalus_trigonocarpus	812
Astragalus_oocephalus	1402.62
Astragalus_anemophilus	1444.35
Astragalus_lepsensis	1148.78
Astragalus_eurylobus	1411.76
Astragalus_gruinus	1381.69
Astragalus_huiningensis	1042.83
Astragalus_danicus	1192.25
Astragalus_straussii	694
Astragalus_macrourus	1118.17
Astragalus_pauperiflorus	891.667
Astragalus_erythrosemius	932.667
Astragalus_radicans	1157.53
Astragalus_diversifolius	1319.09
Astragalus_pseudomegalomerus	991.333
Astragalus_berteri	1322.67
Astragalus_tragacantha	1386.65
Astragalus_henryi	1156.14
Astragalus_atropilosulus	1221.01
Astragalus_schanginianus	1133.96
Astragalus_salatavicus	846.667
Astragalus_melanostachys	1129.84
Astragalus_bicristatus	1360.02
Astragalus_mikrophyton	683.5
Astragalus_cicer	1255.31
Astragalus_longistipitatus	643
Astragalus_pavlovii	693
Astragalus_paradoxus	698.5
Astragalus_zacatecanus	1064
Astragalus_groetzbachii	725
Astragalus_shatuensis	674
Astragalus_compressus	1089.5
Astragalus_sinuatus	1280.55
Astragalus_brauntonii	1492.65
Astragalus_aquilanus	1055.5
Astragalus_sanczirii	727
Astragalus_hymenostegis	614.5
Astragalus_ovoideus	1129.8
Astragalus_perdurans	941.333
Astragalus_effusus	1168.83
Astragalus_szovitsii	1248.4
Astragalus_badamensis	834.333
Astragalus_preussii	1470.33
Astragalus_microphysa	1190.86
Astragalus_saurinus	1430.73
Astragalus_beckerianus	1041
Astragalus_rafaelensis	1419.1
Oxytropis_splendens	1169.16
Astragalus_capillipes	1120.17
Astragalus_macropus	1179.62
Astragalus_francisquitensis	1323.41
Astragalus_dumetorum	870.667
Astragalus_arthurii	1296.8
Astragalus_moyanoi	753
Oxytropis_neglecta	1095.21
Astragalus_quinqueflorus	1287.25
Astragalus_ponticus	1269.82
Astragalus_levieri	995.087
Oxytropis_yunnanensis	1163.76
Astragalus_trichocarpus	1249.5
Astragalus_consobrinus	1307.43
Astragalus_rostratus	677.5
Astragalus_serenoi	1415.71
Astragalus_lycioides	1157
Astragalus_jabbor-khailii	951
Astragalus_linifolius	1398.88
Astragalus_arnoldii	1148.5
Astragalus_vanillae	958.667
Astragalus_coluteocarpus	1287.95
Hedysarum_boreale	1246.36
Astragalus_buschiorum	970.25
Astragalus_miyalomontis	538
Astragalus_bachmarensis	516
Astragalus_ellipsoideus	1027.25
Astragalus_stenocystis	862
Astragalus_herbertii	683.5
Astragalus_chinensis	1131.43
Astragalus_goniatus	1166.05
Astragalus_musiniensis	1451.22
Astragalus_lehmannianus	1319.92
Astragalus_tugarinovii	1098.6
Astragalus_lasiopetalus	835
Astragalus_hancockii	961.417
Astragalus_arrectus	1336.27
Astragalus_bungeanus	1280.21
Astragalus_frigidus	986.886
Astragalus_macrotropis	1129.67
Astragalus_siahderrensis	687
Astragalus_sabuletorum	544
Astragalus_lumsdenianus	687
Astragalus_pamirensis	1136.4
Astragalus_longipetiolatus	720
Astragalus_diopogon	724
Astragalus_lindheimeri	1609.63
Astragalus_clandestinus	540.5
Astragalus_holophyllus	700
Astragalus_persepolitanus	1310.64
Astragalus_pubentissimus	1414.28
Oxytropis_bicolor	1346.41
Astragalus_arnottianus	1091.42
Astragalus_ankylotus	542
Astragalus_platyphyllus	1212.2
Astragalus_riparius	1147.83
Astragalus_hyalolepis	1083.67
Astragalus_kazbeki	951.714
Astragalus_muliensis	1056
Astragalus_orbicularifolius	1158.62
Astragalus_alyssoides	1148.57
Astragalus_baionensis	1209.7
Oxytropis_scammaniana	971.842
Astragalus_valparadisiensis	657.333
Oxytropis_poncinsii	1148.74
Astragalus_arequipensis	1221.48
Astragalus_webbianus	1141.25
Astragalus_siliceus	1330.67
Oxytropis_nutans	712.5
Astragalus_stenanthus	1156.6
Astragalus_grubovii	1050
Astragalus_coquimbensis	1257.12
Astragalus_brachycentrus	991.667
Astragalus_raddei	1170
Astragalus_albicaulis	1266.06
Astragalus_nigrolineatus	732
Astragalus_ammodendron	1278.2
Astragalus_strigulosus	1248.05
Astragalus_inopinatus	1112.47
Astragalus_australis	1105.6
Astragalus_mucronifolius	1280.75
Astragalus_kifonsanicus	1245.18
Astragalus_trachoniticus	947.333
Astragalus_souliei	1012.2
Astragalus_cracca	588
Astragalus_amblytropis	1249.18
Astragalus_ertterae	1281
Astragalus_granitovii	665
Astragalus_juratzkanus	1309.8
Astragalus_megacarpus	1382.71
Astragalus_glabellus	796
Astragalus_testiculatus	1207.27
Astragalus_jaliscensis	1250.23
Astragalus_nuciferus	1074.83
Astragalus_stenolepis	920
Astragalus_hamosus	1461.14
Astragalus_bombycinus	1387.2
Astragalus_vesiculosus	1044.94
Astragalus_flavus	1471.62
Astragalus_oihorensis	682
Astragalus_marinus	932.125
Astragalus_propinquus	1094.94
Astragalus_verrucosus	1227.71
Astragalus_tenellus	1324.47
Astragalus_columbianus	1247.11
Astragalus_brazoensis	1584.56
Astragalus_chorizanthus	690.5
Astragalus_amnis-amissi	1106.38
Astragalus_johannis	1250.5
Astragalus_gentryi	1301.95
Astragalus_carmanicus	675
Astragalus_piptocephalus	1040.75
Astragalus_fabrisii	789
Astragalus_oxyodon	876.75
Astragalus_minthorniae	1438.82
Astragalus_dulungkiangensis	575
Astragalus_humifusus	1217.38
Astragalus_gorczakovskii	914.375
Astragalus_ammodendroides	954
Astragalus_weberbaueri	1045.72
Astragalus_coltonii	1426.66
Astragalus_tatsienensis	1034.22
Astragalus_rufescens	696.5
Astragalus_centralis	724.5
Astragalus_strigosostipulatus	661.5
Astragalus_glaux	1414.97
Astragalus_guttatus	1429.2
Astragalus_toksunensis	713
Astragalus_leucocladus	861
Astragalus_edulis	1458.48
Astracantha_karabaghensis	1063.6
Astragalus_bifidus	557
Astragalus_ecbatanus	1044.5
Astragalus_nutriosensis	1100.25
Astragalus_demavendicolus	719
Astragalus_cinereus	1088.67
Astragalus_monspessulanus	1331.33
Astragalus_miniatus	1179.73
Astragalus_hololeucoides	1125.6
Phyllolobium_tribulifolium	1257.95
Astragalus_rubriflorus	839.333
Astragalus_naftabensis	1067.4
Astragalus_nutans	1454.23
Astragalus_galiifolius	717.5
Astragalus_susianus	1128.71
Astragalus_siliquosus	1230.18
Astragalus_cryptobotrys	1126
Astragalus_oxyphysus	1522.55
Astragalus_terminalis	1271.92
Astragalus_striatiflorus	1441.67
Astragalus_xylobasis	1245.2
Astragalus_mattam	1076.57
Astragalus_taipaishanensis	846.667
Astragalus_plumbeus	791
Astragalus_sabulosus	1384.22
Astragalus_utriger	1323.04
Astragalus_mercklinii	1213.29
Astragalus_ledinghamii	711
Astragalus_punctatus	714
Astragalus_anacardius	975
Astragalus_peduncularis	1188.51
Astragalus_sparsus	1257.38
Astragalus_bidentatus	527
Astragalus_supinus	995
Astragalus_leptocarpus	1581.42
Astragalus_missouriensis	1477.77
Astragalus_camptodontoides	975.5
Astragalus_applegatii	1002.25
Astragalus_lyallii	1365.55
Astragalus_brachystachys	1433.77
Astragalus_rupifragus	1269.2
Astragalus_pendulinus	991.667
Astragalus_leiophyllus	1067.71
Astragalus_cephalanthus	1307.08
Astragalus_sprucei	900.071
Astragalus_kustanaicus	1083.57
Astragalus_drupaceus	1259.58
Astragalus_pinetorum	1272.68
Astragalus_biovulatus	880.667
Astragalus_exscapus	1285.99
Astragalus_commixtus	1340.5
Astragalus_serpens	1263.62
Smirnowia_turkestana	1287.25
Astragalus_charguschanus	1133
Astragalus_baba-alliar	1071.75
Astragalus_noziensis	644
Astragalus_platysematus	741.5
Astragalus_lipskyi	704
Astragalus_trichanthus	704.5
Astragalus_ciceroides	714.667
Astragalus_deminutivus	1076.43
Astragalus_tibetanus	1225.38
Astragalus_solandri	1363.1
Astragalus_ebenoides	1053
Astragalus_nutzotinensis	946.093
Astragalus_macronyx	1185.57
Astragalus_troglodytus	1398.45
Astragalus_cottonii	654.25
Astragalus_malacus	1425.53
Astragalus_polygala	1031.25
Astragalus_lambinonii	734.5
Astragalus_efoliatus	1189
Astragalus_glumaceus	1056.75
Astragalus_heydei	722.5
Astragalus_equisolensis	1261.57
Astragalus_lasiophyllus	1160.43
Oxytropis_ochotensis	993.214
Astragalus_cobrensis	1378.59
Astragalus_sulfuratus	1069
Astragalus_khaneradarensis	746.5
Astracantha_cerasocrena	1308.58
Astragalus_ensifer	704.5
Astragalus_petraeus	1017.25
Astragalus_puberulus	1076.9
Astragalus_curvicaulis	1076.33
Astragalus_chloodes	1395.82
Astragalus_kerkukiensis	766
Astragalus_barbatus	1176.67
Astragalus_alaschanus	785.667
Astragalus_cavanillesii	1364.05
Astragalus_tupalangi	616
Astragalus_nelidae	1001.86
Astragalus_brevipes	1059
Astracantha_cretica	1215.62
Astragalus_armeniacus	565
Oxytropis_nana	1344.31
Astragalus_consanguineus	633.5
Astragalus_dasyanthus	1269.71
Astragalus_thermensis	978
Astragalus_nivicola	878.111
Oxytropis_ciliata	1080
Astragalus_seidabadensis	712
Astragalus_spegazzinii	953.75
Astragalus_subrosulariformis	676
Astragalus_somcheticus	1223.04
Astragalus_coluteopsis	737
Astragalus_lasiosemius	1277.44
Astragalus_piutensis	1338.92
Astragalus_gypsodes	1292.27
Astragalus_germaini	540.5
Astragalus_burkartii	1168
Astragalus_nigriceps	985.667
Astragalus_apollineus	1040.5
Astragalus_savellanicus	750
Astragalus_intercedens	1427.47
Astragalus_pseudoadsurgens	766
Astragalus_exasperatus	651.5
Astragalus_lentiformis	1167.33
Astragalus_acutifolius	720
Astragalus_pseudohypogaeus	714.5
Astragalus_bodinii	1157.24
Astragalus_anfractuosus	970.75
Astragalus_cisoxanus	725
Astracantha_stenonychioides	1214.88
Astragalus_brachylobus	1299.88
Astragalus_kuschkensis	930
Astracantha_parnassi	1119.44
Astragalus_obcordatus	1466.17
Astragalus_pectinatus	1453.56
Astragalus_traskiae	605.5
Astragalus_gambelianus	1488.39
Astragalus_zerdanus	591
Astragalus_simpsonii	806
Astragalus_jaxarticus	932
Astragalus_wolgensis	1132.4
Astragalus_hyrcanus	1103.8
Astragalus_macrosemius	964.75
Astragalus_balfourianus	1123.75
Astragalus_lemmonii	1290.26
Astragalus_malacoides	1449.31
Astragalus_giganteus	1370.7
Astragalus_douglasii	1475.3
Astragalus_chaidamuensis	1086.6
Astragalus_pardalinus	1421.36
Astragalus_rawianus	678.5
Astragalus_dendroides	988.25
Astragalus_lucidus	607
Astragalus_vavilovii	846
Astragalus_nephtonensis	1303.44
Astragalus_reduncus	1333.81
Astragalus_cottamii	993.333
Astragalus_mahoschanicus	1217.68
Astragalus_grayi	1409.85
Astragalus_mesites	540.5
Astragalus_shinanensis	653.5
Astragalus_djilgensis	522
Astragalus_hirsutus	1207.88
Astracantha_microcephala	1294.62
Astragalus_vaginatus	1041.07
Astragalus_faurei	1030
Astragalus_aequalis	1351.62
Astragalus_versicolor	1131.62
Astragalus_atrovinosus	1108.83
Astragalus_glomeratus	544
Oxytropis_sericea	1367.59
Astragalus_bourgaeanus	1370.21
Astragalus_deterior	1227.33
Astragalus_naturitensis	1438.72
Astragalus_vulcanicus	651.5
Astragalus_lanuginosus	1140.5
Astragalus_reinii	1039
Astragalus_avicennicus	637.5
Astragalus_myrianthus	729.5
Astragalus_cenorrhynchus	623.5
Astragalus_brevidens	1159.5
Astragalus_schrenkianus	1008
Astragalus_rhacodes	648.5
Astragalus_emarginatus	1323.39
Astragalus_anisacanthus	1199
Astragalus_retusifoliatus	513
Astragalus_obscurus	1361.79
Astragalus_curtipes	1483.6
Astragalus_skythropos	1133.07
Astragalus_imitensis	1074.29
Astragalus_neuquenensis	943.4
Astragalus_leptus	1197.5
Astragalus_tephrolobus	885.5
Astragalus_succumbens	1406.14
Astragalus_lyonnetii	1099.86
Astragalus_pakistanicus	647
Astragalus_englerianus	1154.2
Astragalus_pehuenches	1429.25
Astragalus_proximus	1442.8
Astragalus_hemsleyi	687
Astragalus_korovinianus	730.5
Astragalus_vallaris	1293.96
Astragalus_scleroxylon	730
Astragalus_karelinianus	1043.83
Astragalus_mario-sousae	923
Astragalus_chingoanus	614
Astragalus_nematodes	1143.4
Astragalus_breviscapus	1119.4
Astragalus_weddellianus	1213.55
Astragalus_depauperatus	1135.24
Astragalus_dactylocarpus	1426.78
Astragalus_cuscutae	737
Astragalus_crypticus	1125
Astragalus_micrancistrus	945
Astragalus_supervisus	689
Astragalus_nidularius	1426.96
Astragalus_takharensis	687
Astragalus_bracteosus	724.5
Astragalus_pallescens	1172.71
Astragalus_weixinensis	653.5
Astragalus_orthocarpoides	731
Astragalus_iodopetalus	1365.94
Astragalus_acutirostris	1490.13
Astragalus_darwinianus	562.5
Astragalus_demavendicus	1143.71
Astragalus_variegatus	1022
Astragalus_arganaticus	633.5
Astragalus_curviflorus	1163.4
Astragalus_lithophilus	1107
Astragalus_vessalae	697.5
Astragalus_stipulatus	809.75
Astragalus_pseudoversicolor	953
Tragacantha_fasciculifolia	1338.71
Astragalus_reventus	1254.53
Astragalus_impexus	718
Astragalus_magdalenae	1483.44
Astragalus_crotalariae	1526.45
Astragalus_dilutus	1184.49
Astragalus_gombo	1452.87
Astragalus_physodes	1312.26
Astragalus_oxyphysopsis	1351
Astragalus_armatus	1436.2
Astragalus_scaberrimus	1292.99
Astragalus_sparsiflorus	1316.18
Astragalus_tolucanus	1135.87
Astragalus_scopulorum	1378.53
Astragalus_cornutus	1206.07
Astragalus_californicus	1277.84
Astragalus_karakugensis	1260.78
Astragalus_lentiginosus	1448.5
Astragalus_ibrahimianus	1265.55
Astragalus_aschuturi	647
Astragalus_edmondstonei	1159.43
Astragalus_lupulinus	1112.5
Astragalus_lamondiae	687
Astragalus_nudisiliquus	1420.18
Astragalus_aduncus	1377.47
Astragalus_newberryi	1437.47
Astragalus_termeanus	950
Astragalus_endytanthus	1039.75
Astragalus_incanus	1431.08
Astragalus_kolymensis	952.462
Astragalus_degensis	1138.57
Astragalus_sanguinolentus	1159.67
Astragalus_filiformis	1189.05
Oxytropis_lambertii	1435.48
Astragalus_retamocarpus	1245.44
Astragalus_scabrisetus	692.5
Astragalus_oncotrichus	688
Astragalus_scoparius	873
Astragalus_gracilipes	1248.14
Astragalus_hispanicus	1457.92
Astragalus_olchonensis	922.429
Astragalus_abnormalis	697
Astragalus_chamaeleuce	1418.62
Astragalus_plagiophacos	673
Astragalus_carduchorum	1013.75
Astragalus_lalesarensis	1115.33
Astragalus_physocarpus	1013.8
Astragalus_wittmannii	1383.17
Astragalus_asplundii	950.6
Astragalus_flexuosus	1392.75
Astragalus_eriostomus	708.5
Astragalus_nothoxys	1448.42
Astragalus_aleppicus	1474.94
Astragalus_villosus	1495.55
Clianthus_puniceus	1078.75
Astragalus_pauper	634.5
Astragalus_valerianensis	660
Astragalus_globiceps	1088.75
Astragalus_neurophyllus	637.5
Astragalus_oxyrhynchus	1212.88
Astragalus_molybdenus	1135.67
Astragalus_aspindzicus	660
Astragalus_piletocladus	716
Astragalus_beckii	1203.11
Eremosparton_flaccidum	1089.25
Astragalus_tenuifolius	1010
Astragalus_nyensis	1441.42
Astragalus_montigenus	951.25
Astragalus_tener	1586.17
Astragalus_yangtzeanus	932.5
Astragalus_pseudoutriger	888.333
Astragalus_tribulifolius	807.333
Astragalus_helleri	1191.68
Astragalus_speciosus	912.667
Astragalus_angustiflorus	1228.39
Astragalus_kuramensis	1169.5
Astragalus_tephrosioides	934.667
Oxytropis_recognita	1075.24
Astragalus_taschkendicus	691.5
Astragalus_microcymbus	1221
Astragalus_dahuricus	1241.07
Astragalus_porrectus	1415.28
Astragalus_stenoceras	1204.87
Astragalus_erubescens	734
Astragalus_sphaerocystis	697
Astragalus_tyghensis	1246.44
Astragalus_alpinus	1024.44
Astracantha_granatensis	1356.07
Swainsona_formosa	1430.84
Astragalus_littoralis	470
Astragalus_caraganae	1337.25
Astragalus_arbelicus	734.5
Astragalus_castetteri	1190
Astragalus_albens	1420.6
Astragalus_humilis	1107.57
Astragalus_sieberi	1397.86
Astragalus_rahensis	1138.6
Astragalus_contortuplicatus	1282.56
Astragalus_saccatus	732.5
Astragalus_carminis	1327.18
Astragalus_xipholobus	724
Astragalus_shortianus	1419.09
Astragalus_bernardinus	1469.21
Astragalus_cyclophyllon	939.667
Astragalus_concretus	1118.69
Astragalus_craibianus	938
Astragalus_norvegicus	950.288
Astragalus_funereus	1367.07
Astragalus_falciformis	1193.86
Astragalus_glycyphyllos	1217.04
Astragalus_leansanicus	1213.89
Astragalus_inversus	1222.31
Astragalus_bounophilus	960.333
Astragalus_gudrunensis	715
Astragalus_hamrinensis	975.333
Astragalus_macrocephalus	1348.84
Astragalus_leptaleus	1284.2
Astragalus_davidii	1064.25
Astragalus_maurorum	1219.8
Astragalus_strictilobus	753
Astragalus_podlechii	636.5
Astragalus_peregrinus	1479.3
Astragalus_idrietorum	1451.43
Astragalus_hoantchy	664
Astragalus_maritimus	540.5
Astragalus_pictiformis	1414.32
Astragalus_rhizanthus	1192.79
Astragalus_titanophilus	1349.89
Astragalus_borraginaceus	736
Astragalus_nudus	724
Astragalus_berterianus	1075.5
Astragalus_casei	1423.82
Oxytropis_ochrocephala	1206.7
Astragalus_semilunatus	976.667
Astragalus_glaucus	1208.5
Astragalus_managildensis	1008.25
Astragalus_wagneri	677.5
Astragalus_tigridis	1228.38
Astragalus_mollissimus	1453.52
Oxytropis_mollis	1190.93
Astragalus_fuliginosus	713.5
Astracantha_plumosa	1211.33
Astragalus_vexillaris	1125
Astragalus_andersonii	1396.83
Astragalus_tulinovii	1153.95
Astragalus_scalaris	1193.5
Astragalus_golmuensis	1067.43
Astragalus_ufraensis	712
Astragalus_lonchocarpus	1450.61
Astragalus_majevskianus	568
Astragalus_handelii	933.75
Oxytropis_vassilczenkoi	973.1
Astragalus_alaicus	929.75
Astragalus_ugamicus	944.25
Oxytropis_hirta	1293.06
Astragalus_marianus	1025.5
Astragalus_cottonianus	1186.5
Astragalus_xanthotrichus	0
Astragalus_minimus	990.4
Astragalus_pulsiferae	1310.61
Astragalus_bonariensis	792.667
Astragalus_pseudochlorostachys	762.5
Astragalus_melanochiton	848
Astragalus_uliginosus	1124.27
Astragalus_adsurgens	1330.33
Astragalus_reflexistipulus	965.5
Astragalus_wilmottianus	663.5
Astragalus_nobilis	868
Astragalus_moellendorffii	616
Astragalus_charadzeae	844.667
Astragalus_villosissimus	896.333
Astragalus_humillimus	1315.25
Astragalus_oplites	1122.12
Astragalus_clarianus	1210.57
Astragalus_tioides	971
Astragalus_spartioides	633.5
Astragalus_densiflorus	1198.41
Astragalus_tarumensis	737
Astragalus_brachypus	1031.5
Astragalus_prilipkoanus	995
Astragalus_hidalgensis	1172.85
Astragalus_catabostrychos	947.333
Astragalus_turolensis	1432.4
Oxytropis_aciphylla	1315
Astragalus_monbeigii	1231.57
Oxytropis_koyukukensis	824.273
Astragalus_piscator	1345.09
Astragalus_askius	928.75
Oxytropis_talassica	881
Astragalus_semicircularis	589.5
Astragalus_darii	964
Oxytropis_melanocalyx	1178.02
Astragalus_potosinus	1130.57
Astragalus_osterhoutii	1271.53
Astragalus_tephrodes	1463.71
Astragalus_sirinicus	1158.94
Astragalus_ceratoides	1102.07
Astragalus_aquilonius	1240.35
Oxytropis_lapponica	972.288
Astragalus_chiwensis	1298.89
Astragalus_anisus	1290.63
Astragalus_galactites	1202.55
Astracantha_deinacantha	1450.22
Oxytropis_viscida	1105.94
Astragalus_glaucacanthos	1215.43
Astragalus_curvipes	1272.67
Astragalus_comosus	1161.17
Astragalus_wenquanensis	493
Astragalus_porphyrocalyx	621.5
Astragalus_sachalinensis	441.5
Astragalus_tegetarioides	1208.67
Astragalus_micranthus	1223.36
Astragalus_punae	836
Astragalus_tungensis	865.75
Astragalus_onobrychis	1241.78
Astragalus_aridus	1539.6
Astragalus_toanus	1408.78
Astragalus_terrestris	739.5
Astragalus_capito	1143
Oxytropis_eriocarpa	1105.14
Astragalus_severzovii	1023
Astragalus_venturii	848
Astragalus_albertoregelia	669
Astragalus_hallii	1379.35
Astragalus_latiunguiculatus	916.25
Astragalus_xanthomeloides	1013.75
Astragalus_brevialatus	860
Astragalus_taubertianus	737
Astragalus_amarus	688.5
Astragalus_nurensis	956
Astragalus_sarbasnensis	604
Astragalus_vegetus	1011
Oxytropis_grandiflora	1165.78
Astragalus_hirtus	733.5
Astragalus_austroaegaeus	687
Oxytropis_taochensis	1086
Oxytropis_riparia	1339.77
Astragalus_minutulus	672.5
Astragalus_pycnostachyus	1355.54
Astragalus_dipelta	1061.4
Oxytropis_kobukensis	945.765
Oxytropis_squammulosa	1137.22
Astragalus_legionensis	1194.38
Astragalus_kerrii	1157.4
Astragalus_cerasinus	683.5
Astragalus_pseudocytisoides	675.5
Astragalus_complanatus	722.5
Astragalus_dombeyi	697
Astragalus_taiyuanensis	902
Astragalus_argyroides	1243.86
Astragalus_straturensis	1379.53
Astragalus_pachypus	1495.41
Astragalus_vallicola	1053.88
Astragalus_reichei	1298.36
Astragalus_breweri	1429.03
Astragalus_anisomerus	1050.75
Astragalus_chardinii	1123.4
Astragalus_porphyrophysa	957
Astragalus_macrostachys	1253.82
Astragalus_pachyrhizus	957.333
Astragalus_tawilicus	679.5
Astragalus_grammocalyx	1058
Astragalus_bossuensis	1217.33
Astragalus_tidestromii	1463.31
Astragalus_paucijugus	1144.6
Astragalus_hornii	1504.39
Astragalus_rawlinsianus	687
Astragalus_ensiformis	1459.05
Astragalus_pseudofragiferus	737
Astragalus_hypoxylus	1177.4
Astragalus_williamsii	991.211
Astragalus_adzharicus	911
Astragalus_angustifolius	1269.27
Astragalus_temirensis	1130.27
Astragalus_tiehmii	1300.89
Astragalus_oligophyllus	867
Astragalus_nelsonianus	1358.59
Astragalus_bazmanicus	942
Astragalus_spinosus	1462.22
Astragalus_leibergii	1332.72
Astragalus_sericeocanus	527
Astragalus_goktschaicus	1011.4
Astragalus_monoensis	1288.98
Astragalus_peruvianus	1154.97
Astragalus_dschangartensis	957.167
Astragalus_xiphoides	1431.27
Astragalus_ishkamishensis	725
Astragalus_cerussatus	1369.03
Astragalus_laguriformis	654
Astragalus_palmeri	1496.33
Astragalus_hohenackeri	677.5
Astragalus_brandegei	1427.03
Astragalus_falcatus	1236.32
Astragalus_sommieri	965.25
Astragalus_rytilobus	1090.5
Astragalus_flexicaulis	594
Astragalus_erwinii-gaubae	709
Astragalus_macrodon	1496.3
Astragalus_kuschakewiczi	1036.8
Astragalus_kermanschahensis	703.5
Astragalus_corrugatus	1467.35
Astragalus_reflexus	1513.25
Astragalus_schistocalyx	1081.6
Astragalus_pissisi	540.5
Astragalus_leucocephalus	1342.72
Astragalus_polyacanthus	1088.57
Astragalus_amatus	1086.85
Astragalus_insularis	1498.54
Astragalus_submitis	1126.83
Astragalus_annularis	1488.51
Astragalus_uncialis	1347.69
Astragalus_boelckei	980.286
Astragalus_stewartii	1260.77
Oxytropis_oxyphylloides	736
Astragalus_lasioglottis	1159.62
Astragalus_jessenii	719.5
Astragalus_jodotropis	1158.29
Astragalus_hoffmeisteri	1203.05
Astragalus_captiosus	1166.32
Astragalus_rigidulus	867
Astragalus_eupeplus	722.5
Astragalus_onobrychioides	1326.61
Astragalus_matiensis	561.5
Astragalus_werdermannii	662.5
Astragalus_atratus	1377.08
Astragalus_cruckshanksii	1148.05
Astragalus_laceratus	721
Astragalus_megricus	891.667
Astragalus_tashqurghanicus	987
Astragalus_ackerbergensis	1155.8
Astragalus_collinus	1320.73
Astragalus_suffruticosus	1010.29
Astragalus_campylanthus	1252.25
Astragalus_tweedyi	1370.03
Astragalus_tetrapterus	1403.73
Astragalus_frickii	964.833
Astragalus_chlorodontus	958.25
Astragalus_ulothrix	737.5
Astragalus_wootonii	1443.02
Oxytropis_aucheri	1039
Astragalus_chalaranthus	709
Astragalus_cuneifolius	923.333
Oxytropis_multiceps	1359.27
Astragalus_iljinii	890.333
Astragalus_pelecinus	1471.45
Astragalus_prattii	1108
Astragalus_stevenianus	1325.62
Astragalus_bashmensis	893
Astragalus_callithrix	1405.65
Astragalus_asclepiadoides	1455.01
Astragalus_longilobus	842.5
Astragalus_musimonum	762
Astragalus_oxypterus	643
Astragalus_floridulus	1155.29
Astragalus_taochius	633
Oxytropis_ochroleuca	621.5
Astragalus_kahiricus	1460.22
Astragalus_tataricus	1052.5
Astragalus_paralipomenus	898.667
Astragalus_chlorostachys	1218.81
Astragalus_bowes-lyonii	629
Astragalus_trimestris	1285
Astragalus_concinnus	540.5
Astragalus_flavocreatus	1058.33
Astragalus_gilensis	1407.26
Astragalus_austriacus	1277.31
Oxytropis_parryi	1256.07
Astragalus_beckwithii	1386.33
Astragalus_schizotropis	778.5
Astragalus_amherstianus	1370.42
Astragalus_dolichophyllus	1308.21
Astragalus_glycyphylloides	1213.82
Astragalus_mokiacensis	1461.02
Astragalus_kashmirensis	788.333
Astragalus_crenatus	1412.07
Astragalus_suprapilosus	1109
Astragalus_ishigensis	471
Astragalus_ervoides	1248
Astragalus_ripleyi	1330.95
Astragalus_saxorum	907.25
Astragalus_garbancillo	1200.87
Astragalus_anserinifolius	960.667
Astragalus_titovii	577
Astragalus_dekazygus	737.5
Astragalus_quinquejugus	893.667
Astragalus_follicularis	1071.87
Astragalus_parodii	1218.38
Astragalus_ochrochlorus	1084.2
Astragalus_zayuensis	800.667
Astragalus_brackenridgei	869.75
Astragalus_baitagensis	609.5
Astragalus_arenarius	1222.73
Astragalus_subsecundus	1004.8
Oxytropis_arctica	986.418
Astragalus_alexandrii	1154.33
Wisteria_sinensis	1403.92
Astragalus_chuskanus	1265.5
Astragalus_sclerocarpus	1361.59
Astragalus_poliotrichus	736.5
Astragalus_pullus	1102.55
Astragalus_algerianus	1351.13
Astragalus_paysonii	1154.96
Astragalus_pseudotesticulatus	771
Astragalus_bustillosii	1189.1
Astragalus_pushtashanicus	612
Astragalus_fragrans	1237.29
Astragalus_sulcatus	1174.07
Astragalus_gilmanii	1341.74
Astragalus_scorpiurus	1388.96
Astragalus_thomsonii	820.667
Astragalus_meiliensis	533
Astragalus_alamliensis	726
Astragalus_submaculatus	1014.75
Astragalus_subuliformis	1323.07
Astragalus_ionae	785.333
Astragalus_fuhsii	1114.25
Oxytropis_williamsii	1212
Astragalus_stapfii	727.5
Astragalus_rosae	733
Astragalus_schelichowii	1095.92
Astragalus_remotijugus	1163.83
Astragalus_scheremetevianus	1027.29
Colutea_abyssinica	1112.89
Astragalus_pauranthus	839.667
Astragalus_wardii	1362.74
Oxytropis_qinghaiensis	1132.67
Astragalus_junatovii	892.333
Astragalus_horridus	1167.29
Astragalus_urmiensis	941
Astragalus_mareoticus	1365.15
Astragalus_eastwoodiae	1424.76
Astragalus_beathii	1289.71
Astragalus_cusickii	1355.74
Astragalus_sciureus	1069.5
Astragalus_nitens	865.333
Astragalus_rhizocephalus	1210.92
Astragalus_verus	1355.42
Astragalus_aeluropus	706
Astragalus_austiniae	1077.89
Astragalus_albertii	890
Astragalus_zionis	1449.62
Astragalus_convallarius	1378.15
Astragalus_archibaldii	717.5
Astragalus_forrestii	1059.17
Oxytropis_maydelliana	961.387
Astragalus_chrysopterus	1163.21
Astragalus_strictus	1211.9
Astragalus_kronenburgii	675.5
Astragalus_palibinii	1077.1
Astragalus_altaicola	976
Astragalus_podolobus	1327.15
Astragalus_daenaensis	867
Astragalus_vagus	540.5
Astragalus_campylorhynchus	1351.24
Astragalus_beatleyae	1089.5
Astragalus_austroargentinus	777.667
Astragalus_ravenii	1025
Astragalus_bourgovii	1066.36
Astragalus_camptoceras	1082
Astragalus_fialae	919
Astragalus_schimperi	1443.2
Astragalus_altimurensis	1085
Astragalus_hololeios	972.667
Astragalus_sungpanensis	1186.42
Oxytropis_savellanica	1130.9
Astragalus_harpocarpus	691.5
Astragalus_megalocystis	709.5
Astragalus_schugnanicus	1086.43
Astragalus_bakuensis	959.667
Astragalus_mailiensis	659.5
Astragalus_leptophysus	732.5
Astragalus_pterocarpus	1416.77
Astragalus_ordubadensis	706.5
Astragalus_sogdianus	716
Astragalus_tanaiticus	1058.6
Astragalus_campylosema	1173.33
Astragalus_roseus	544
Astragalus_heterodontus	1049.5
Astragalus_robustus	1263.31
Astragalus_pulcher	906
Astragalus_popovii	963
Astragalus_michauxii	1500.87
Astragalus_floridus	1211.22
Astragalus_oreganus	1364
Astragalus_sterilis	1298.21
Astragalus_nigricalycis	780
Astragalus_drabelliformis	1284.5
Astragalus_parvicarinatus	940
Astragalus_inflexus	1355.85
Astragalus_alatavicus	1091.9
Astragalus_subcinereus	1375.18
Astragalus_looseri	997.667
Astragalus_freitagii	737.5
Astragalus_drummondii	1408.24
Astragalus_ochroleucus	540.5
Astragalus_trigonus	1431.52
Astragalus_orcuttianus	1387.28
Astragalus_diaphanus	1294.6
Astragalus_vicarius	1119.75
Astragalus_tricarinatus	1479.78
Astragalus_mackewiczii	605
Astragalus_levitubus	776
Astragalus_guatemalensis	1181.75
Astragalus_irinaea	728
Astragalus_alopecurus	1147.09
Astragalus_brahuicus	713
Astragalus_himalayanus	1084.48
Astragalus_clusii	1443.05
Astragalus_hartwegii	1306.31
Astragalus_longipetalus	1325.31
Astragalus_harbisonii	1339.27
Astragalus_rhodosemius	1280.3
Astracantha_bethlehemitica	1440.28
Astragalus_microcystis	1204.29
Astragalus_fangensis	916
Astragalus_sangonensis	1122.33
Astragalus_moencoppensis	1477.47
Astragalus_arguricus	1174.22
Astragalus_ajfreidii	713
Astragalus_ruscifolius	1042.75
Astragalus_masenderanus	1190.62
Astragalus_hintonii	1060.2
Oxytropis_campanulata	1097.14
Astragalus_oxyglottis	1416.12
Astragalus_aqrabatensis	652.5
Astragalus_aloisii	739.5
Astragalus_sepultipes	1384.84
Oxytropis_lagopus	1325.85
Astragalus_griffithii	1086.8
Astragalus_angustatus	751
Astragalus_pseudonobilis	1123.17
Astragalus_recognitus	719
Astragalus_chionanthus	781
Astragalus_murinus	1027.75
Astragalus_sachanewii	583
Astragalus_franziskae	967.333
Astragalus_saxifractor	1116.6
Astragalus_harpilobus	1371
Astragalus_darumbium	932.857
Astragalus_stocksii	1061.75
Astragalus_chubutensis	1041.43
Astragalus_sikokianus	799
Astragalus_macrobotrys	1145.8
Astragalus_crassicarpus	1479.89
Astragalus_microdontus	927
Astragalus_riouxii	941.667
Astragalus_graecus	1314.75
Astragalus_mossulensis	1115.5
Astragalus_camelorum	960.667
Lessertia_capitata	1290.42
Astragalus_geminiflorus	854.679
Astragalus_austinae	934.4
Astragalus_multijugus	1127.4
Astragalus_algarbiensis	1299.88
Astragalus_acaulis	1133.28
Astragalus_brevifolius	1161.19
Astragalus_macropelmatus	1251.44
Astragalus_aucheri	1235.67
Astragalus_muelleri	1248.57
Astragalus_tschujensis	1054.83
Astragalus_sinaicus	1432.82
Astragalus_sphaeranthus	947
Astragalus_argentinus	692.5
Astragalus_falcigerus	1051.25
Astragalus_turbinatus	1231.5
Astragalus_fragiferus	1124.8
Astragalus_tabrisianus	696
Astragalus_bolanderi	1116.79
Astragalus_asper	1305.85
Astragalus_monadelphus	1111.7
Astragalus_chiukiangensis	918
Astragalus_cibarius	1363.38
Astragalus_buchtormensis	1215.36
Astragalus_macrotrichus	1097
Astragalus_umbellatus	957.774
Astragalus_canoflavus	661
Astragalus_sempervirens	1198.3
Astragalus_spruneri	1396.93
Astragalus_rubrolineatus	1039.25
Astragalus_pomonensis	1533.35
Astragalus_baissunensis	720
Oxytropis_ochrantha	1211.06
Astragalus_complicatus	530
Astragalus_anxius	1159.22
Astragalus_anni-novi	899
Astragalus_pueblae	1005.4
Astragalus_polaris	936.344
Astragalus_shiroumensis	891.86
Astragalus_citrinus	1347.23
Astragalus_neocarpus	586
Astragalus_tanguticus	722.5
Astragalus_cancellatus	1317.38
Astragalus_orbiculatus	0
Astragalus_ajubensis	1222.71
Astragalus_duchesnensis	1451.55
Astragalus_eremophilus	1403.52
Astragalus_epiglottis	1468.87
Astragalus_jejunus	1379.62
Astragalus_kavirensis	708
Astragalus_fenzelianus	1121.65
Astragalus_stella	1453.5
Astragalus_fabaceus	1289.38
Astragalus_maxwellii	1036
Astragalus_parwanicus	985.333
Oxytropis_macrocarpa	1110.22
Astragalus_tortipes	1105.5
Astragalus_pringlei	1337.06
Astragalus_pellitus	1142.4
Astragalus_depressus	1205.78
Astragalus_kaghysmani	702
Astragalus_griseus	1109.2
Astragalus_americanus	1082.48
Astragalus_sinaloae	1091.33
Astragalus_alopecias	1257.43
Astragalus_bergii	1218.08
Astragalus_smithianus	835.5
Astragalus_secundus	307.5
Oxytropis_falcata	1210.8
Astragalus_calycinus	1275.89
Astragalus_platytropis	1294.7
Astragalus_connectens	717.5
Astragalus_detritalis	1406.94
Astragalus_infestus	1189.5
Astragalus_phoenix	1434.42
Astragalus_melilotoides	1208.39
Astragalus_mendocinus	864.25
Astragalus_nummularius	1148.83
Astragalus_sahendi	800.333
Astragalus_bryantii	758
Astragalus_sanctorum	1180.25
Astragalus_lilacinus	1087.4
Astragalus_zagrosicus	1023.5
Astragalus_laccoliticus	681
Oxytropis_microphylla	1223.46
Astragalus_rusbyi	1198.65
Astragalus_havianus	1045
Astragalus_jaegerianus	1379.38
Astragalus_maroccanus	1001
Astragalus_agnicidus	1169.58
Astragalus_sabulonum	1478.26
Oxytropis_pauciflora	1156.52
Astragalus_incertus	1116.24
Astragalus_wingatanus	1455.83
Astragalus_robbinsii	1124.67
Astragalus_dodtii	1083.6
Astragalus_discolor	687
Astragalus_habamontis	661
Astragalus_mongholicus	1172.93
Astragalus_pseudocyclophyllus	1086
Astragalus_desereticus	1214
Astragalus_dependens	700.5
Astragalus_castaneiformis	1360.44
Astragalus_rytidocarpus	1068.28
Oxytropis_mertensiana	1001.86
Astragalus_saganlugensis	900.667
Astragalus_fridae	946
Astragalus_caeruleopetalinus	898.75
Tragacantha_densifolia	1201.33
Oxytropis_kansuensis	1200.84
Astragalus_parryi	1350.63
Oxytropis_adamsiana	1118.03
Astragalus_iodanthus	1405.72
Astragalus_argutensis	1086.86
Astragalus_freynii	799.4
Astragalus_hemiphaca	873
Astragalus_subarcuatus	921.75
Astragalus_gebleri	844
Astragalus_mohavensis	1449.62
Astragalus_subverticillatus	673
Astragalus_ackermanii	1223.86
Astragalus_dignus	1133.9
Astragalus_heptapotamicus	616
Astragalus_alpamarcae	620
Astragalus_laspurensis	771
Astragalus_sericophyllus	1315.16
Astragalus_satoi	915.333
Astragalus_camptopus	1423.56
Astragalus_przewalskii	1137.36
Astragalus_pseudoindurascens	681
Astragalus_carinatus	1208.05
Astragalus_manucehrii	790
Astragalus_latifolius	1168.95
Astragalus_dzebrailicus	646
Astragalus_reuterianus	1087.5
Astracantha_pterocephala	875.667
Astragalus_woodruffii	1428.69
Astragalus_icmadophilus	856.667
Astragalus_maireanus	727
Astragalus_calamistratus	717.5
Astracantha_oleifolia	1352.21
Astragalus_circumdatus	1376.78
Astragalus_waterfallii	1407.77
Astragalus_tamiricus	649
Astragalus_fastidius	1455.49
Astragalus_xanthoxiphidiopsis	1254.78
Astragalus_cochabambensis	618.5
Astragalus_ammotrophus	738
Astragalus_tolmaczevii	1057.47
Astragalus_pseudomultijugus	945
Astragalus_rosellus	602
Astragalus_cysticalyx	1266.71
Astragalus_sophoroides	1442.21
Astragalus_emoryanus	1467.17
Astragalus_hamiltonii	1429.95
Astragalus_subvestitus	1322.86
Astragalus_elymaiticus	733.5
Astragalus_mulfordiae	1380.72
Oxytropis_besseyi	1389.68
Astragalus_bibullatus	1376.38
Astragalus_demetrii	984.5
Astragalus_akkensis	1094
Astragalus_veresczaginii	628.5
Astragalus_varus	872.5
Oxytropis_campestris	1088.38
Astragalus_schahrudensis	1278.75
Astragalus_melanocalyx	751.5
Astragalus_pauperculus	1462.2
Astragalus_perianus	1273.81
Astragalus_adulterinus	724
Astragalus_asterias	1491.95
Astragalus_hauarensis	1445.49
Astragalus_chomutowii	910.2
Oxytropis_nigrescens	991.364
Astragalus_eugenii	586.5
Astracantha_caucasica	1006
Astragalus_jodostachys	475.5
Astragalus_colhuensis	587
Astragalus_vereskensis	628
Astragalus_cyri	906.333
Astragalus_pseudobrachystachys	1062
Astragalus_bakaliensis	688
Astragalus_longissimus	1325.67
Astragalus_jesdianus	941
Onobrychis_conferta	1250.67
Astragalus_jagnobicus	578.5
Astragalus_nuttallii	1372.9
Astragalus_shagalensis	671.5
Astragalus_persicus	1112.33
Astragalus_ferganensis	674
Astragalus_stipitatus	1235
Astragalus_lorinserianus	714.5
Astragalus_terracianoi	913.333
Astragalus_reticulatus	1073.6
Astragalus_luxurians	725
Astragalus_allochrous	1472.75
Astragalus_utahensis	1368.71
Astragalus_kirpicznikovii	1011.75
Astragalus_triradiatus	1281.57
Astragalus_shultziorum	1064.07
Astragalus_kialensis	1166.86
Astragalus_kaufmannii	1042.79
Astragalus_johannis-howellii	1358.79
Astragalus_sanandajianus	729.5
Astragalus_piscinus	1242.88
