Oxytropis_deflexa	60.3559
Astragalus_polyphyllus	51.25
Astragalus_kurtschumensis	59.6
Astragalus_intarrensis	36
Astragalus_neolipskyanus	62.5
Astragalus_penduliflorus	56.0102
Astragalus_famatinae	62.5
Astragalus_idaeus	34
Astragalus_cryptanthus	53.25
Astragalus_schistosus	60.8
Astragalus_kabadianus	37
Oxytropis_exserta	51.4545
Astragalus_peckii	61.6667
Astragalus_paposanus	60.2
Astragalus_ceramicus	77.2649
Astragalus_ernestii	67.5806
Astragalus_sardaimionensis	59.6
Astragalus_lagopoides	69.2593
Astragalus_umbraticus	52.4444
Astragalus_mirabilis	56.25
Astragalus_aksuensis	67.4342
Astragalus_uraniolimneus	58.5714
Astragalus_cuyanus	51.6667
Astragalus_tehuelches	52
Astragalus_brandegeei	75.3333
Astracantha_denudata	64.25
Astragalus_howellii	66.8182
Astragalus_borodinii	60.25
Astragalus_thurberi	73.1139
Astragalus_lessertioides	49.8
Astragalus_zohrabi	49.6667
Astragalus_substipitatus	37.5
Astragalus_batangensis	62.5
Astragalus_tennesseensis	55.4333
Astragalus_salsugineus	37.5
Astragalus_pulviniformis	59.6
Astragalus_subumbellatus	74.1795
Astragalus_diphacus	69.8667
Astragalus_ammodytes	25.5
Astragalus_brachyodontus	58.25
Astragalus_domeykoanus	59.2857
Astragalus_lurorum	38
Astragalus_achundovii	38.5
Astragalus_lacei	39.5
Astragalus_coriaceus	71.9643
Astragalus_xiphidium	65.5714
Oxytropis_tianschanica	57.8
Astragalus_phlomoides	39.5
Astragalus_durandianus	52.3333
Astragalus_caprinus	78.0203
Astragalus_urceolatus	45
Astragalus_canadensis	64.1953
Astragalus_mangeri	53
Astragalus_cymbicarpos	66.4505
Astragalus_pseudoborodinii	53
Astragalus_leiosemius	39
Astragalus_verticillatus	26.5
Astragalus_asymmetricus	70.6907
Astragalus_flexus	73.7857
Astragalus_peterae	64
Astragalus_anserinus	72.9
Astragalus_eurekensis	74.2162
Astragalus_polozhiae	51
Astragalus_conspicuus	53
Astragalus_multiceps	66
Astragalus_podocarpus	50.25
Astragalus_eremiticus	75.2215
Astragalus_stalinskyi	60.75
Astragalus_cimae	76.9259
Astragalus_tortuosus	53
Astragalus_denticulatus	38
Astragalus_eucosmus	58.2145
Astragalus_reventiformis	67.6393
Astragalus_patagonicus	67.3333
Astragalus_gilgitensis	64.0833
Astragalus_kunlunensis	41
Astragalus_bezudensis	67.375
Astragalus_atwoodii	61
Astragalus_ovigerus	38
Astragalus_campylotrichus	62
Astragalus_spatulatus	73.6127
Astragalus_holmgreniorum	75.5882
Astragalus_graveolens	65.303
Oxytropis_jordalii	55.6917
Astragalus_iselyi	70.4118
Astragalus_odoratus	67.2
Astragalus_harrisonii	74.5
Astragalus_misellus	68.5294
Astragalus_sesquiflorus	74.7755
Oxytropis_albana	58.3438
Astragalus_jiuquanensis	41
Astragalus_cytisoides	49.6667
Astragalus_kralikii	67.5
Astragalus_triflorus	72.9474
Astragalus_boeticus	73.2521
Astragalus_goldmanii	62.9091
Astragalus_vulpinus	71.3333
Astragalus_macropterus	68.1143
Astragalus_diminutivus	65.2143
Astragalus_uniflorus	59.9615
Astragalus_khoshjailensis	51
Astragalus_shelkovnikovii	61.8333
Astragalus_gorodkovii	26
Astragalus_cognatus	37.5
Astragalus_basineri	66.125
Astragalus_miser	64.885
Astragalus_salmonis	69.5444
Astragalus_angarensis	60.6667
Astragalus_yunnanensis	63.8788
Astragalus_schmalhausenii	66.8889
Astragalus_monanthemus	57.2857
Oxytropis_oreophila	68.4906
Astragalus_caroli-henrici	38
Astragalus_leucolobus	66.6908
Astragalus_megalanthus	59.9333
Astragalus_setosulus	50
Astragalus_biebersteinii	54.75
Astragalus_ornithopodioides	69.0833
Astragalus_desperatus	79.6711
Astragalus_viridis	64
Astragalus_sinicus	57.7199
Astragalus_chaetodon	0
Astragalus_tremolsianus	58.8333
Astragalus_melanodon	53.3333
Astragalus_pseudojohannis	38.5
Astragalus_psilocentros	68.9
Astragalus_atropubescens	69.0946
Astragalus_vaccarum	67.8438
Astragalus_sesamoides	58.5
Astragalus_adanus	66.4032
Astragalus_distortus	58.6781
Astragalus_gaubae	41
Astragalus_luteolus	64.8889
Astragalus_hypsogenus	66.7143
Astragalus_kungurensis	40.25
Astragalus_calliphysa	64.8333
Astragalus_euchlorus	56.1667
Astragalus_galegiformis	63.5135
Astragalus_limprichtii	68.7143
Astragalus_layneae	80.868
Astragalus_racemosus	74.7276
Astragalus_basiflorus	40.5
Astragalus_limnocharis	64.2059
Astragalus_egglestonii	69.1875
Astragalus_neobarnebyanus	50
Astragalus_cremnophylax	69.7
Astragalus_lancearius	75.4
Astragalus_discernendus	57.5
Astragalus_debequaeus	73.35
Astragalus_callistachys	39
Astragalus_puniceus	74.6444
Astragalus_parvus	70.45
Astragalus_solitarius	76.1111
Astragalus_chionobiiformis	32.5
Astragalus_speirocarpus	72.02
Oxytropis_czukotica	54.9268
Astragalus_brachycarpus	67.9
Astragalus_dielsii	49
Astragalus_sikkimensis	51
Astragalus_monticola	62.6667
Astragalus_sutchuenensis	62.6
Astragalus_hymenocystis	40
Astragalus_casapaltensis	44
Astragalus_soxmaniorum	53.3659
Astragalus_beketowi	59.5
Astragalus_sedaensis	36
Astragalus_isphairamicus	32.5
Astragalus_schmolliae	55.5
Astragalus_aboriginum	58.1842
Astragalus_welshii	61.5556
Astragalus_lacteus	61
Astragalus_scaphoides	70.0625
Astragalus_bellus	58.8
Astragalus_alvordensis	77.2927
Astracantha_diphtherites	60.6
Astragalus_eriocarpus	68.6364
Astragalus_sangimashensis	51
Astragalus_khasianus	50
Astragalus_bisulcatus	73.9308
Astragalus_vesicarius	66.6892
Astragalus_balearicus	47.3333
Astragalus_deanei	66.0833
Astragalus_megalomerus	50.5
Astragalus_amphioxys	79.0108
Astragalus_trichopodus	70.6299
Astragalus_loanus	62
Astragalus_unifoliolatus	65.1667
Astragalus_micromerius	71.1818
Astragalus_owirensis	31
Astragalus_spinescens	39
Astragalus_oroproselius	38.5
Astragalus_hartmanii	48.6667
Oxytropis_jonesii	52.6667
Astragalus_takhtadzhjanii	67.4444
Astragalus_alopecuroides	75.1676
Astragalus_plattensis	70.175
Astragalus_crassifolius	58
Astragalus_coronilla	52
Astragalus_inaequalifolius	38.6667
Astragalus_dictamnoides	34
Astragalus_adpressipilosus	47.75
Oxytropis_immersa	58.5
Astragalus_peltatus	53.25
Astragalus_ptychophyllus	61.6
Astragalus_reesei	34
Astragalus_polyceras	49.6667
Astragalus_remotiflorus	60.8
Astragalus_helmii	62.7442
Astragalus_pseudokurrumensis	37.5
Astragalus_magellanicus	47.6667
Astragalus_petropolitanus	39.3333
Astragalus_dingjiensis	40
Astragalus_andaulgensis	32.5
Astragalus_crymophilus	57.2
Astragalus_chordorrhizus	44
Astragalus_illinii	63.8571
Astragalus_kentrophyta	68.6278
Astragalus_chamaemeniscus	78.4848
Astragalus_palenae	64.6842
Astragalus_registanicus	52.6667
Astragalus_maassoumii	38.5
Astragalus_fedtschenkoanus	61.3333
Astragalus_gracilidentatus	40.5
Astragalus_limariensis	37
Oxytropis_coerulea	61.3333
Astragalus_cyaneus	68.8
Astragalus_anthosphaerus	52
Astragalus_corniculatus	60.6667
Astragalus_barnebyi	60.5
Astragalus_abbreviatus	49
Astragalus_purpusii	70.4146
Astragalus_brachypetalus	61.8
Astragalus_pinonis	77
Astragalus_maurus	58.2
Astragalus_suberosus	71.7576
Astragalus_laguroides	68.3649
Astragalus_rattanii	60.0408
Astragalus_psilolobus	36
Astragalus_fraxinifolius	52.6
Astragalus_humistratus	71.4534
Astragalus_callichrous	77.6022
Astragalus_vogelii	63.6
Astragalus_gueldenstaedtiae	39
Astragalus_wrightii	69.5862
Astragalus_zingeri	63.119
Astragalus_pennellianus	53.3
Astragalus_toquimanus	73
Astragalus_daghestanicus	61.4286
Astragalus_confertus	71.1711
Astragalus_fruticosus	62.4713
Astragalus_atropurpureus	56.6
Astragalus_pseudoaustralis	55.7778
Astragalus_orthocarpus	44.5
Astragalus_medius	63.8571
Astragalus_khwaja-muhammadensis	39.5
Carmichaelia_violacea	28
Astragalus_schinetorum	37
Astragalus_agraniotii	44.3333
Astragalus_tumninensis	25.5
Astragalus_aspreticola	38
Astragalus_argophyllus	71.0156
Astragalus_dianthus	62
Astragalus_urbanianus	29.5
Astragalus_accumbens	63.5
Oxytropis_humifusa	69.3352
Astragalus_wenxianensis	31
Astragalus_sharestanicus	39
Astragalus_polycladus	69.3462
Astragalus_nitidiflorus	65.6667
Oxytropis_pilosa	63.9219
Astragalus_hispidulus	77.4179
Astragalus_wetherillii	71.6842
Astragalus_mucidus	57.8
Astragalus_remotus	76.0294
Astragalus_calycosus	75.7608
Astragalus_congdonii	61.2381
Astragalus_agrestis	69.9461
Astragalus_kohrudicus	39
Astragalus_haesitabundus	58.3333
Astragalus_arcuatus	37.5
Astragalus_crassispinus	38
Oxytropis_obnapiformis	52.3333
Astragalus_chrysostachys	66.4286
Astragalus_hoodianus	62.9231
Astragalus_rzaevii	37.5
Astragalus_aegobromus	68.8
Sutherlandia_microphylla	68.9388
Astragalus_quinquefoliolatus	39.5
Astragalus_hypoglottis	66.5128
Astragalus_coccineus	76.4577
Astragalus_panduratus	36
Astragalus_cronquistii	78.2308
Astragalus_tribuloides	78.3484
Astragalus_shevockii	56
Astragalus_austrosibiricus	62.0957
Astragalus_karkarensis	52.6667
Astragalus_greggii	73.1379
Oxytropis_racemosa	72.125
Astragalus_varius	68.7596
Astragalus_mayeri	64.5385
Astragalus_didymocarpus	75.7746
Astragalus_simplicifolius	74.6
Astragalus_agameticus	40
Astragalus_cymboides	78.0909
Astragalus_monumentalis	78.4286
Astragalus_zanskarensis	70.7321
Astragalus_edmondsonii	38
Astragalus_peterfii	53.5
Astragalus_kirrindicus	51.3333
Astragalus_eusarathron	39
Astragalus_macropodium	33
Astragalus_politovii	46.3333
Astragalus_georgii	38.5
Astragalus_oniciformis	69
Astragalus_fucatus	80.3366
Astracantha_gummifera	67.125
Astragalus_pusillus	64.2609
Astragalus_spaldingii	70.7647
Astragalus_daleae	48.5
Astragalus_turczaninowii	57.2
Erophaca_baetica	66.7334
Astragalus_pattersonii	72.9852
Sphaerophysa_salsula	78.092
Astragalus_confusus	34
Astragalus_maximowiczii	52.6667
Astragalus_clerceanus	48
Astragalus_stepporum	38.5
Astragalus_arizonicus	72.339
Astragalus_bashgalensis	39.5
Astracantha_aurea	66.5778
Astragalus_cretaceus	76.4828
Astragalus_tongolensis	66.8519
Astragalus_ornithorrhynchus	51
Astragalus_accidens	61.5696
Astragalus_ruiz-lealii	51.6667
Astragalus_hypoleucus	71.0915
Astragalus_inyoensis	74.2963
Astragalus_ovatus	49.25
Astragalus_laricus	50.3333
Astragalus_longidentatus	75.434
Astragalus_macroceras	65.25
Astragalus_erivanensis	46.6667
Astragalus_lotiflorus	71.4525
Oxytropis_chionobia	63.8421
Astragalus_kirilovii	48.6667
Astragalus_purpurascens	39.5
Astragalus_auratus	39.5
Astragalus_kessleri	37
Astragalus_sesameus	74.0924
Astragalus_moranii	66.875
Astragalus_acmophylloides	31.5
Astragalus_pyrrhotrichus	62.2
Astragalus_firuzkuhensis	39.5
Astragalus_hypogaeus	66.4444
Astragalus_scutaneus	64.2667
Astragalus_leontinus	56.47
Astragalus_jolderensis	51.6667
Astragalus_tricholobus	58.5
Astragalus_webberi	57.5217
Astragalus_lineatus	64.65
Astragalus_clarkeanus	31
Astragalus_cachinalensis	61.8
Astragalus_sieversianus	70.0714
Astragalus_molestus	60.6
Astragalus_sumbari	39.5
Astragalus_gibbsii	70.4884
Astragalus_oocalycis	70.5814
Astragalus_canescens	37
Astragalus_filicaulis	76.96
Astragalus_caricinus	74.8451
Astragalus_fissuralis	65.5455
Astragalus_gladiatus	65.7692
Astragalus_arkalycensis	64.4286
Astragalus_laxmannii	68.7745
Astragalus_yumenensis	40
Astragalus_paraplesius	39
Astragalus_sevangensis	65.7
Astragalus_curvicarpus	72.7741
Astragalus_chlorostegius	40.5
Astragalus_elatior	39
Astragalus_nivalis	69.4568
Astragalus_neglectus	63.3864
Astragalus_nuttallianus	76.2816
Astragalus_clevelandii	60.8814
Astragalus_recurvus	66.2778
Astragalus_hajastanus	47.3333
Astragalus_chorinensis	50.1667
Astragalus_paralurges	38.5
Astragalus_varzobicus	36.5
Astracantha_strobilifera	53.3333
Astragalus_oreades	49.7273
Astragalus_leptocaulis	36.5
Astragalus_munroi	71.5714
Astragalus_olgae	52.2
Astragalus_atricapillus	39.6667
Astragalus_echinops	69.0833
Astragalus_knightii	40.5
Astragalus_bornmuellerianus	53.75
Astragalus_laetus	61
Astragalus_neoburkartianus	39.5
Astragalus_subalpinus	38
Astragalus_scorpioides	74.3404
Astragalus_grahamianus	69.5227
Astragalus_micranthellus	68.2286
Astragalus_tarijensis	60.0667
Astragalus_ampullarius	74.3333
Astragalus_echinatus	71.7465
Astragalus_gymnopodus	35
Astragalus_brachybotrys	70.0714
Astragalus_macropetalus	49
Astragalus_chilienshanensis	44.3333
Astragalus_aksaricus	36.6667
Astragalus_miguelensis	55.5
Astragalus_psilacanthus	68
Astragalus_episcopus	79.5613
Astragalus_licentianus	65.4
Astragalus_variabilis	66.6
Astragalus_balchaschensis	38.5
Astragalus_prorifer	74.4125
Astragalus_froedinii	51
Astragalus_richii	49
Astragalus_angreni	54.25
Astragalus_erythrolepis	52.6667
Astragalus_purshii	71.1908
Astragalus_johnstonii	38
Astragalus_harringtonii	50.2727
Astragalus_paktiensis	51
Astragalus_brachytropis	54.9
Astragalus_joergensenii	62.3333
Astragalus_geniculatus	69.2222
Astragalus_saralensis	54.3947
Astragalus_filipes	72.1204
Astragalus_cuatrecasasii	23
Oxytropis_jacquinii	56.8462
Astragalus_schmidii	37
Astragalus_distinens	59.8182
Astragalus_holosemius	38.5
Astragalus_oophorus	73.9349
Astragalus_altus	56
Astragalus_erionotus	66.6
Astragalus_ortholobus	40
Astragalus_squarrosus	69.7
Astragalus_kudrjaschovii	38
Astragalus_neomexicanus	60.375
Astragalus_ophiocarpus	71.1905
Astragalus_lutosus	73.2656
Astragalus_conjunctus	70.4392
Astragalus_coahuilae	73.3333
Astragalus_teheranicus	65
Astragalus_eriopodus	69.2
Astragalus_ochreatus	38
Astragalus_chamissonis	59.8
Astragalus_donianus	56.5
Astragalus_geyeri	79.9781
Astragalus_duanensis	37
Astragalus_bicolor	58.6667
Astragalus_regiomontanus	56.8
Astragalus_huthianus	50.6667
Astragalus_lunatus	36.5
Astragalus_whitneyi	62.6427
Astragalus_gompholobium	38.5
Astragalus_saetiger	50.6667
Astragalus_curvirostris	62.2
Astragalus_semnanensis	58
Astragalus_yoder-williamsii	67.45
Astragalus_oocarpus	66.3976
Astragalus_raphiodontus	57.5
Astragalus_sanctae-crucis	55.75
Astragalus_sericopetalus	37.5
Astragalus_nigrivestitus	33
Astragalus_panamintensis	78.5588
Astragalus_pseudoamygdalinus	35.5
Astragalus_praelongus	78.6514
Astragalus_ancistrocarpus	71.8333
Astragalus_antheliophorus	38.5
Astragalus_arbuscula	51
Astragalus_dictyolobus	61
Astragalus_vexilliflexus	62.8916
Astragalus_hymenocalyx	38.5
Astragalus_falconeri	71
Astragalus_feensis	61.8
Astragalus_gracilis	74.3346
Astragalus_sanguineus	73.9452
Astragalus_syreitschikovii	51
Astragalus_sheldonii	65.0217
Astragalus_esperanzae	61.0588
Astragalus_albulus	77.2687
Oxytropis_strobilacea	61.439
Astragalus_bhotanensis	66.7333
Astragalus_minutissimus	54.8
Astragalus_ampullarioides	66
Astragalus_rimarum	36
Astragalus_trigonocarpus	42.25
Astragalus_oocephalus	69.6154
Astragalus_anemophilus	75.5814
Astragalus_lepsensis	62.5556
Astragalus_eurylobus	77.5294
Astragalus_gruinus	70.4328
Astragalus_huiningensis	64.6667
Astragalus_danicus	62.0361
Astragalus_straussii	39
Astragalus_macrourus	60.3333
Astragalus_pauperiflorus	47.6667
Astragalus_erythrosemius	51
Astragalus_radicans	59.625
Astragalus_diversifolius	73.2571
Astragalus_pseudomegalomerus	52
Astragalus_berteri	66.8889
Astragalus_tragacantha	68.5161
Astragalus_henryi	60.5714
Astragalus_atropilosulus	61.3043
Astragalus_schanginianus	64.102
Astragalus_salatavicus	44.6667
Astragalus_melanostachys	62.6774
Astragalus_bicristatus	66.1284
Astragalus_mikrophyton	39.5
Astragalus_cicer	63.0926
Astragalus_longistipitatus	37
Astragalus_pavlovii	40.5
Astragalus_paradoxus	39.5
Astragalus_zacatecanus	50.4
Astragalus_groetzbachii	39
Astragalus_shatuensis	38
Astragalus_compressus	62.6667
Astragalus_sinuatus	68.95
Astragalus_brauntonii	67.2209
Astragalus_aquilanus	54
Astragalus_sanczirii	39
Astragalus_hymenostegis	33.5
Astragalus_ovoideus	62.6
Astragalus_perdurans	52.3333
Astragalus_effusus	65.5
Astragalus_szovitsii	70.4
Astragalus_badamensis	44.6667
Astragalus_preussii	81.0296
Astragalus_microphysa	64
Astragalus_saurinus	77.8
Astragalus_beckerianus	55.75
Astragalus_rafaelensis	77.2333
Oxytropis_splendens	61.4766
Astragalus_capillipes	65.8333
Astragalus_macropus	67.3962
Astragalus_francisquitensis	66.4706
Astragalus_dumetorum	44
Astragalus_arthurii	66.28
Astragalus_moyanoi	47.75
Oxytropis_neglecta	58.0709
Astragalus_quinqueflorus	68.4167
Astragalus_ponticus	65.1818
Astragalus_levieri	52.7826
Oxytropis_yunnanensis	67.0196
Astragalus_trichocarpus	62.1667
Astragalus_consobrinus	70.1429
Astragalus_rostratus	38
Astragalus_serenoi	79.0833
Astragalus_lycioides	65.7143
Astragalus_jabbor-khailii	51
Astragalus_linifolius	75.7917
Astragalus_arnoldii	74.7333
Astragalus_vanillae	52.6667
Astragalus_coluteocarpus	69.0909
Hedysarum_boreale	67.2405
Astragalus_buschiorum	52.25
Astragalus_miyalomontis	30.5
Astragalus_bachmarensis	27.5
Astragalus_ellipsoideus	56
Astragalus_stenocystis	45.6667
Astragalus_herbertii	37.5
Astragalus_chinensis	59.5714
Astragalus_goniatus	65.1
Astragalus_musiniensis	79.0811
Astragalus_lehmannianus	71.6923
Astragalus_tugarinovii	55.1684
Astragalus_lasiopetalus	49
Astragalus_hancockii	51.9167
Astragalus_arrectus	68.1591
Astragalus_bungeanus	67.6842
Astragalus_frigidus	52.3005
Astragalus_macrotropis	57.5
Astragalus_siahderrensis	37.5
Astragalus_sabuletorum	25.5
Astragalus_lumsdenianus	39
Astragalus_pamirensis	71.3333
Astragalus_longipetiolatus	33.5
Astragalus_diopogon	39
Astragalus_lindheimeri	71.5761
Astragalus_clandestinus	31.5
Astragalus_holophyllus	39.5
Astragalus_persepolitanus	71.2727
Astragalus_pubentissimus	78.1446
Oxytropis_bicolor	77.4898
Astragalus_arnottianus	67.375
Astragalus_ankylotus	25
Astragalus_platyphyllus	65.9333
Astragalus_riparius	58.8333
Astragalus_hyalolepis	57
Astragalus_kazbeki	50
Astragalus_muliensis	59.5455
Astragalus_orbicularifolius	69.125
Astragalus_alyssoides	61.1429
Astragalus_baionensis	58.1
Oxytropis_scammaniana	53.3381
Astragalus_valparadisiensis	39.3333
Oxytropis_poncinsii	73.7368
Astragalus_arequipensis	67.5974
Astragalus_webbianus	64.5417
Astragalus_siliceus	69.4444
Oxytropis_nutans	37.5
Astragalus_stenanthus	61
Astragalus_grubovii	60.8
Astragalus_coquimbensis	72.7647
Astragalus_brachycentrus	52
Astragalus_raddei	63.1667
Astragalus_albicaulis	68.7216
Astragalus_nigrolineatus	39.5
Astragalus_ammodendron	70.3
Astragalus_strigulosus	66.9325
Astragalus_inopinatus	60.0377
Astragalus_australis	58.7539
Astragalus_mucronifolius	71.25
Astragalus_kifonsanicus	72.0909
Astragalus_trachoniticus	53.3333
Astragalus_souliei	55.4
Astragalus_cracca	23
Astragalus_amblytropis	68.4545
Astragalus_ertterae	63.2222
Astragalus_granitovii	41
Astragalus_juratzkanus	71.4
Astragalus_megacarpus	75.2222
Astragalus_glabellus	30
Astragalus_testiculatus	68.2857
Astragalus_jaliscensis	60.6667
Astragalus_nuciferus	57.6667
Astragalus_stenolepis	50.6667
Astragalus_hamosus	73.1217
Astragalus_bombycinus	76.4333
Astragalus_vesiculosus	65.75
Astragalus_flavus	78.4556
Astragalus_oihorensis	37.5
Astragalus_marinus	51.5
Astragalus_propinquus	60.0882
Astragalus_verrucosus	58.7143
Astragalus_tenellus	68.8705
Astragalus_columbianus	65
Astragalus_brazoensis	71.5833
Astragalus_chorizanthus	34.5
Astragalus_amnis-amissi	59.125
Astragalus_johannis	65.875
Astragalus_gentryi	60.7368
Astragalus_carmanicus	39.5
Astragalus_piptocephalus	54.5
Astragalus_fabrisii	48.3333
Astragalus_oxyodon	51
Astragalus_minthorniae	77.1282
Astragalus_dulungkiangensis	28
Astragalus_humifusus	62.6154
Astragalus_gorczakovskii	45
Astragalus_ammodendroides	51
Astragalus_weberbaueri	59.36
Astragalus_coltonii	75.0548
Astragalus_tatsienensis	58.6667
Astragalus_rufescens	38.5
Astragalus_centralis	39
Astragalus_strigosostipulatus	36
Astragalus_glaux	71.1894
Astragalus_guttatus	75.2321
Astragalus_toksunensis	41.5
Astragalus_leucocladus	48.3333
Astragalus_edulis	75.5185
Astracantha_karabaghensis	57.2
Astragalus_bifidus	25
Astragalus_ecbatanus	56.25
Astragalus_nutriosensis	56.25
Astragalus_demavendicolus	38.5
Astragalus_cinereus	58.5
Astragalus_monspessulanus	67.1976
Astragalus_miniatus	70.3636
Astragalus_hololeucoides	56.8
Phyllolobium_tribulifolium	73.7833
Astragalus_rubriflorus	47
Astragalus_naftabensis	58.2
Astragalus_nutans	77.1149
Astragalus_galiifolius	39
Astragalus_susianus	58.2857
Astragalus_siliquosus	67.7273
Astragalus_cryptobotrys	65.0588
Astragalus_oxyphysus	74.1564
Astragalus_terminalis	68.3651
Astragalus_striatiflorus	74.7
Astragalus_xylobasis	64.4
Astragalus_mattam	65.9286
Astragalus_taipaishanensis	47.6667
Astragalus_plumbeus	37.3333
Astragalus_sabulosus	76.7222
Astragalus_utriger	67.8723
Astragalus_mercklinii	66.7143
Astragalus_ledinghamii	39
Astragalus_punctatus	39.5
Astragalus_anacardius	51.6667
Astragalus_peduncularis	66.6078
Astragalus_sparsus	69.125
Astragalus_bidentatus	29
Astragalus_supinus	51.5
Astragalus_leptocarpus	61.2667
Astragalus_missouriensis	73.9117
Astragalus_camptodontoides	52.5
Astragalus_applegatii	52
Astragalus_lyallii	72.1515
Astragalus_brachystachys	72.8182
Astragalus_rupifragus	68.9588
Astragalus_pendulinus	52
Astragalus_leiophyllus	56.2857
Astragalus_cephalanthus	71.5
Astragalus_sprucei	56.5714
Astragalus_kustanaicus	62.8571
Astragalus_drupaceus	62.6667
Astragalus_pinetorum	67.5882
Astragalus_biovulatus	51.3333
Astragalus_exscapus	66.8283
Astragalus_commixtus	73.9375
Astragalus_serpens	65.2308
Smirnowia_turkestana	69.25
Astragalus_charguschanus	66.5652
Astragalus_baba-alliar	57.75
Astragalus_noziensis	36.5
Astragalus_platysematus	37
Astragalus_lipskyi	38
Astragalus_trichanthus	39
Astragalus_ciceroides	36
Astragalus_deminutivus	61.8571
Astragalus_tibetanus	73.7754
Astragalus_solandri	67.9
Astragalus_ebenoides	59.25
Astragalus_nutzotinensis	55.514
Astragalus_macronyx	63
Astragalus_troglodytus	65
Astragalus_cottonii	38.75
Astragalus_malacus	75.2692
Astragalus_polygala	54.75
Astragalus_lambinonii	38.5
Astragalus_efoliatus	69.3333
Astragalus_glumaceus	57.75
Astragalus_heydei	41.5
Astragalus_equisolensis	69
Astragalus_lasiophyllus	65.8571
Oxytropis_ochotensis	52.2143
Astragalus_cobrensis	67.7407
Astragalus_sulfuratus	57.25
Astragalus_khaneradarensis	39
Astracantha_cerasocrena	71.1667
Astragalus_ensifer	39
Astragalus_petraeus	58
Astragalus_puberulus	62
Astragalus_curvicaulis	62
Astragalus_chloodes	76.2857
Astragalus_kerkukiensis	39.5
Astragalus_barbatus	61.3333
Astragalus_alaschanus	42.6667
Astragalus_cavanillesii	71.2273
Astragalus_tupalangi	33.5
Astragalus_nelidae	62.5714
Astragalus_brevipes	59
Astracantha_cretica	63.254
Astragalus_armeniacus	29.5
Oxytropis_nana	69.6875
Astragalus_consanguineus	37.5
Astragalus_dasyanthus	67.127
Astragalus_thermensis	47
Astragalus_nivicola	56.5556
Oxytropis_ciliata	63.4
Astragalus_seidabadensis	39
Astragalus_spegazzinii	55
Astragalus_subrosulariformis	38
Astragalus_somcheticus	62.48
Astragalus_coluteopsis	38.5
Astragalus_lasiosemius	71.25
Astragalus_piutensis	70.3667
Astragalus_gypsodes	71.9091
Astragalus_germaini	31.5
Astragalus_burkartii	60.0769
Astragalus_nigriceps	52.3333
Astragalus_apollineus	56.5
Astragalus_savellanicus	44.6667
Astragalus_intercedens	76.75
Astragalus_pseudoadsurgens	50.4
Astragalus_exasperatus	34
Astragalus_lentiformis	59.6667
Astragalus_acutifolius	36.5
Astragalus_pseudohypogaeus	41
Astragalus_bodinii	64.3839
Astragalus_anfractuosus	53.25
Astragalus_cisoxanus	39
Astracantha_stenonychioides	65
Astragalus_brachylobus	72.4583
Astragalus_kuschkensis	49
Astracantha_parnassi	58.7778
Astragalus_obcordatus	52.1972
Astragalus_pectinatus	74.9395
Astragalus_traskiae	28.5
Astragalus_gambelianus	65.8748
Astragalus_zerdanus	30
Astragalus_simpsonii	43.3333
Astragalus_jaxarticus	49.6667
Astragalus_wolgensis	66.2381
Astragalus_hyrcanus	62.8
Astragalus_macrosemius	52
Astragalus_balfourianus	63.3333
Astragalus_lemmonii	67.3261
Astragalus_malacoides	78
Astragalus_giganteus	67.56
Astragalus_douglasii	70.0152
Astragalus_chaidamuensis	65.6
Astragalus_pardalinus	79.0714
Astragalus_rawianus	35
Astragalus_dendroides	55.25
Astragalus_lucidus	34
Astragalus_vavilovii	44.5
Astragalus_nephtonensis	70.1111
Astragalus_reduncus	71.0476
Astragalus_cottamii	54.3333
Astragalus_mahoschanicus	73.9286
Astragalus_grayi	76.0882
Astragalus_mesites	31.5
Astragalus_shinanensis	39.5
Astragalus_djilgensis	32.5
Astragalus_hirsutus	63.75
Astracantha_microcephala	67.8108
Astragalus_vaginatus	56.7667
Astragalus_faurei	52.3333
Astragalus_aequalis	72.7692
Astragalus_versicolor	63.7833
Astragalus_atrovinosus	58.6667
Astragalus_glomeratus	25.5
Oxytropis_sericea	70.066
Astragalus_bourgaeanus	69.1731
Astragalus_deterior	61.8333
Astragalus_naturitensis	75.8
Astragalus_vulcanicus	35
Astragalus_lanuginosus	58.5
Astragalus_reinii	56.25
Astragalus_avicennicus	33
Astragalus_myrianthus	39
Astragalus_cenorrhynchus	34
Astragalus_brevidens	64.1667
Astragalus_schrenkianus	47.5
Astragalus_rhacodes	35.5
Astragalus_emarginatus	65.0556
Astragalus_anisacanthus	66
Astragalus_retusifoliatus	28.5
Astragalus_obscurus	71.8536
Astragalus_curtipes	65.8718
Astragalus_skythropos	65.9286
Astragalus_imitensis	63
Astragalus_neuquenensis	57.6
Astragalus_leptus	66
Astragalus_tephrolobus	52.75
Astragalus_succumbens	73.8866
Astragalus_lyonnetii	56
Astragalus_pakistanicus	35.5
Astragalus_englerianus	59
Astragalus_pehuenches	72.724
Astragalus_proximus	72.0364
Astragalus_hemsleyi	39
Astragalus_korovinianus	37
Astragalus_vallaris	66.8462
Astragalus_scleroxylon	39.5
Astragalus_karelinianus	59.9167
Astragalus_mario-sousae	51.3333
Astragalus_chingoanus	31
Astragalus_nematodes	60
Astragalus_breviscapus	62.6
Astragalus_weddellianus	66
Astragalus_depauperatus	65
Astragalus_dactylocarpus	77.3091
Astragalus_cuscutae	38.5
Astragalus_crypticus	63.0833
Astragalus_micrancistrus	49.6667
Astragalus_supervisus	39
Astragalus_nidularius	76.0435
Astragalus_takharensis	39
Astragalus_bracteosus	38
Astragalus_pallescens	66.2381
Astragalus_weixinensis	33
Astragalus_orthocarpoides	39.5
Astragalus_iodopetalus	67
Astragalus_acutirostris	79.1659
Astragalus_darwinianus	38
Astragalus_demavendicus	61.8571
Astragalus_variegatus	53.6
Astragalus_arganaticus	37.5
Astragalus_curviflorus	62.4
Astragalus_lithophilus	64.6667
Astragalus_vessalae	39
Astragalus_stipulatus	43.75
Astragalus_pseudoversicolor	56.25
Tragacantha_fasciculifolia	72.8571
Astragalus_reventus	65.0385
Astragalus_impexus	39
Astragalus_magdalenae	80.6923
Astragalus_crotalariae	80.1579
Astragalus_dilutus	72
Astragalus_gombo	76.4783
Astragalus_physodes	70.8387
Astragalus_oxyphysopsis	64.8182
Astragalus_armatus	73.9219
Astragalus_scaberrimus	73.7157
Astragalus_sparsiflorus	65.2273
Astragalus_tolucanus	59.4222
Astragalus_scopulorum	68.5562
Astragalus_cornutus	67.3467
Astragalus_californicus	61.08
Astragalus_karakugensis	69
Astragalus_lentiginosus	76.8933
Astragalus_ibrahimianus	70
Astragalus_aschuturi	24
Astragalus_edmondstonei	63.8571
Astragalus_lupulinus	62.8077
Astragalus_lamondiae	40
Astragalus_nudisiliquus	75.764
Astragalus_aduncus	72.2
Astragalus_newberryi	77.782
Astragalus_termeanus	53.6667
Astragalus_endytanthus	57
Astragalus_incanus	73.251
Astragalus_kolymensis	52.5385
Astragalus_degensis	64
Astragalus_sanguinolentus	61.9167
Astragalus_filiformis	68.6744
Oxytropis_lambertii	70.3196
Astragalus_retamocarpus	67.8889
Astragalus_scabrisetus	39
Astragalus_oncotrichus	39.5
Astragalus_scoparius	47.6667
Astragalus_gracilipes	70.1429
Astragalus_hispanicus	77.9837
Astragalus_olchonensis	54.8571
Astragalus_abnormalis	37
Astragalus_chamaeleuce	77.5159
Astragalus_plagiophacos	37.5
Astragalus_carduchorum	52.75
Astragalus_lalesarensis	62.8333
Astragalus_physocarpus	58.6
Astragalus_wittmannii	71.3333
Astragalus_asplundii	57.8
Astragalus_flexuosus	70.1453
Astragalus_eriostomus	39
Astragalus_nothoxys	70.2867
Astragalus_aleppicus	76.4348
Astragalus_villosus	51.303
Clianthus_puniceus	58.6111
Astragalus_pauper	32.5
Astragalus_valerianensis	27.5
Astragalus_globiceps	58.75
Astragalus_neurophyllus	31.5
Astragalus_oxyrhynchus	63.4146
Astragalus_molybdenus	54.0238
Astragalus_aspindzicus	35
Astragalus_piletocladus	39.5
Astragalus_beckii	64.1111
Eremosparton_flaccidum	59.5
Astragalus_tenuifolius	54
Astragalus_nyensis	80.1212
Astragalus_montigenus	50
Astragalus_tener	69.5096
Astragalus_yangtzeanus	49
Astragalus_pseudoutriger	48
Astragalus_tribulifolius	48.3333
Astragalus_helleri	65.2857
Astragalus_speciosus	51.6667
Astragalus_angustiflorus	63.0606
Astragalus_kuramensis	61.5
Astragalus_tephrosioides	51.6667
Oxytropis_recognita	59.619
Astragalus_taschkendicus	37
Astragalus_microcymbus	64.4444
Astragalus_dahuricus	68.9259
Astragalus_porrectus	78.875
Astragalus_stenoceras	69.2333
Astragalus_erubescens	39.5
Astragalus_sphaerocystis	41
Astragalus_tyghensis	61.2222
Astragalus_alpinus	54.5874
Astracantha_granatensis	69.4509
Swainsona_formosa	74.3897
Astragalus_littoralis	27
Astragalus_caraganae	73.125
Astragalus_arbelicus	37.5
Astragalus_castetteri	64.3333
Astragalus_albens	70.32
Astragalus_humilis	58
Astragalus_sieberi	76
Astragalus_rahensis	62.4
Astragalus_contortuplicatus	68.72
Astragalus_saccatus	39.5
Astragalus_carminis	73.1786
Astragalus_xipholobus	37
Astragalus_shortianus	71.8796
Astragalus_bernardinus	75.6618
Astragalus_cyclophyllon	50.3333
Astragalus_concretus	61.125
Astragalus_craibianus	52.8333
Astragalus_norvegicus	52.0679
Astragalus_funereus	74.9333
Astragalus_falciformis	60.8571
Astragalus_glycyphyllos	60.0481
Astragalus_leansanicus	69.2222
Astragalus_inversus	61.6458
Astragalus_bounophilus	49.6667
Astragalus_gudrunensis	37
Astragalus_hamrinensis	53.3333
Astragalus_macrocephalus	71.8108
Astragalus_leptaleus	67.4754
Astragalus_davidii	56.25
Astragalus_maurorum	61.8
Astragalus_strictilobus	40
Astragalus_podlechii	34
Astragalus_peregrinus	77.0377
Astragalus_idrietorum	76.2703
Astragalus_hoantchy	30
Astragalus_maritimus	31.5
Astragalus_pictiformis	74.4194
Astragalus_rhizanthus	65.2115
Astragalus_titanophilus	67.8889
Astragalus_borraginaceus	39
Astragalus_nudus	39.5
Astragalus_berterianus	59
Astragalus_casei	77.7107
Oxytropis_ochrocephala	72.0189
Astragalus_semilunatus	51.3333
Astragalus_glaucus	62.625
Astragalus_managildensis	55.25
Astragalus_wagneri	38
Astragalus_tigridis	65.875
Astragalus_mollissimus	75.784
Oxytropis_mollis	61.9286
Astragalus_fuliginosus	40.5
Astracantha_plumosa	62.6667
Astragalus_vexillaris	57.5
Astragalus_andersonii	70.3861
Astragalus_tulinovii	70.4103
Astragalus_scalaris	57.5
Astragalus_golmuensis	67.4286
Astragalus_ufraensis	40.5
Astragalus_lonchocarpus	76.3023
Astragalus_majevskianus	33
Astragalus_handelii	58.5
Oxytropis_vassilczenkoi	53.625
Astragalus_alaicus	54
Astragalus_ugamicus	43.75
Oxytropis_hirta	74.8182
Astragalus_marianus	52.25
Astragalus_cottonianus	64.3333
Astragalus_xanthotrichus	0
Astragalus_minimus	54
Astragalus_pulsiferae	67.169
Astragalus_bonariensis	50
Astragalus_pseudochlorostachys	35.5
Astragalus_melanochiton	46
Astragalus_uliginosus	62.2593
Astragalus_adsurgens	68.2049
Astragalus_reflexistipulus	48.5
Astragalus_wilmottianus	32.5
Astragalus_nobilis	47.3333
Astragalus_moellendorffii	37.5
Astragalus_charadzeae	44
Astragalus_villosissimus	50.3333
Astragalus_humillimus	70.875
Astragalus_oplites	65.75
Astragalus_clarianus	51.4286
Astragalus_tioides	52.3333
Astragalus_spartioides	37.5
Astragalus_densiflorus	73.3243
Astragalus_tarumensis	40.5
Astragalus_brachypus	58.25
Astragalus_prilipkoanus	51.75
Astragalus_hidalgensis	62.8462
Astragalus_catabostrychos	52.6667
Astragalus_turolensis	74.25
Oxytropis_aciphylla	78.8929
Astragalus_monbeigii	71.6852
Oxytropis_koyukukensis	50.6364
Astragalus_piscator	71.8182
Astragalus_askius	53.5
Oxytropis_talassica	49.3333
Astragalus_semicircularis	31
Astragalus_darii	52.3333
Oxytropis_melanocalyx	70.9091
Astragalus_potosinus	56.5714
Astragalus_osterhoutii	69.1333
Astragalus_tephrodes	71.6601
Astragalus_sirinicus	61.5588
Astragalus_ceratoides	62.0947
Astragalus_aquilonius	69.087
Oxytropis_lapponica	53.5541
Astragalus_chiwensis	70.3333
Astragalus_anisus	68.1053
Astragalus_galactites	69.2069
Astracantha_deinacantha	72.325
Oxytropis_viscida	60.0726
Astragalus_glaucacanthos	67.4286
Astragalus_curvipes	68.8889
Astragalus_comosus	62.3333
Astragalus_wenquanensis	31
Astragalus_porphyrocalyx	37
Astragalus_sachalinensis	25.5
Astragalus_tegetarioides	65.1111
Astragalus_micranthus	65.0305
Astragalus_punae	47.3333
Astragalus_tungensis	49.5
Astragalus_onobrychis	64.9652
Astragalus_aridus	81.5401
Astragalus_toanus	78.0878
Astragalus_terrestris	39.5
Astragalus_capito	62.4286
Oxytropis_eriocarpa	64.9286
Astragalus_severzovii	52
Astragalus_venturii	45
Astragalus_albertoregelia	36
Astragalus_hallii	68.5957
Astragalus_latiunguiculatus	51
Astragalus_xanthomeloides	49.75
Astragalus_brevialatus	43.6667
Astragalus_taubertianus	40
Astragalus_amarus	39.5
Astragalus_nurensis	50.6667
Astragalus_sarbasnensis	31
Astragalus_vegetus	55.5
Oxytropis_grandiflora	67.5854
Astragalus_hirtus	40
Astragalus_austroaegaeus	34
Oxytropis_taochensis	64
Oxytropis_riparia	73.7727
Astragalus_minutulus	36.5
Astragalus_pycnostachyus	64.1707
Astragalus_dipelta	52.6
Oxytropis_kobukensis	53.9412
Oxytropis_squammulosa	70.2222
Astragalus_legionensis	68.125
Astragalus_kerrii	58.6
Astragalus_cerasinus	39.5
Astragalus_pseudocytisoides	36
Astragalus_complanatus	41.5
Astragalus_dombeyi	38
Astragalus_taiyuanensis	52
Astragalus_argyroides	66
Astragalus_straturensis	70.5106
Astragalus_pachypus	72.8594
Astragalus_vallicola	52.125
Astragalus_reichei	69.5714
Astragalus_breweri	60.2574
Astragalus_anisomerus	50.25
Astragalus_chardinii	60.8
Astragalus_porphyrophysa	52
Astragalus_macrostachys	67.9091
Astragalus_pachyrhizus	49.6667
Astragalus_tawilicus	35.5
Astragalus_grammocalyx	54.75
Astragalus_bossuensis	63.3333
Astragalus_tidestromii	80.9123
Astragalus_paucijugus	63
Astragalus_hornii	76.625
Astragalus_rawlinsianus	39
Astragalus_ensiformis	75.1667
Astragalus_pseudofragiferus	39.5
Astragalus_hypoxylus	53.8
Astragalus_williamsii	59.9474
Astragalus_adzharicus	44.75
Astragalus_angustifolius	65.7043
Astragalus_temirensis	65.5455
Astragalus_tiehmii	74.3333
Astragalus_oligophyllus	45.3333
Astragalus_nelsonianus	73.6471
Astragalus_bazmanicus	53
Astragalus_spinosus	78.4228
Astragalus_leibergii	69.0769
Astragalus_sericeocanus	29.5
Astragalus_goktschaicus	52
Astragalus_monoensis	65.0488
Astragalus_peruvianus	64.3793
Astragalus_dschangartensis	62.1667
Astragalus_xiphoides	76.3333
Astragalus_ishkamishensis	39
Astragalus_cerussatus	71.7241
Astragalus_laguriformis	33
Astragalus_palmeri	75.3406
Astragalus_hohenackeri	38
Astragalus_brandegei	74.375
Astragalus_falcatus	63.9605
Astragalus_sommieri	46.5
Astragalus_rytilobus	59.5
Astragalus_flexicaulis	27.5
Astragalus_erwinii-gaubae	39.5
Astragalus_macrodon	69.7317
Astragalus_kuschakewiczi	60.2
Astragalus_kermanschahensis	38
Astragalus_corrugatus	77.8785
Astragalus_reflexus	65.6875
Astragalus_schistocalyx	61.8
Astragalus_pissisi	31.5
Astragalus_leucocephalus	63.52
Astragalus_polyacanthus	62.8571
Astragalus_amatus	62.3846
Astragalus_insularis	79.5388
Astragalus_submitis	63.6667
Astragalus_annularis	77.899
Astragalus_uncialis	75.9231
Astragalus_boelckei	62.4286
Astragalus_stewartii	64.5385
Oxytropis_oxyphylloides	42
Astragalus_lasioglottis	58.75
Astragalus_jessenii	38.5
Astragalus_jodotropis	61.7143
Astragalus_hoffmeisteri	72.0952
Astragalus_captiosus	58.9643
Astragalus_rigidulus	41.75
Astragalus_eupeplus	33
Astragalus_onobrychioides	68.9286
Astragalus_matiensis	33.5
Astragalus_werdermannii	33
Astragalus_atratus	73.8187
Astragalus_cruckshanksii	70.475
Astragalus_laceratus	42
Astragalus_megricus	48.3333
Astragalus_tashqurghanicus	52.3333
Astragalus_ackerbergensis	62.4
Astragalus_collinus	69.0333
Astragalus_suffruticosus	54.4286
Astragalus_campylanthus	68.5
Astragalus_tweedyi	69.1212
Astragalus_tetrapterus	76.7431
Astragalus_frickii	51.25
Astragalus_chlorodontus	50
Astragalus_ulothrix	39.5
Astragalus_wootonii	75.6898
Oxytropis_aucheri	55.5
Astragalus_chalaranthus	38
Astragalus_cuneifolius	52.3333
Oxytropis_multiceps	67.3103
Astragalus_iljinii	47
Astragalus_pelecinus	67.7251
Astragalus_prattii	59.7778
Astragalus_stevenianus	72.5417
Astragalus_bashmensis	51.6667
Astragalus_callithrix	80.3548
Astragalus_asclepiadoides	79.3514
Astragalus_longilobus	49
Astragalus_musimonum	40
Astragalus_oxypterus	37
Astragalus_floridulus	66.6786
Astragalus_taochius	30.5
Oxytropis_ochroleuca	36.5
Astragalus_kahiricus	78.0625
Astragalus_tataricus	63.5
Astragalus_paralipomenus	50
Astragalus_chlorostachys	61.5161
Astragalus_bowes-lyonii	35
Astragalus_trimestris	68.1429
Astragalus_concinnus	31.5
Astragalus_flavocreatus	61.7778
Astragalus_gilensis	68.6066
Astragalus_austriacus	67.8454
Oxytropis_parryi	62.4579
Astragalus_beckwithii	75.5517
Astragalus_schizotropis	39.5
Astragalus_amherstianus	69.375
Astragalus_dolichophyllus	71.1379
Astragalus_glycyphylloides	60.9091
Astragalus_mokiacensis	76.8723
Astragalus_kashmirensis	39
Astragalus_crenatus	77.3621
Astragalus_suprapilosus	57.4
Astragalus_ishigensis	29
Astragalus_ervoides	59.1688
Astragalus_ripleyi	68.4091
Astragalus_saxorum	51.25
Astragalus_garbancillo	65.0867
Astragalus_anserinifolius	52.6667
Astragalus_titovii	29
Astragalus_dekazygus	37.5
Astragalus_quinquejugus	51.3333
Astragalus_follicularis	61.0645
Astragalus_parodii	61.2308
Astragalus_ochrochlorus	58.6
Astragalus_zayuensis	40
Astragalus_brackenridgei	48.75
Astragalus_baitagensis	35.5
Astragalus_arenarius	57.2864
Astragalus_subsecundus	56.6
Oxytropis_arctica	59.7411
Astragalus_alexandrii	62.4444
Wisteria_sinensis	59.0257
Astragalus_chuskanus	62.75
Astragalus_sclerocarpus	71.713
Astragalus_poliotrichus	39
Astragalus_pullus	59.8182
Astragalus_algerianus	70.8868
Astragalus_paysonii	57.5
Astragalus_pseudotesticulatus	48.6667
Astragalus_bustillosii	69.1935
Astragalus_pushtashanicus	32.5
Astragalus_fragrans	63.3684
Astragalus_sulcatus	67.1341
Astragalus_gilmanii	72.1304
Astragalus_scorpiurus	71.1852
Astragalus_thomsonii	52
Astragalus_meiliensis	30.5
Astragalus_alamliensis	40
Astragalus_submaculatus	55.5
Astragalus_subuliformis	70.1653
Astragalus_ionae	46.6667
Astragalus_fuhsii	58.75
Oxytropis_williamsii	69.25
Astragalus_stapfii	38.5
Astragalus_rosae	39
Astragalus_schelichowii	54.9914
Astragalus_remotijugus	64.5
Astragalus_scheremetevianus	58.2857
Colutea_abyssinica	60.5556
Astragalus_pauranthus	47.3333
Astragalus_wardii	71.6842
Oxytropis_qinghaiensis	67.6667
Astragalus_junatovii	52.6667
Astragalus_horridus	64.7143
Astragalus_urmiensis	51.3333
Astragalus_mareoticus	74.0769
Astragalus_eastwoodiae	77.2105
Astragalus_beathii	69.7143
Astragalus_cusickii	70.4528
Astragalus_sciureus	57
Astragalus_nitens	45.3333
Astragalus_rhizocephalus	65
Astragalus_verus	73.863
Astragalus_aeluropus	40.5
Astragalus_austiniae	53.1579
Astragalus_albertii	49.6667
Astragalus_zionis	76.1827
Astragalus_convallarius	72.8324
Astragalus_archibaldii	38.5
Astragalus_forrestii	55.8333
Oxytropis_maydelliana	56.4082
Astragalus_chrysopterus	67.6429
Astragalus_strictus	72.7384
Astragalus_kronenburgii	36
Astragalus_palibinii	61.0476
Astragalus_altaicola	57.4
Astragalus_podolobus	72.6923
Astragalus_daenaensis	45.3333
Astragalus_vagus	31.5
Astragalus_campylorhynchus	72.8235
Astragalus_beatleyae	59
Astragalus_austroargentinus	50.3333
Astragalus_ravenii	49.8571
Astragalus_bourgovii	55.6364
Astragalus_camptoceras	57.75
Astragalus_fialae	49
Astragalus_schimperi	77.0667
Astragalus_altimurensis	58.25
Astragalus_hololeios	53.3333
Astragalus_sungpanensis	69.8947
Oxytropis_savellanica	61.1
Astragalus_harpocarpus	37
Astragalus_megalocystis	39
Astragalus_schugnanicus	56.7143
Astragalus_bakuensis	53.3333
Astragalus_mailiensis	39.5
Astragalus_leptophysus	39
Astragalus_pterocarpus	81.4681
Astragalus_ordubadensis	37.5
Astragalus_sogdianus	38
Astragalus_tanaiticus	55.6
Astragalus_campylosema	61.1111
Astragalus_roseus	25.5
Astragalus_heterodontus	60.25
Astragalus_robustus	67.9231
Astragalus_pulcher	48.3333
Astragalus_popovii	51
Astragalus_michauxii	50.3913
Astragalus_floridus	69.0625
Astragalus_oreganus	74.2083
Astragalus_sterilis	68.7857
Astragalus_nigricalycis	39.5
Astragalus_drabelliformis	70.75
Astragalus_parvicarinatus	52.6667
Astragalus_inflexus	70.5893
Astragalus_alatavicus	57.2
Astragalus_subcinereus	70.339
Astragalus_looseri	61.1667
Astragalus_freitagii	37.5
Astragalus_drummondii	71.8968
Astragalus_ochroleucus	31.5
Astragalus_trigonus	75.7143
Astragalus_orcuttianus	72.5
Astragalus_diaphanus	67.8095
Astragalus_vicarius	59.25
Astragalus_tricarinatus	75.266
Astragalus_mackewiczii	30
Astragalus_levitubus	43.6667
Astragalus_guatemalensis	59.7829
Astragalus_irinaea	37.5
Astragalus_alopecurus	61.9556
Astragalus_brahuicus	40
Astragalus_himalayanus	58.5926
Astragalus_clusii	74.9737
Astragalus_hartwegii	67.2676
Astragalus_longipetalus	72.7931
Astragalus_harbisonii	69.9091
Astragalus_rhodosemius	68.9
Astracantha_bethlehemitica	76.8318
Astragalus_microcystis	62.3898
Astragalus_fangensis	44.3333
Astragalus_sangonensis	65.6667
Astragalus_moencoppensis	79.3333
Astragalus_arguricus	62.6667
Astragalus_ajfreidii	39
Astragalus_ruscifolius	58.5
Astragalus_masenderanus	63
Astragalus_hintonii	53.7333
Oxytropis_campanulata	61
Astragalus_oxyglottis	74.9412
Astragalus_aqrabatensis	38
Astragalus_aloisii	39.5
Astragalus_sepultipes	70.32
Oxytropis_lagopus	68.0695
Astragalus_griffithii	60.6
Astragalus_angustatus	39
Astragalus_pseudonobilis	59.8333
Astragalus_recognitus	38.5
Astragalus_chionanthus	41.3333
Astragalus_murinus	56
Astragalus_sachanewii	29.5
Astragalus_franziskae	52
Astragalus_saxifractor	62.2
Astragalus_harpilobus	74.8824
Astragalus_darumbium	58.4286
Astragalus_stocksii	58.75
Astragalus_chubutensis	58.4286
Astragalus_sikokianus	37.3333
Astragalus_macrobotrys	63.4
Astragalus_crassicarpus	68.0523
Astragalus_microdontus	50.3333
Astragalus_riouxii	52
Astragalus_graecus	68
Astragalus_mossulensis	57.75
Astragalus_camelorum	53
Lessertia_capitata	68.3158
Astragalus_geminiflorus	58.5283
Astragalus_austinae	44.4
Astragalus_multijugus	62
Astragalus_algarbiensis	60.375
Astragalus_acaulis	63.6923
Astragalus_brevifolius	68.9259
Astragalus_macropelmatus	69.1111
Astragalus_aucheri	66.5
Astragalus_muelleri	61.8571
Astragalus_tschujensis	62.0833
Astragalus_sinaicus	73.0727
Astragalus_sphaeranthus	50.6667
Astragalus_argentinus	35.5
Astragalus_falcigerus	56.25
Astragalus_turbinatus	65.1667
Astragalus_fragiferus	60.8
Astragalus_tabrisianus	39
Astragalus_bolanderi	55.8219
Astragalus_asper	69.7045
Astragalus_monadelphus	64.3
Astragalus_chiukiangensis	48.5
Astragalus_cibarius	72.4052
Astragalus_buchtormensis	68.2111
Astragalus_macrotrichus	63.5333
Astragalus_umbellatus	55.5022
Astragalus_canoflavus	35
Astragalus_sempervirens	62.3697
Astragalus_spruneri	70.9667
Astragalus_rubrolineatus	58.25
Astragalus_pomonensis	70.9094
Astragalus_baissunensis	39.5
Oxytropis_ochrantha	71.5556
Astragalus_complicatus	35.5
Astragalus_anxius	61.1111
Astragalus_anni-novi	56.25
Astragalus_pueblae	58.6
Astragalus_polaris	53.957
Astragalus_shiroumensis	50.9767
Astragalus_citrinus	72.0769
Astragalus_neocarpus	39.5
Astragalus_tanguticus	41.5
Astragalus_cancellatus	71.3125
Astragalus_orbiculatus	0
Astragalus_ajubensis	67.4286
Astragalus_duchesnensis	78.6479
Astragalus_eremophilus	77.2727
Astragalus_epiglottis	72.9361
Astragalus_jejunus	75.5217
Astragalus_kavirensis	39.5
Astragalus_fenzelianus	65.0769
Astragalus_stella	74.419
Astragalus_fabaceus	69.8462
Astragalus_maxwellii	56
Astragalus_parwanicus	50
Oxytropis_macrocarpa	58.3333
Astragalus_tortipes	61.75
Astragalus_pringlei	67.6471
Astragalus_pellitus	62.2
Astragalus_depressus	62.7407
Astragalus_kaghysmani	39
Astragalus_griseus	60.2
Astragalus_americanus	58.72
Astragalus_sinaloae	50.6667
Astragalus_alopecias	66.5714
Astragalus_bergii	63.6667
Astragalus_smithianus	50.25
Astragalus_secundus	26
Oxytropis_falcata	74.4
Astragalus_calycinus	69.1053
Astragalus_platytropis	70.6712
Astragalus_connectens	39
Astragalus_detritalis	76.5472
Astragalus_infestus	64.6667
Astragalus_phoenix	80.4444
Astragalus_melilotoides	68.8456
Astragalus_mendocinus	57
Astragalus_nummularius	57.6667
Astragalus_sahendi	45
Astragalus_bryantii	38
Astragalus_sanctorum	60.625
Astragalus_lilacinus	59.4
Astragalus_zagrosicus	53.75
Astragalus_laccoliticus	36.5
Oxytropis_microphylla	73.9789
Astragalus_rusbyi	56.7647
Astragalus_havianus	63.2
Astragalus_jaegerianus	73.9231
Astragalus_maroccanus	52
Astragalus_agnicidus	52.3684
Astragalus_sabulonum	81.2176
Oxytropis_pauciflora	68.8673
Astragalus_incertus	59.2353
Astragalus_wingatanus	75.7947
Astragalus_robbinsii	58.0405
Astragalus_dodtii	63.6
Astragalus_discolor	40.5
Astragalus_habamontis	33.5
Astragalus_mongholicus	65.4191
Astragalus_pseudocyclophyllus	58.75
Astragalus_desereticus	61.75
Astragalus_dependens	40.5
Astragalus_castaneiformis	66.9032
Astragalus_rytidocarpus	60.5556
Oxytropis_mertensiana	55.0725
Astragalus_saganlugensis	46.6667
Astragalus_fridae	52
Astragalus_caeruleopetalinus	51
Tragacantha_densifolia	63.5556
Oxytropis_kansuensis	69.9574
Astragalus_parryi	65.8926
Oxytropis_adamsiana	56.6688
Astragalus_iodanthus	75.6937
Astragalus_argutensis	66.7143
Astragalus_freynii	42.8
Astragalus_hemiphaca	47.6667
Astragalus_subarcuatus	54.5
Astragalus_gebleri	44
Astragalus_mohavensis	79.3386
Astragalus_subverticillatus	38
Astragalus_ackermanii	69.7143
Astragalus_dignus	66.35
Astragalus_heptapotamicus	33.5
Astragalus_alpamarcae	33.5
Astragalus_laspurensis	40.5
Astragalus_sericophyllus	67.4211
Astragalus_satoi	55
Astragalus_camptopus	76.6515
Astragalus_przewalskii	67.1429
Astragalus_pseudoindurascens	38
Astragalus_carinatus	63.6667
Astragalus_manucehrii	38.5
Astragalus_latifolius	67.4444
Astragalus_dzebrailicus	35
Astragalus_reuterianus	59.5
Astracantha_pterocephala	46.3333
Astragalus_woodruffii	79.625
Astragalus_icmadophilus	43.6667
Astragalus_maireanus	37.5
Astragalus_calamistratus	38.5
Astracantha_oleifolia	68.8571
Astragalus_circumdatus	69.8108
Astragalus_waterfallii	75.9615
Astragalus_tamiricus	37
Astragalus_fastidius	78.5132
Astragalus_xanthoxiphidiopsis	67.5556
Astragalus_cochabambensis	31.5
Astragalus_ammotrophus	38
Astragalus_tolmaczevii	57.6389
Astragalus_pseudomultijugus	52
Astragalus_rosellus	37
Astragalus_cysticalyx	64.2857
Astragalus_sophoroides	78.7083
Astragalus_emoryanus	78.114
Astragalus_hamiltonii	76.8537
Astragalus_subvestitus	65
Astragalus_elymaiticus	38.5
Astragalus_mulfordiae	72.65
Oxytropis_besseyi	72.5076
Astragalus_bibullatus	51.8462
Astragalus_demetrii	49.25
Astragalus_akkensis	59.5
Astragalus_veresczaginii	34
Astragalus_varus	48.5
Oxytropis_campestris	57.4301
Astragalus_schahrudensis	68.875
Astragalus_melanocalyx	40.5
Astragalus_pauperculus	60.8861
Astragalus_perianus	62.8056
Astragalus_adulterinus	38
Astragalus_asterias	77.5282
Astragalus_hauarensis	77.9744
Astragalus_chomutowii	61.8
Oxytropis_nigrescens	55.6622
Astragalus_eugenii	33
Astracantha_caucasica	53.75
Astragalus_jodostachys	26.5
Astragalus_colhuensis	38.5
Astragalus_vereskensis	34.5
Astragalus_cyri	46
Astragalus_pseudobrachystachys	58.75
Astragalus_bakaliensis	39.5
Astragalus_longissimus	61.875
Astragalus_jesdianus	52.3333
Onobrychis_conferta	61.6907
Astragalus_jagnobicus	30
Astragalus_nuttallii	64.6804
Astragalus_shagalensis	35.5
Astragalus_persicus	59.6667
Astragalus_ferganensis	39.5
Astragalus_stipitatus	67.7
Astragalus_lorinserianus	37.5
Astragalus_terracianoi	44.6667
Astragalus_reticulatus	60.2
Astragalus_luxurians	39.3333
Astragalus_allochrous	75.4508
Astragalus_utahensis	73.4564
Astragalus_kirpicznikovii	53.25
Astragalus_triradiatus	65.1429
Astragalus_shultziorum	52.0667
Astragalus_kialensis	66.4286
Astragalus_kaufmannii	55.25
Astragalus_johannis-howellii	73.8095
Astragalus_sanandajianus	39
Astragalus_piscinus	70.625
