Oxytropis_deflexa	19.6072
Astragalus_polyphyllus	20
Astragalus_kurtschumensis	20
Astragalus_intarrensis	17.5
Astragalus_neolipskyanus	35.5
Astragalus_penduliflorus	18.7953
Astragalus_famatinae	8.2
Astragalus_idaeus	17
Astragalus_cryptanthus	5.25
Astragalus_schistosus	11.2
Astragalus_kabadianus	19.5
Oxytropis_exserta	12.2273
Astragalus_peckii	16.75
Astragalus_paposanus	1.83333
Astragalus_ceramicus	32.6754
Astragalus_ernestii	35.1613
Astragalus_sardaimionensis	36.8
Astragalus_lagopoides	25.75
Astragalus_umbraticus	0.185185
Astragalus_mirabilis	10
Astragalus_aksuensis	30.3026
Astragalus_uraniolimneus	15.5714
Astragalus_cuyanus	0
Astragalus_tehuelches	0
Astragalus_brandegeei	19.8889
Astracantha_denudata	23.4167
Astragalus_howellii	29.4848
Astragalus_borodinii	10.2
Astragalus_thurberi	12.4304
Astragalus_lessertioides	9
Astragalus_zohrabi	7.33333
Astragalus_substipitatus	26.5
Astragalus_batangensis	31
Astragalus_tennesseensis	7.16484
Astragalus_salsugineus	26
Astragalus_pulviniformis	0
Astragalus_subumbellatus	36.2308
Astragalus_diphacus	19.8
Astragalus_ammodytes	0
Astragalus_brachyodontus	21.25
Astragalus_domeykoanus	18.2857
Astragalus_lurorum	0
Astragalus_achundovii	16
Astragalus_lacei	2.5
Astragalus_coriaceus	20.7143
Astragalus_xiphidium	12.1429
Oxytropis_tianschanica	21.4
Astragalus_phlomoides	0
Astragalus_durandianus	24.3333
Astragalus_caprinus	1.60887
Astragalus_urceolatus	21
Astragalus_canadensis	15.4186
Astragalus_mangeri	3.66667
Astragalus_cymbicarpos	4.49451
Astragalus_pseudoborodinii	4
Astragalus_leiosemius	25.5
Astragalus_verticillatus	0
Astragalus_asymmetricus	17.7113
Astragalus_flexus	22.0714
Astragalus_peterae	45.1111
Astragalus_anserinus	46.85
Astragalus_eurekensis	36.1892
Astragalus_polozhiae	25.6667
Astragalus_conspicuus	20.6667
Astragalus_multiceps	36.8889
Astragalus_podocarpus	11.5
Astragalus_eremiticus	29.772
Astragalus_stalinskyi	19.75
Astragalus_cimae	6.5
Astragalus_tortuosus	24.25
Astragalus_denticulatus	26
Astragalus_eucosmus	13.147
Astragalus_reventiformis	26.2459
Astragalus_patagonicus	8.64706
Astragalus_gilgitensis	28.25
Astragalus_kunlunensis	11.5
Astragalus_bezudensis	43.125
Astragalus_atwoodii	8
Astragalus_ovigerus	25
Astragalus_campylotrichus	7
Astragalus_spatulatus	50.2535
Astragalus_holmgreniorum	2.35294
Astragalus_graveolens	26.1515
Oxytropis_jordalii	14.6889
Astragalus_iselyi	25.2353
Astragalus_odoratus	23.45
Astragalus_harrisonii	17.2857
Astragalus_misellus	24.2647
Astragalus_sesquiflorus	15.1837
Oxytropis_albana	28.9375
Astragalus_jiuquanensis	8
Astragalus_cytisoides	25.3333
Astragalus_kralikii	5.66667
Astragalus_triflorus	2.84211
Astragalus_boeticus	2.4498
Astragalus_goldmanii	17.1818
Astragalus_vulpinus	19.32
Astragalus_macropterus	22.6
Astragalus_diminutivus	0.785714
Astragalus_uniflorus	33.4231
Astragalus_khoshjailensis	28
Astragalus_shelkovnikovii	15.5
Astragalus_gorodkovii	0
Astragalus_cognatus	26
Astragalus_basineri	19
Astragalus_miser	24.7218
Astragalus_salmonis	40.3333
Astragalus_angarensis	8.48718
Astragalus_yunnanensis	42.9697
Astragalus_schmalhausenii	34.2222
Astragalus_monanthemus	27
Oxytropis_oreophila	19
Astragalus_caroli-henrici	27
Astragalus_leucolobus	1.65132
Astragalus_megalanthus	4
Astragalus_setosulus	4.25
Astragalus_biebersteinii	19.5
Astragalus_ornithopodioides	26
Astragalus_desperatus	19.1579
Astragalus_viridis	19.5
Astragalus_sinicus	2.30212
Astragalus_chaetodon	0
Astragalus_tremolsianus	27.6667
Astragalus_melanodon	20.3333
Astragalus_pseudojohannis	7
Astragalus_psilocentros	10.4857
Astragalus_atropubescens	29.8514
Astragalus_vaccarum	14.0625
Astragalus_sesamoides	34
Astragalus_adanus	47.4032
Astragalus_distortus	17.0445
Astragalus_gaubae	0
Astragalus_luteolus	45
Astragalus_hypsogenus	0
Astragalus_kungurensis	0
Astragalus_calliphysa	0
Astragalus_euchlorus	23.1667
Astragalus_galegiformis	8.91892
Astragalus_limprichtii	13.5714
Astragalus_layneae	5.11736
Astragalus_racemosus	51.171
Astragalus_basiflorus	0
Astragalus_limnocharis	16.4118
Astragalus_egglestonii	13.4688
Astragalus_neobarnebyanus	13.3333
Astragalus_cremnophylax	7.9
Astragalus_lancearius	16.55
Astragalus_discernendus	22.75
Astragalus_debequaeus	35.3
Astragalus_callistachys	11.5
Astragalus_puniceus	45.7111
Astragalus_parvus	14.15
Astragalus_solitarius	38
Astragalus_chionobiiformis	16
Astragalus_speirocarpus	28.14
Oxytropis_czukotica	14.6098
Astragalus_brachycarpus	17.65
Astragalus_dielsii	24.8333
Astragalus_sikkimensis	16.8333
Astragalus_monticola	0
Astragalus_sutchuenensis	15.5
Astragalus_hymenocystis	0
Astragalus_casapaltensis	41.6667
Astragalus_soxmaniorum	9.87805
Astragalus_beketowi	36
Astragalus_sedaensis	23
Astragalus_isphairamicus	24.5
Astragalus_schmolliae	15
Astragalus_aboriginum	15.6325
Astragalus_welshii	20.7778
Astragalus_lacteus	11.3636
Astragalus_scaphoides	41.5625
Astragalus_bellus	0
Astragalus_alvordensis	35.122
Astracantha_diphtherites	7.4
Astragalus_eriocarpus	25.1818
Astragalus_sangimashensis	38
Astragalus_khasianus	0.166667
Astragalus_bisulcatus	42.6463
Astragalus_vesicarius	8.45455
Astragalus_balearicus	0
Astragalus_deanei	1.79167
Astragalus_megalomerus	25.75
Astragalus_amphioxys	16.0189
Astragalus_trichopodus	5.06467
Astragalus_loanus	13.3333
Astragalus_unifoliolatus	16.3333
Astragalus_micromerius	28.3636
Astragalus_owirensis	9
Astragalus_spinescens	31
Astragalus_oroproselius	26
Astragalus_hartmanii	6
Oxytropis_jonesii	9.33333
Astragalus_takhtadzhjanii	30.3333
Astragalus_alopecuroides	1.97393
Astragalus_plattensis	53.1107
Astragalus_crassifolius	33.375
Astragalus_coronilla	0
Astragalus_inaequalifolius	17.3333
Astragalus_dictamnoides	27
Astragalus_adpressipilosus	17.25
Oxytropis_immersa	28.6667
Astragalus_peltatus	26.25
Astragalus_ptychophyllus	0
Astragalus_reesei	0
Astragalus_polyceras	34.6667
Astragalus_remotiflorus	11
Astragalus_helmii	3.70455
Astragalus_pseudokurrumensis	10.5
Astragalus_magellanicus	17.6667
Astragalus_petropolitanus	5.66667
Astragalus_dingjiensis	6
Astragalus_andaulgensis	46
Astragalus_crymophilus	0
Astragalus_chordorrhizus	13.4
Astragalus_illinii	2.125
Astragalus_kentrophyta	30.9898
Astragalus_chamaemeniscus	27.6061
Astragalus_palenae	25
Astragalus_registanicus	22.6667
Astragalus_maassoumii	13.5
Astragalus_fedtschenkoanus	27.2857
Astragalus_gracilidentatus	13.5
Astragalus_limariensis	14
Oxytropis_coerulea	14.4359
Astragalus_cyaneus	29.3
Astragalus_anthosphaerus	49.3333
Astragalus_corniculatus	3.66667
Astragalus_barnebyi	17.5
Astragalus_abbreviatus	34
Astragalus_purpusii	13.6341
Astragalus_brachypetalus	13.8
Astragalus_pinonis	24.3286
Astragalus_maurus	0
Astragalus_suberosus	7.73529
Astragalus_laguroides	31.8667
Astragalus_rattanii	2.72109
Astragalus_psilolobus	26
Astragalus_fraxinifolius	21
Astragalus_humistratus	12.6421
Astragalus_callichrous	2.21898
Astragalus_vogelii	0
Astragalus_gueldenstaedtiae	0
Astragalus_wrightii	35.4138
Astragalus_zingeri	0.214286
Astragalus_pennellianus	11.5
Astragalus_toquimanus	10.6471
Astragalus_daghestanicus	14.8571
Astragalus_confertus	31.7403
Astragalus_fruticosus	13.125
Astragalus_atropurpureus	16.6
Astragalus_pseudoaustralis	25
Astragalus_orthocarpus	11.75
Astragalus_medius	17.1429
Astragalus_khwaja-muhammadensis	27
Carmichaelia_violacea	48.5
Astragalus_schinetorum	0
Astragalus_agraniotii	9
Astragalus_tumninensis	14.5
Astragalus_aspreticola	0
Astragalus_argophyllus	31.1744
Astragalus_dianthus	37.8
Astragalus_urbanianus	0
Astragalus_accumbens	20.625
Oxytropis_humifusa	24.2556
Astragalus_wenxianensis	2.5
Astragalus_sharestanicus	22.5
Astragalus_polycladus	39.5455
Astragalus_nitidiflorus	1.66667
Oxytropis_pilosa	3.38788
Astragalus_hispidulus	0.19403
Astragalus_wetherillii	42.4737
Astragalus_mucidus	32.2
Astragalus_remotus	4.5
Astragalus_calycosus	23.1818
Astragalus_congdonii	7.33333
Astragalus_agrestis	31.6645
Astragalus_kohrudicus	13.5
Astragalus_haesitabundus	24.1667
Astragalus_arcuatus	26
Astragalus_crassispinus	38.5
Oxytropis_obnapiformis	32.6667
Astragalus_chrysostachys	16.8571
Astragalus_hoodianus	28
Astragalus_rzaevii	6.5
Astragalus_aegobromus	24.25
Sutherlandia_microphylla	19.398
Astragalus_quinquefoliolatus	0
Astragalus_hypoglottis	6.41136
Astragalus_coccineus	8.17413
Astragalus_panduratus	5.5
Astragalus_cronquistii	9.76923
Astragalus_tribuloides	1.08597
Astragalus_shevockii	1.54545
Astragalus_austrosibiricus	15.6105
Astragalus_karkarensis	4.66667
Astragalus_greggii	18.1724
Oxytropis_racemosa	40.125
Astragalus_varius	6.07656
Astragalus_mayeri	12.0769
Astragalus_didymocarpus	7.13568
Astragalus_simplicifolius	37.5667
Astragalus_agameticus	12
Astragalus_cymboides	19.1515
Astragalus_monumentalis	15.5893
Astragalus_zanskarensis	24.3036
Astragalus_edmondsonii	13.5
Astragalus_peterfii	5.75
Astragalus_kirrindicus	9
Astragalus_eusarathron	0
Astragalus_macropodium	21.5
Astragalus_politovii	18.3333
Astragalus_georgii	11
Astragalus_oniciformis	33.8421
Astragalus_fucatus	11.3564
Astracantha_gummifera	14.5625
Astragalus_pusillus	13.8261
Astragalus_spaldingii	30.3235
Astragalus_daleae	1.75
Astragalus_turczaninowii	21.2
Erophaca_baetica	1.24896
Astragalus_pattersonii	32.5407
Sphaerophysa_salsula	26.24
Astragalus_confusus	14
Astragalus_maximowiczii	6
Astragalus_clerceanus	0
Astragalus_stepporum	0
Astragalus_arizonicus	9.57062
Astragalus_bashgalensis	0
Astracantha_aurea	24.6889
Astragalus_cretaceus	5.36207
Astragalus_tongolensis	46.8148
Astragalus_ornithorrhynchus	21.6667
Astragalus_accidens	9.63291
Astragalus_ruiz-lealii	0
Astragalus_hypoleucus	20.338
Astragalus_inyoensis	14.4074
Astragalus_ovatus	12.75
Astragalus_laricus	16.3333
Astragalus_longidentatus	2.09009
Astragalus_macroceras	21.3333
Astragalus_erivanensis	12
Astragalus_lotiflorus	40.8613
Oxytropis_chionobia	25.2632
Astragalus_kirilovii	20.6667
Astragalus_purpurascens	0
Astragalus_auratus	13.5
Astragalus_kessleri	26
Astragalus_sesameus	2.19993
Astragalus_moranii	2.625
Astragalus_acmophylloides	13
Astragalus_pyrrhotrichus	7.5
Astragalus_firuzkuhensis	9.5
Astragalus_hypogaeus	35.4444
Astragalus_scutaneus	4.73333
Astragalus_leontinus	22.54
Astragalus_jolderensis	14
Astragalus_tricholobus	25.75
Astragalus_webberi	4.21739
Astragalus_lineatus	31.55
Astragalus_clarkeanus	11
Astragalus_cachinalensis	4.2
Astragalus_sieversianus	27.2143
Astragalus_molestus	43.8
Astragalus_sumbari	0
Astragalus_gibbsii	23.9302
Astragalus_oocalycis	32.5581
Astragalus_canescens	25.5
Astragalus_filicaulis	19.92
Astragalus_caricinus	30.5352
Astragalus_fissuralis	25
Astragalus_gladiatus	10.7692
Astragalus_arkalycensis	15.2381
Astragalus_laxmannii	36.4195
Astragalus_yumenensis	26
Astragalus_paraplesius	31
Astragalus_sevangensis	14.15
Astragalus_curvicarpus	31.9722
Astragalus_chlorostegius	0
Astragalus_elatior	7.5
Astragalus_nivalis	18.9506
Astragalus_neglectus	7.04737
Astragalus_nuttallianus	16.9643
Astragalus_clevelandii	2.25424
Astragalus_recurvus	1.52778
Astragalus_hajastanus	23.3333
Astragalus_chorinensis	9.42857
Astragalus_paralurges	26
Astragalus_varzobicus	26
Astracantha_strobilifera	7.66667
Astragalus_oreades	42.3636
Astragalus_leptocaulis	15
Astragalus_munroi	22.619
Astragalus_olgae	36.8
Astragalus_atricapillus	37.3333
Astragalus_echinops	17.25
Astragalus_knightii	18.5
Astragalus_bornmuellerianus	48.75
Astragalus_laetus	43.6
Astragalus_neoburkartianus	8.5
Astragalus_subalpinus	6
Astragalus_scorpioides	2.10638
Astragalus_grahamianus	32.9111
Astragalus_micranthellus	8.68571
Astragalus_tarijensis	17.3333
Astragalus_ampullarius	14.6667
Astragalus_echinatus	3.06863
Astragalus_gymnopodus	50
Astragalus_brachybotrys	33.8571
Astragalus_macropetalus	26.6667
Astragalus_chilienshanensis	39.3333
Astragalus_aksaricus	23.3333
Astragalus_miguelensis	8.5
Astragalus_psilacanthus	20.875
Astragalus_episcopus	15.9355
Astragalus_licentianus	16.5
Astragalus_variabilis	7.6
Astragalus_balchaschensis	12.5
Astragalus_prorifer	3.925
Astragalus_froedinii	8.66667
Astragalus_richii	4.83333
Astragalus_angreni	18.5
Astragalus_erythrolepis	0
Astragalus_purshii	29.4492
Astragalus_johnstonii	0
Astragalus_harringtonii	11.0769
Astragalus_paktiensis	15
Astragalus_brachytropis	22.5
Astragalus_joergensenii	12.5
Astragalus_geniculatus	0
Astragalus_saralensis	19.7436
Astragalus_filipes	30.9937
Astragalus_cuatrecasasii	0
Oxytropis_jacquinii	15.2362
Astragalus_schmidii	13.5
Astragalus_distinens	14
Astragalus_holosemius	0
Astragalus_oophorus	20.1831
Astragalus_altus	8.5
Astragalus_erionotus	35.6
Astragalus_ortholobus	14
Astragalus_squarrosus	2.3
Astragalus_kudrjaschovii	7
Astragalus_neomexicanus	10.5
Astragalus_ophiocarpus	7.36364
Astragalus_lutosus	38.875
Astragalus_conjunctus	29.1216
Astragalus_coahuilae	10.0667
Astragalus_teheranicus	15.3333
Astragalus_eriopodus	22.3
Astragalus_ochreatus	8.5
Astragalus_chamissonis	5.5
Astragalus_donianus	8.25
Astragalus_geyeri	24.4708
Astragalus_duanensis	25.5
Astragalus_bicolor	26.3333
Astragalus_regiomontanus	0
Astragalus_huthianus	0
Astragalus_lunatus	6
Astragalus_whitneyi	26.7661
Astragalus_gompholobium	0
Astragalus_saetiger	32.6667
Astragalus_curvirostris	7.2
Astragalus_semnanensis	0
Astragalus_yoder-williamsii	33.1
Astragalus_oocarpus	3.80723
Astragalus_raphiodontus	35
Astragalus_sanctae-crucis	3.75
Astragalus_sericopetalus	8.5
Astragalus_nigrivestitus	2.5
Astragalus_panamintensis	8.35294
Astragalus_pseudoamygdalinus	13.5
Astragalus_praelongus	19.7959
Astragalus_ancistrocarpus	3.91667
Astragalus_antheliophorus	19.5
Astragalus_arbuscula	0
Astragalus_dictyolobus	32.2
Astragalus_vexilliflexus	28.104
Astragalus_hymenocalyx	0
Astragalus_falconeri	29.5476
Astragalus_feensis	13.4
Astragalus_gracilis	55.8743
Astragalus_sanguineus	11.9726
Astragalus_syreitschikovii	26.6667
Astragalus_sheldonii	28.087
Astragalus_esperanzae	10.2353
Astragalus_albulus	22.1194
Oxytropis_strobilacea	17.3049
Astragalus_bhotanensis	10.1667
Astragalus_minutissimus	13.6
Astragalus_ampullarioides	21
Astragalus_rimarum	28
Astragalus_trigonocarpus	0
Astragalus_oocephalus	4
Astragalus_anemophilus	16.6512
Astragalus_lepsensis	22.5556
Astragalus_eurylobus	16.4706
Astragalus_gruinus	2.07463
Astragalus_huiningensis	39
Astragalus_danicus	8.35485
Astragalus_straussii	14
Astragalus_macrourus	23.5
Astragalus_pauperiflorus	20.3333
Astragalus_erythrosemius	20.6667
Astragalus_radicans	3.71875
Astragalus_diversifolius	34.1714
Astragalus_pseudomegalomerus	7.33333
Astragalus_berteri	6.22222
Astragalus_tragacantha	0.96875
Astragalus_henryi	3.71429
Astragalus_atropilosulus	12.587
Astragalus_schanginianus	25.1837
Astragalus_salatavicus	9.66667
Astragalus_melanostachys	27.0968
Astragalus_bicristatus	1.26606
Astragalus_mikrophyton	28.5
Astragalus_cicer	1.9386
Astragalus_longistipitatus	21
Astragalus_pavlovii	0
Astragalus_paradoxus	27
Astragalus_zacatecanus	18.6
Astragalus_groetzbachii	18
Astragalus_shatuensis	33
Astragalus_compressus	25
Astragalus_sinuatus	23.3
Astragalus_brauntonii	2.52326
Astragalus_aquilanus	11.25
Astragalus_sanczirii	11.5
Astragalus_hymenostegis	13
Astragalus_ovoideus	2.6
Astragalus_perdurans	6.66667
Astragalus_effusus	26.8333
Astragalus_szovitsii	37.7
Astragalus_badamensis	27.6667
Astragalus_preussii	12.9
Astragalus_microphysa	10.8571
Astragalus_saurinus	34.7111
Astragalus_beckerianus	12
Astragalus_rafaelensis	28.1
Oxytropis_splendens	18.3761
Astragalus_capillipes	6.33333
Astragalus_macropus	4.81481
Astragalus_francisquitensis	8.11765
Astragalus_dumetorum	7.66667
Astragalus_arthurii	24.72
Astragalus_moyanoi	5.5
Oxytropis_neglecta	20.2719
Astragalus_quinqueflorus	13.1667
Astragalus_ponticus	10.0909
Astragalus_levieri	27.4783
Oxytropis_yunnanensis	46.2745
Astragalus_trichocarpus	9.33333
Astragalus_consobrinus	9.5
Astragalus_rostratus	28
Astragalus_serenoi	17.6083
Astragalus_lycioides	3.57143
Astragalus_jabbor-khailii	22
Astragalus_linifolius	38.0417
Astragalus_arnoldii	47.3667
Astragalus_vanillae	0
Astragalus_coluteocarpus	42.0455
Hedysarum_boreale	24.6954
Astragalus_buschiorum	13.75
Astragalus_miyalomontis	47
Astragalus_bachmarensis	16
Astragalus_ellipsoideus	26
Astragalus_stenocystis	31.6667
Astragalus_herbertii	12.5
Astragalus_chinensis	3.46667
Astragalus_goniatus	16.75
Astragalus_musiniensis	20.527
Astragalus_lehmannianus	22.1538
Astragalus_tugarinovii	5.98947
Astragalus_lasiopetalus	15.5
Astragalus_hancockii	29.9167
Astragalus_arrectus	23.4318
Astragalus_bungeanus	11.6842
Astragalus_frigidus	11.7788
Astragalus_macrotropis	18.1667
Astragalus_siahderrensis	45.5
Astragalus_sabuletorum	0
Astragalus_lumsdenianus	31
Astragalus_pamirensis	23.4
Astragalus_longipetiolatus	5
Astragalus_diopogon	0
Astragalus_lindheimeri	50.5484
Astragalus_clandestinus	10.5
Astragalus_holophyllus	19.5
Astragalus_persepolitanus	4.18182
Astragalus_pubentissimus	34.7108
Oxytropis_bicolor	14.0408
Astragalus_arnottianus	5.25
Astragalus_ankylotus	0
Astragalus_platyphyllus	37.7333
Astragalus_riparius	14.5
Astragalus_hyalolepis	15.5
Astragalus_kazbeki	23.2857
Astragalus_muliensis	30
Astragalus_orbicularifolius	60.125
Astragalus_alyssoides	20.5714
Astragalus_baionensis	2.18182
Oxytropis_scammaniana	14.8417
Astragalus_valparadisiensis	14
Oxytropis_poncinsii	14.0263
Astragalus_arequipensis	17.4103
Astragalus_webbianus	21.2917
Astragalus_siliceus	37.7778
Oxytropis_nutans	25.5
Astragalus_stenanthus	44.2
Astragalus_grubovii	13.2
Astragalus_coquimbensis	2.05882
Astragalus_brachycentrus	0
Astragalus_raddei	19.8333
Astragalus_albicaulis	3.38144
Astragalus_nigrolineatus	13
Astragalus_ammodendron	22.4
Astragalus_strigulosus	22.3006
Astragalus_inopinatus	11.5741
Astragalus_australis	18.687
Astragalus_mucronifolius	1.91667
Astragalus_kifonsanicus	16.0909
Astragalus_trachoniticus	0
Astragalus_souliei	22.2
Astragalus_cracca	0
Astragalus_amblytropis	30.5455
Astragalus_ertterae	2.66667
Astragalus_granitovii	13.5
Astragalus_juratzkanus	1.7
Astragalus_megacarpus	33.2667
Astragalus_glabellus	0
Astragalus_testiculatus	11.0147
Astragalus_jaliscensis	7.06667
Astragalus_nuciferus	47.1667
Astragalus_stenolepis	8.33333
Astragalus_hamosus	3.01968
Astragalus_bombycinus	0
Astragalus_vesiculosus	7.1875
Astragalus_flavus	23.3181
Astragalus_oihorensis	21
Astragalus_marinus	0
Astragalus_propinquus	12.1618
Astragalus_verrucosus	1.42857
Astragalus_tenellus	32.1994
Astragalus_columbianus	30
Astragalus_brazoensis	33.2973
Astragalus_chorizanthus	14
Astragalus_amnis-amissi	32.25
Astragalus_johannis	5.5
Astragalus_gentryi	5.84211
Astragalus_carmanicus	0
Astragalus_piptocephalus	9
Astragalus_fabrisii	0
Astragalus_oxyodon	19.25
Astragalus_minthorniae	8.19872
Astragalus_dulungkiangensis	10
Astragalus_humifusus	18.6154
Astragalus_gorczakovskii	3.375
Astragalus_ammodendroides	14
Astragalus_weberbaueri	27.96
Astragalus_coltonii	27.1438
Astragalus_tatsienensis	28.7778
Astragalus_rufescens	11.5
Astragalus_centralis	0
Astragalus_strigosostipulatus	21.5
Astragalus_glaux	4.39313
Astragalus_guttatus	5.41071
Astragalus_toksunensis	6
Astragalus_leucocladus	25
Astragalus_edulis	1.22222
Astracantha_karabaghensis	22.8
Astragalus_bifidus	0
Astragalus_ecbatanus	3.75
Astragalus_nutriosensis	15.75
Astragalus_demavendicolus	0
Astragalus_cinereus	28.3333
Astragalus_monspessulanus	4.49073
Astragalus_miniatus	30.7273
Astragalus_hololeucoides	8.4
Phyllolobium_tribulifolium	49.6667
Astragalus_rubriflorus	28
Astragalus_naftabensis	34.6
Astragalus_nutans	1.43678
Astragalus_galiifolius	12.5
Astragalus_susianus	19.4286
Astragalus_siliquosus	23.1818
Astragalus_cryptobotrys	16.8824
Astragalus_oxyphysus	16.6691
Astragalus_terminalis	41.9683
Astragalus_striatiflorus	10.9333
Astragalus_xylobasis	17.1
Astragalus_mattam	59.7857
Astragalus_taipaishanensis	18.6667
Astragalus_plumbeus	20.6667
Astragalus_sabulosus	24.8889
Astragalus_utriger	6.29787
Astragalus_mercklinii	15.1429
Astragalus_ledinghamii	0
Astragalus_punctatus	10
Astragalus_anacardius	0
Astragalus_peduncularis	31.8462
Astragalus_sparsus	0
Astragalus_bidentatus	5.5
Astragalus_supinus	8.5
Astragalus_leptocarpus	22.2727
Astragalus_missouriensis	48.3971
Astragalus_camptodontoides	19.75
Astragalus_applegatii	11.25
Astragalus_lyallii	25.697
Astragalus_brachystachys	1.04545
Astragalus_rupifragus	6.66
Astragalus_pendulinus	7.66667
Astragalus_leiophyllus	32.4286
Astragalus_cephalanthus	4.33333
Astragalus_sprucei	31.5714
Astragalus_kustanaicus	22
Astragalus_drupaceus	5.91667
Astragalus_pinetorum	25.8529
Astragalus_biovulatus	7.66667
Astragalus_exscapus	3.21717
Astragalus_commixtus	15.5
Astragalus_serpens	21.0769
Smirnowia_turkestana	0.5
Astragalus_charguschanus	18.6957
Astragalus_baba-alliar	7.25
Astragalus_noziensis	15.5
Astragalus_platysematus	0
Astragalus_lipskyi	7
Astragalus_trichanthus	37
Astragalus_ciceroides	22.3333
Astragalus_deminutivus	0
Astragalus_tibetanus	23.6187
Astragalus_solandri	2
Astragalus_ebenoides	13
Astragalus_nutzotinensis	12.0459
Astragalus_macronyx	34.5714
Astragalus_troglodytus	1.55319
Astragalus_cottonii	0
Astragalus_malacus	28.1777
Astragalus_polygala	20
Astragalus_lambinonii	25.5
Astragalus_efoliatus	25.1667
Astragalus_glumaceus	6.75
Astragalus_heydei	11
Astragalus_equisolensis	28.7143
Astragalus_lasiophyllus	33
Oxytropis_ochotensis	6.21429
Astragalus_cobrensis	8.92593
Astragalus_sulfuratus	25.75
Astragalus_khaneradarensis	0
Astracantha_cerasocrena	10
Astragalus_ensifer	0
Astragalus_petraeus	13
Astragalus_puberulus	23.6774
Astragalus_curvicaulis	18.6667
Astragalus_chloodes	34.9643
Astragalus_kerkukiensis	0
Astragalus_barbatus	21.8333
Astragalus_alaschanus	4
Astragalus_cavanillesii	0
Astragalus_tupalangi	33
Astragalus_nelidae	1.57143
Astragalus_brevipes	19
Astracantha_cretica	14.3175
Astragalus_armeniacus	26
Oxytropis_nana	42.6875
Astragalus_consanguineus	26
Astragalus_dasyanthus	0.253968
Astragalus_thermensis	0
Astragalus_nivicola	13.0909
Oxytropis_ciliata	40.6
Astragalus_seidabadensis	17
Astragalus_spegazzinii	6.5
Astragalus_subrosulariformis	26
Astragalus_somcheticus	11.68
Astragalus_coluteopsis	0
Astragalus_lasiosemius	41.275
Astragalus_piutensis	19.9167
Astragalus_gypsodes	4.18182
Astragalus_germaini	10.5
Astragalus_burkartii	18.3846
Astragalus_nigriceps	8.33333
Astragalus_apollineus	27.2
Astragalus_savellanicus	19
Astragalus_intercedens	0.65
Astragalus_pseudoadsurgens	17.4
Astragalus_exasperatus	30.5
Astragalus_lentiformis	13.8148
Astragalus_acutifolius	14.5
Astragalus_pseudohypogaeus	18.5
Astragalus_bodinii	19.3628
Astragalus_anfractuosus	0
Astragalus_cisoxanus	18
Astracantha_stenonychioides	22.25
Astragalus_brachylobus	22.96
Astragalus_kuschkensis	12.6667
Astracantha_parnassi	7.11111
Astragalus_obcordatus	5.38028
Astragalus_pectinatus	48.5668
Astragalus_traskiae	0
Astragalus_gambelianus	6.96616
Astragalus_zerdanus	0
Astragalus_simpsonii	11.3333
Astragalus_jaxarticus	26.6667
Astragalus_wolgensis	4.11628
Astragalus_hyrcanus	11.2
Astragalus_macrosemius	12.25
Astragalus_balfourianus	29.125
Astragalus_lemmonii	34.617
Astragalus_malacoides	16.7692
Astragalus_giganteus	8.9
Astragalus_douglasii	6.02103
Astragalus_chaidamuensis	15.2
Astragalus_pardalinus	13.4286
Astragalus_rawianus	12.5
Astragalus_dendroides	24.75
Astragalus_lucidus	12.5
Astragalus_vavilovii	36.5
Astragalus_nephtonensis	5
Astragalus_reduncus	15.0238
Astragalus_cottamii	20.6667
Astragalus_mahoschanicus	50.1429
Astragalus_grayi	35.4412
Astragalus_mesites	10.5
Astragalus_shinanensis	12.5
Astragalus_djilgensis	13.5
Astragalus_hirsutus	18.25
Astracantha_microcephala	22.0541
Astragalus_vaginatus	7.13333
Astragalus_faurei	0
Astragalus_aequalis	2.26923
Astragalus_versicolor	21
Astragalus_atrovinosus	34.6667
Astragalus_glomeratus	0
Oxytropis_sericea	39.5596
Astragalus_bourgaeanus	3.38462
Astragalus_deterior	22
Astragalus_naturitensis	31.25
Astragalus_vulcanicus	10.5
Astragalus_lanuginosus	32.1667
Astragalus_reinii	7.25
Astragalus_avicennicus	14
Astragalus_myrianthus	17
Astragalus_cenorrhynchus	29.5
Astragalus_brevidens	18.5
Astragalus_schrenkianus	28.75
Astragalus_rhacodes	23.5
Astragalus_emarginatus	8.5
Astragalus_anisacanthus	8.16667
Astragalus_retusifoliatus	29
Astragalus_obscurus	34.0714
Astragalus_curtipes	13.5696
Astragalus_skythropos	35.4286
Astragalus_imitensis	32.1429
Astragalus_neuquenensis	4.6
Astragalus_leptus	22.8333
Astragalus_tephrolobus	32.75
Astragalus_succumbens	19.5204
Astragalus_lyonnetii	9.35714
Astragalus_pakistanicus	38
Astragalus_englerianus	18.2
Astragalus_pehuenches	10.0136
Astragalus_proximus	28.9091
Astragalus_hemsleyi	31
Astragalus_korovinianus	0
Astragalus_vallaris	34.5769
Astragalus_scleroxylon	26
Astragalus_karelinianus	3.83333
Astragalus_mario-sousae	13.6667
Astragalus_chingoanus	28.5
Astragalus_nematodes	48.2
Astragalus_breviscapus	21.6
Astragalus_weddellianus	19.35
Astragalus_depauperatus	13.7368
Astragalus_dactylocarpus	0
Astragalus_cuscutae	13
Astragalus_crypticus	6.66667
Astragalus_micrancistrus	8.33333
Astragalus_supervisus	25
Astragalus_nidularius	12.4783
Astragalus_takharensis	31
Astragalus_bracteosus	0
Astragalus_pallescens	3.52381
Astragalus_weixinensis	23.5
Astragalus_orthocarpoides	14.5
Astragalus_iodopetalus	32.0625
Astragalus_acutirostris	5.6872
Astragalus_darwinianus	0
Astragalus_demavendicus	18.7143
Astragalus_variegatus	29.6
Astragalus_arganaticus	26
Astragalus_curviflorus	0
Astragalus_lithophilus	28.8333
Astragalus_vessalae	28.5
Astragalus_stipulatus	5
Astragalus_pseudoversicolor	31.75
Tragacantha_fasciculifolia	0.785714
Astragalus_reventus	28.0769
Astragalus_impexus	0
Astragalus_magdalenae	3.54651
Astragalus_crotalariae	1.73163
Astragalus_dilutus	34.6829
Astragalus_gombo	0
Astragalus_physodes	17.4516
Astragalus_oxyphysopsis	0
Astragalus_armatus	2.84375
Astragalus_scaberrimus	20.0294
Astragalus_sparsiflorus	23.3636
Astragalus_tolucanus	9.77778
Astragalus_scopulorum	26.0787
Astragalus_cornutus	5.30667
Astragalus_californicus	19.04
Astragalus_karakugensis	24.6667
Astragalus_lentiginosus	15.8953
Astragalus_ibrahimianus	9.72727
Astragalus_aschuturi	0
Astragalus_edmondstonei	22.7143
Astragalus_lupulinus	19.2593
Astragalus_lamondiae	0
Astragalus_nudisiliquus	37.2921
Astragalus_aduncus	5.26667
Astragalus_newberryi	16.5733
Astragalus_termeanus	0
Astragalus_endytanthus	40.25
Astragalus_incanus	2.97356
Astragalus_kolymensis	4.15385
Astragalus_degensis	36
Astragalus_sanguinolentus	20.9167
Astragalus_filiformis	39
Oxytropis_lambertii	34.4994
Astragalus_retamocarpus	13.2222
Astragalus_scabrisetus	6.5
Astragalus_oncotrichus	0
Astragalus_scoparius	23
Astragalus_gracilipes	33.75
Astragalus_hispanicus	1.44578
Astragalus_olchonensis	17.5714
Astragalus_abnormalis	17
Astragalus_chamaeleuce	36.6433
Astragalus_plagiophacos	15
Astragalus_carduchorum	15.75
Astragalus_lalesarensis	10.8333
Astragalus_physocarpus	18.2
Astragalus_wittmannii	61.75
Astragalus_asplundii	0
Astragalus_flexuosus	30.5286
Astragalus_eriostomus	0
Astragalus_nothoxys	14.6333
Astragalus_aleppicus	0.666667
Astragalus_villosus	4.21212
Clianthus_puniceus	7.5641
Astragalus_pauper	23
Astragalus_valerianensis	5
Astragalus_globiceps	4.25
Astragalus_neurophyllus	41.5
Astragalus_oxyrhynchus	11.5366
Astragalus_molybdenus	32.1667
Astragalus_aspindzicus	0
Astragalus_piletocladus	0
Astragalus_beckii	32
Eremosparton_flaccidum	1
Astragalus_tenuifolius	0
Astragalus_nyensis	2.57576
Astragalus_montigenus	21.75
Astragalus_tener	10.5823
Astragalus_yangtzeanus	28
Astragalus_pseudoutriger	8.66667
Astragalus_tribulifolius	27.3333
Astragalus_helleri	13.6071
Astragalus_speciosus	27
Astragalus_angustiflorus	12.8788
Astragalus_kuramensis	22.1667
Astragalus_tephrosioides	42.6667
Oxytropis_recognita	29.7143
Astragalus_taschkendicus	19.5
Astragalus_microcymbus	23.8889
Astragalus_dahuricus	10
Astragalus_porrectus	21.475
Astragalus_stenoceras	18.7097
Astragalus_erubescens	12.5
Astragalus_sphaerocystis	0
Astragalus_tyghensis	29.5556
Astragalus_alpinus	10.3921
Astracantha_granatensis	6.75434
Swainsona_formosa	9.45586
Astragalus_littoralis	0
Astragalus_caraganae	25.5833
Astragalus_arbelicus	13.5
Astragalus_castetteri	14.1667
Astragalus_albens	2.28
Astragalus_humilis	19
Astragalus_sieberi	0
Astragalus_rahensis	8.6
Astragalus_contortuplicatus	9.15385
Astragalus_saccatus	0
Astragalus_carminis	12.1429
Astragalus_xipholobus	24.5
Astragalus_shortianus	39.1991
Astragalus_bernardinus	2.5
Astragalus_cyclophyllon	45.3333
Astragalus_concretus	24.8125
Astragalus_craibianus	26
Astragalus_norvegicus	15.8992
Astragalus_funereus	7.73333
Astragalus_falciformis	15.1429
Astragalus_glycyphyllos	3.57825
Astragalus_leansanicus	7.22222
Astragalus_inversus	7.95833
Astragalus_bounophilus	16.3333
Astragalus_gudrunensis	0
Astragalus_hamrinensis	0
Astragalus_macrocephalus	26.1892
Astragalus_leptaleus	41.5902
Astragalus_davidii	10.375
Astragalus_maurorum	0
Astragalus_strictilobus	0
Astragalus_podlechii	44.5
Astragalus_peregrinus	0
Astragalus_idrietorum	0
Astragalus_hoantchy	0
Astragalus_maritimus	10.5
Astragalus_pictiformis	19.129
Astragalus_rhizanthus	33.2115
Astragalus_titanophilus	5.66667
Astragalus_borraginaceus	7.5
Astragalus_nudus	17.5
Astragalus_berterianus	4.375
Astragalus_casei	18.2013
Oxytropis_ochrocephala	52.1455
Astragalus_semilunatus	34
Astragalus_glaucus	11.5
Astragalus_managildensis	33.5
Astragalus_wagneri	28
Astragalus_tigridis	28.875
Astragalus_mollissimus	28.8824
Oxytropis_mollis	35.3095
Astragalus_fuliginosus	26
Astracantha_plumosa	29.3333
Astragalus_vexillaris	6.25
Astragalus_andersonii	19.6733
Astragalus_tulinovii	27.0513
Astragalus_scalaris	0.833333
Astragalus_golmuensis	53.4286
Astragalus_ufraensis	0
Astragalus_lonchocarpus	26.561
Astragalus_majevskianus	13.5
Astragalus_handelii	30.2
Oxytropis_vassilczenkoi	7.925
Astragalus_alaicus	25.75
Astragalus_ugamicus	11.75
Oxytropis_hirta	12.8485
Astragalus_marianus	24.25
Astragalus_cottonianus	34.8333
Astragalus_xanthotrichus	0
Astragalus_minimus	0
Astragalus_pulsiferae	21.6389
Astragalus_bonariensis	0
Astragalus_pseudochlorostachys	0
Astragalus_melanochiton	21
Astragalus_uliginosus	8.34756
Astragalus_adsurgens	31.1145
Astragalus_reflexistipulus	2.7
Astragalus_wilmottianus	0
Astragalus_nobilis	46.6667
Astragalus_moellendorffii	0
Astragalus_charadzeae	0
Astragalus_villosissimus	0
Astragalus_humillimus	16.625
Astragalus_oplites	20.125
Astragalus_clarianus	4.85714
Astragalus_tioides	0
Astragalus_spartioides	26
Astragalus_densiflorus	28.9189
Astragalus_tarumensis	0
Astragalus_brachypus	19.75
Astragalus_prilipkoanus	24.25
Astragalus_hidalgensis	15.4615
Astragalus_catabostrychos	7.33333
Astragalus_turolensis	2.07447
Oxytropis_aciphylla	37.8571
Astragalus_monbeigii	51.7407
Oxytropis_koyukukensis	3.90909
Astragalus_piscator	27.7273
Astragalus_askius	16
Oxytropis_talassica	28.6667
Astragalus_semicircularis	11
Astragalus_darii	0
Oxytropis_melanocalyx	47
Astragalus_potosinus	7.57143
Astragalus_osterhoutii	39.6667
Astragalus_tephrodes	6.02217
Astragalus_sirinicus	12.2059
Astragalus_ceratoides	7.61458
Astragalus_aquilonius	30.087
Oxytropis_lapponica	21.1429
Astragalus_chiwensis	1.88889
Astragalus_anisus	32.5263
Astragalus_galactites	31.7241
Astracantha_deinacantha	2.55
Oxytropis_viscida	21.6188
Astragalus_glaucacanthos	5.14286
Astragalus_curvipes	22.1111
Astragalus_comosus	16.1667
Astragalus_wenquanensis	2.5
Astragalus_porphyrocalyx	17.5
Astragalus_sachalinensis	8
Astragalus_tegetarioides	29.5556
Astragalus_micranthus	11.8321
Astragalus_punae	0
Astragalus_tungensis	16
Astragalus_onobrychis	5.23534
Astragalus_aridus	1.0365
Astragalus_toanus	34.2432
Astragalus_terrestris	0
Astragalus_capito	24.1429
Oxytropis_eriocarpa	28.6429
Astragalus_severzovii	1.5
Astragalus_venturii	5.33333
Astragalus_albertoregelia	34
Astragalus_hallii	25.9255
Astragalus_latiunguiculatus	29.25
Astragalus_xanthomeloides	19.75
Astragalus_brevialatus	9.33333
Astragalus_taubertianus	0
Astragalus_amarus	14.5
Astragalus_nurensis	17
Astragalus_sarbasnensis	42.5
Astragalus_vegetus	28.25
Oxytropis_grandiflora	26.3902
Astragalus_hirtus	20
Astragalus_austroaegaeus	0
Oxytropis_taochensis	38.8333
Oxytropis_riparia	37.1818
Astragalus_minutulus	28.5
Astragalus_pycnostachyus	4.31707
Astragalus_dipelta	27.4
Oxytropis_kobukensis	17.4118
Oxytropis_squammulosa	37
Astragalus_legionensis	20.3125
Astragalus_kerrii	3.6
Astragalus_cerasinus	28.5
Astragalus_pseudocytisoides	26
Astragalus_complanatus	11
Astragalus_dombeyi	4
Astragalus_taiyuanensis	13.3333
Astragalus_argyroides	14.8571
Astragalus_straturensis	8.82979
Astragalus_pachypus	7.22396
Astragalus_vallicola	0.25
Astragalus_reichei	31.2143
Astragalus_breweri	4.47525
Astragalus_anisomerus	25.5
Astragalus_chardinii	16.8
Astragalus_porphyrophysa	0
Astragalus_macrostachys	29.7273
Astragalus_pachyrhizus	26.3333
Astragalus_tawilicus	15
Astragalus_grammocalyx	12
Astragalus_bossuensis	29.3333
Astragalus_tidestromii	1.53509
Astragalus_paucijugus	27
Astragalus_hornii	12.25
Astragalus_rawlinsianus	31
Astragalus_ensiformis	6.92857
Astragalus_pseudofragiferus	0
Astragalus_hypoxylus	7.6
Astragalus_williamsii	2.57143
Astragalus_adzharicus	8.25
Astragalus_angustifolius	15.1217
Astragalus_temirensis	21
Astragalus_tiehmii	34.7778
Astragalus_oligophyllus	2
Astragalus_nelsonianus	38.8824
Astragalus_bazmanicus	0
Astragalus_spinosus	0.305369
Astragalus_leibergii	34.359
Astragalus_sericeocanus	5
Astragalus_goktschaicus	5.2
Astragalus_monoensis	24.122
Astragalus_peruvianus	18.3448
Astragalus_dschangartensis	39.8333
Astragalus_xiphoides	12.8667
Astragalus_ishkamishensis	18
Astragalus_cerussatus	35.931
Astragalus_laguriformis	16.5
Astragalus_palmeri	3.20124
Astragalus_hohenackeri	28
Astragalus_brandegei	23
Astragalus_falcatus	13.8846
Astragalus_sommieri	5.5
Astragalus_rytilobus	2.75
Astragalus_flexicaulis	5.5
Astragalus_erwinii-gaubae	13.5
Astragalus_macrodon	14.622
Astragalus_kuschakewiczi	31.2
Astragalus_kermanschahensis	0
Astragalus_corrugatus	0.775701
Astragalus_reflexus	25.1875
Astragalus_schistocalyx	7.2
Astragalus_pissisi	10.5
Astragalus_leucocephalus	5.16
Astragalus_polyacanthus	35.5714
Astragalus_amatus	12.2308
Astragalus_insularis	1.37959
Astragalus_submitis	31.1667
Astragalus_annularis	0.848485
Astragalus_uncialis	15.9231
Astragalus_boelckei	8
Astragalus_stewartii	2.92308
Oxytropis_oxyphylloides	26.6667
Astragalus_lasioglottis	8
Astragalus_jessenii	13
Astragalus_jodotropis	33.4286
Astragalus_hoffmeisteri	22.3333
Astragalus_captiosus	12.4286
Astragalus_rigidulus	0
Astragalus_eupeplus	0
Astragalus_onobrychioides	11.4643
Astragalus_matiensis	11.5
Astragalus_werdermannii	0
Astragalus_atratus	32.4505
Astragalus_cruckshanksii	4.85
Astragalus_laceratus	0
Astragalus_megricus	12
Astragalus_tashqurghanicus	1
Astragalus_ackerbergensis	13.2
Astragalus_collinus	26.1978
Astragalus_suffruticosus	24.7143
Astragalus_campylanthus	0
Astragalus_tweedyi	25.5758
Astragalus_tetrapterus	27.7431
Astragalus_frickii	28.25
Astragalus_chlorodontus	18
Astragalus_ulothrix	25.5
Astragalus_wootonii	11.9529
Oxytropis_aucheri	15.25
Astragalus_chalaranthus	0
Astragalus_cuneifolius	32.6667
Oxytropis_multiceps	36.4483
Astragalus_iljinii	3.66667
Astragalus_pelecinus	3.81095
Astragalus_prattii	20.4444
Astragalus_stevenianus	23.9792
Astragalus_bashmensis	13.6667
Astragalus_callithrix	7
Astragalus_asclepiadoides	28.2973
Astragalus_longilobus	29.5
Astragalus_musimonum	0
Astragalus_oxypterus	21
Astragalus_floridulus	43
Astragalus_taochius	3.5
Oxytropis_ochroleuca	45.5
Astragalus_kahiricus	2.60938
Astragalus_tataricus	22.6667
Astragalus_paralipomenus	9.33333
Astragalus_chlorostachys	22.5161
Astragalus_bowes-lyonii	19.5
Astragalus_trimestris	0
Astragalus_concinnus	10.5
Astragalus_flavocreatus	15.4444
Astragalus_gilensis	7.86885
Astragalus_austriacus	3.83083
Oxytropis_parryi	31.8598
Astragalus_beckwithii	29.697
Astragalus_schizotropis	0
Astragalus_amherstianus	10.725
Astragalus_dolichophyllus	13.5172
Astragalus_glycyphylloides	5.78788
Astragalus_mokiacensis	7.19149
Astragalus_kashmirensis	7.66667
Astragalus_crenatus	9.27119
Astragalus_suprapilosus	13.8
Astragalus_ishigensis	0
Astragalus_ervoides	9.64935
Astragalus_ripleyi	31.7727
Astragalus_saxorum	26.25
Astragalus_garbancillo	24.3533
Astragalus_anserinifolius	4.66667
Astragalus_titovii	13.5
Astragalus_dekazygus	13.5
Astragalus_quinquejugus	50
Astragalus_follicularis	15
Astragalus_parodii	26.7308
Astragalus_ochrochlorus	7.4
Astragalus_zayuensis	19
Astragalus_brackenridgei	34.75
Astragalus_baitagensis	5.5
Astragalus_arenarius	2.53
Astragalus_subsecundus	24
Oxytropis_arctica	16.6128
Astragalus_alexandrii	21.1111
Wisteria_sinensis	3.92608
Astragalus_chuskanus	19.5833
Astragalus_sclerocarpus	21.6636
Astragalus_poliotrichus	0
Astragalus_pullus	17.8182
Astragalus_algerianus	22.3091
Astragalus_paysonii	11.1923
Astragalus_pseudotesticulatus	18
Astragalus_bustillosii	11.7742
Astragalus_pushtashanicus	16
Astragalus_fragrans	20.5263
Astragalus_sulcatus	4.46995
Astragalus_gilmanii	5.26087
Astragalus_scorpiurus	9.40741
Astragalus_thomsonii	10
Astragalus_meiliensis	30
Astragalus_alamliensis	15.5
Astragalus_submaculatus	13.5
Astragalus_subuliformis	6.02479
Astragalus_ionae	0
Astragalus_fuhsii	6.5
Oxytropis_williamsii	36.2083
Astragalus_stapfii	0
Astragalus_rosae	16
Astragalus_schelichowii	3.81897
Astragalus_remotijugus	26.3333
Astragalus_scheremetevianus	3.28571
Colutea_abyssinica	11.2778
Astragalus_pauranthus	15.6667
Astragalus_wardii	23.1053
Oxytropis_qinghaiensis	54.8333
Astragalus_junatovii	26.3333
Astragalus_horridus	6.57143
Astragalus_urmiensis	28.3333
Astragalus_mareoticus	0
Astragalus_eastwoodiae	28.5263
Astragalus_beathii	22
Astragalus_cusickii	36.9308
Astragalus_sciureus	16.25
Astragalus_nitens	25
Astragalus_rhizocephalus	23.7692
Astragalus_verus	33.0685
Astragalus_aeluropus	0
Astragalus_austiniae	25.4211
Astragalus_albertii	34.3333
Astragalus_zionis	11.6731
Astragalus_convallarius	34.9448
Astragalus_archibaldii	25.5
Astragalus_forrestii	13.3333
Oxytropis_maydelliana	15.5426
Astragalus_chrysopterus	33.5714
Astragalus_strictus	28.038
Astragalus_kronenburgii	26
Astragalus_palibinii	6.85714
Astragalus_altaicola	26.6
Astragalus_podolobus	11.2308
Astragalus_daenaensis	2
Astragalus_vagus	10.5
Astragalus_campylorhynchus	11.4706
Astragalus_beatleyae	12.75
Astragalus_austroargentinus	10.6667
Astragalus_ravenii	11.1429
Astragalus_bourgovii	18.2238
Astragalus_camptoceras	13
Astragalus_fialae	2.25
Astragalus_schimperi	3.37778
Astragalus_altimurensis	19
Astragalus_hololeios	9.66667
Astragalus_sungpanensis	44.9474
Oxytropis_savellanica	36.5
Astragalus_harpocarpus	19.5
Astragalus_megalocystis	0
Astragalus_schugnanicus	30.7143
Astragalus_bakuensis	0
Astragalus_mailiensis	13.5
Astragalus_leptophysus	18
Astragalus_pterocarpus	25.5106
Astragalus_ordubadensis	23.5
Astragalus_sogdianus	0
Astragalus_tanaiticus	0
Astragalus_campylosema	32.1111
Astragalus_roseus	0
Astragalus_heterodontus	5.75
Astragalus_robustus	14.9333
Astragalus_pulcher	18.3333
Astragalus_popovii	27
Astragalus_michauxii	7.04348
Astragalus_floridus	41.9062
Astragalus_oreganus	36.8333
Astragalus_sterilis	35.3571
Astragalus_nigricalycis	18
Astragalus_drabelliformis	35.3333
Astragalus_parvicarinatus	12.3333
Astragalus_inflexus	28.8155
Astragalus_alatavicus	52.2
Astragalus_subcinereus	11.4237
Astragalus_looseri	0
Astragalus_freitagii	13.5
Astragalus_drummondii	41.1607
Astragalus_ochroleucus	10.5
Astragalus_trigonus	1.71429
Astragalus_orcuttianus	0.888889
Astragalus_diaphanus	21.5714
Astragalus_vicarius	14
Astragalus_tricarinatus	3.93617
Astragalus_mackewiczii	25
Astragalus_levitubus	30.3333
Astragalus_guatemalensis	7.9573
Astragalus_irinaea	19.5
Astragalus_alopecurus	12.8187
Astragalus_brahuicus	6
Astragalus_himalayanus	34.8519
Astragalus_clusii	1.76316
Astragalus_hartwegii	16.3803
Astragalus_longipetalus	24.3448
Astragalus_harbisonii	14.75
Astragalus_rhodosemius	8.7
Astracantha_bethlehemitica	1.70093
Astragalus_microcystis	19.2542
Astragalus_fangensis	0
Astragalus_sangonensis	4.33333
Astragalus_moencoppensis	19.6509
Astragalus_arguricus	8.22222
Astragalus_ajfreidii	6.5
Astragalus_ruscifolius	0
Astragalus_masenderanus	38.5
Astragalus_hintonii	8.6
Oxytropis_campanulata	4.23256
Astragalus_oxyglottis	8.54902
Astragalus_aqrabatensis	37
Astragalus_aloisii	0
Astragalus_sepultipes	14.68
Oxytropis_lagopus	38.9655
Astragalus_griffithii	54.8
Astragalus_angustatus	0
Astragalus_pseudonobilis	44.1667
Astragalus_recognitus	0
Astragalus_chionanthus	21.6667
Astragalus_murinus	22.25
Astragalus_sachanewii	16.5
Astragalus_franziskae	25.3333
Astragalus_saxifractor	26.2
Astragalus_harpilobus	14.2941
Astragalus_darumbium	5.14286
Astragalus_stocksii	21
Astragalus_chubutensis	0
Astragalus_sikokianus	0
Astragalus_macrobotrys	5.2
Astragalus_crassicarpus	34.4907
Astragalus_microdontus	11.3333
Astragalus_riouxii	30.3333
Astragalus_graecus	0
Astragalus_mossulensis	0
Astragalus_camelorum	0
Lessertia_capitata	20.45
Astragalus_geminiflorus	54.6667
Astragalus_austinae	35.4
Astragalus_multijugus	10.8
Astragalus_algarbiensis	14
Astragalus_acaulis	30.775
Astragalus_brevifolius	37.1481
Astragalus_macropelmatus	11.5556
Astragalus_aucheri	33.8333
Astragalus_muelleri	0.928571
Astragalus_tschujensis	41.1667
Astragalus_sinaicus	6.10909
Astragalus_sphaeranthus	16.3333
Astragalus_argentinus	14.5
Astragalus_falcigerus	32.75
Astragalus_turbinatus	2
Astragalus_fragiferus	20.4
Astragalus_tabrisianus	0
Astragalus_bolanderi	10.3151
Astragalus_asper	3.72222
Astragalus_monadelphus	39.3
Astragalus_chiukiangensis	34.5
Astragalus_cibarius	40.4157
Astragalus_buchtormensis	8.62637
Astragalus_macrotrichus	24.6667
Astragalus_umbellatus	14.4131
Astragalus_canoflavus	0
Astragalus_sempervirens	12.7269
Astragalus_spruneri	4
Astragalus_rubrolineatus	12.5
Astragalus_pomonensis	7.84687
Astragalus_baissunensis	9.5
Oxytropis_ochrantha	41.8889
Astragalus_complicatus	0
Astragalus_anxius	31
Astragalus_anni-novi	0
Astragalus_pueblae	4.4
Astragalus_polaris	16.0632
Astragalus_shiroumensis	11.2093
Astragalus_citrinus	12.0769
Astragalus_neocarpus	0
Astragalus_tanguticus	11
Astragalus_cancellatus	29.6562
Astragalus_orbiculatus	0
Astragalus_ajubensis	2.85714
Astragalus_duchesnensis	37.6056
Astragalus_eremophilus	0
Astragalus_epiglottis	2.94915
Astragalus_jejunus	42.7101
Astragalus_kavirensis	0
Astragalus_fenzelianus	51.8846
Astragalus_stella	2.2201
Astragalus_fabaceus	23.0769
Astragalus_maxwellii	30.4444
Astragalus_parwanicus	2.66667
Oxytropis_macrocarpa	29.2222
Astragalus_tortipes	2.75
Astragalus_pringlei	15.5294
Astragalus_pellitus	10.4
Astragalus_depressus	10.5256
Astragalus_kaghysmani	24.5
Astragalus_griseus	3.4
Astragalus_americanus	7.69802
Astragalus_sinaloae	3.88889
Astragalus_alopecias	22.2857
Astragalus_bergii	18.25
Astragalus_smithianus	39.25
Astragalus_secundus	17
Oxytropis_falcata	47.2857
Astragalus_calycinus	26.0526
Astragalus_platytropis	30.9384
Astragalus_connectens	12.5
Astragalus_detritalis	37.9623
Astragalus_infestus	27.8333
Astragalus_phoenix	4.19444
Astragalus_melilotoides	18.5766
Astragalus_mendocinus	0
Astragalus_nummularius	8.66667
Astragalus_sahendi	21
Astragalus_bryantii	26
Astragalus_sanctorum	4
Astragalus_lilacinus	8.8
Astragalus_zagrosicus	26
Astragalus_laccoliticus	7.5
Oxytropis_microphylla	20.3503
Astragalus_rusbyi	4.11765
Astragalus_havianus	13
Astragalus_jaegerianus	5.61538
Astragalus_maroccanus	0
Astragalus_agnicidus	0.473684
Astragalus_sabulonum	9.85648
Oxytropis_pauciflora	31.531
Astragalus_incertus	24.2941
Astragalus_wingatanus	27.4737
Astragalus_robbinsii	14.3738
Astragalus_dodtii	0
Astragalus_discolor	20.5
Astragalus_habamontis	6.5
Astragalus_mongholicus	19.0147
Astragalus_pseudocyclophyllus	14
Astragalus_desereticus	45.875
Astragalus_dependens	7.5
Astragalus_castaneiformis	5.22581
Astragalus_rytidocarpus	16.8947
Oxytropis_mertensiana	12.5786
Astragalus_saganlugensis	32.6667
Astragalus_fridae	0
Astragalus_caeruleopetalinus	24.75
Tragacantha_densifolia	32.7778
Oxytropis_kansuensis	53.2766
Astragalus_parryi	24.4161
Oxytropis_adamsiana	8.99355
Astragalus_iodanthus	32.9669
Astragalus_argutensis	41
Astragalus_freynii	37.6
Astragalus_hemiphaca	23
Astragalus_subarcuatus	14
Astragalus_gebleri	0
Astragalus_mohavensis	6.58201
Astragalus_subverticillatus	26
Astragalus_ackermanii	7.28571
Astragalus_dignus	18.1
Astragalus_heptapotamicus	33
Astragalus_alpamarcae	16.5
Astragalus_laspurensis	0
Astragalus_sericophyllus	15.6
Astragalus_satoi	24
Astragalus_camptopus	41.5758
Astragalus_przewalskii	46.2857
Astragalus_pseudoindurascens	12.5
Astragalus_carinatus	9.09524
Astragalus_manucehrii	0
Astragalus_latifolius	26.0678
Astragalus_dzebrailicus	11.5
Astragalus_reuterianus	0
Astracantha_pterocephala	34.6667
Astragalus_woodruffii	11.2812
Astragalus_icmadophilus	14.6667
Astragalus_maireanus	0
Astragalus_calamistratus	26.5
Astracantha_oleifolia	9.57143
Astragalus_circumdatus	3.67568
Astragalus_waterfallii	10.6538
Astragalus_tamiricus	26
Astragalus_fastidius	6.87013
Astragalus_xanthoxiphidiopsis	8.55556
Astragalus_cochabambensis	0
Astragalus_ammotrophus	0
Astragalus_tolmaczevii	10.5
Astragalus_pseudomultijugus	34.3333
Astragalus_rosellus	6.5
Astragalus_cysticalyx	13.7143
Astragalus_sophoroides	14.6667
Astragalus_emoryanus	17.614
Astragalus_hamiltonii	38.0488
Astragalus_subvestitus	9.45455
Astragalus_elymaiticus	25
Astragalus_mulfordiae	33.375
Oxytropis_besseyi	43.3359
Astragalus_bibullatus	9.84615
Astragalus_demetrii	9
Astragalus_akkensis	0.5
Astragalus_veresczaginii	16
Astragalus_varus	27
Oxytropis_campestris	14.8203
Astragalus_schahrudensis	3.125
Astragalus_melanocalyx	0
Astragalus_pauperculus	8.16456
Astragalus_perianus	23.9722
Astragalus_adulterinus	0
Astragalus_asterias	2.27765
Astragalus_hauarensis	0
Astragalus_chomutowii	16
Oxytropis_nigrescens	14.4308
Astragalus_eugenii	11.5
Astracantha_caucasica	13.25
Astragalus_jodostachys	0
Astragalus_colhuensis	26
Astragalus_vereskensis	0
Astragalus_cyri	0
Astragalus_pseudobrachystachys	0
Astragalus_bakaliensis	0
Astragalus_longissimus	2.54167
Astragalus_jesdianus	0
Onobrychis_conferta	1.65979
Astragalus_jagnobicus	27
Astragalus_nuttallii	9.09045
Astragalus_shagalensis	0
Astragalus_persicus	27.3333
Astragalus_ferganensis	0
Astragalus_stipitatus	54.2
Astragalus_lorinserianus	28.5
Astragalus_terracianoi	0
Astragalus_reticulatus	0
Astragalus_luxurians	22
Astragalus_allochrous	8.29918
Astragalus_utahensis	32.6655
Astragalus_kirpicznikovii	11.25
Astragalus_triradiatus	0
Astragalus_shultziorum	29.8667
Astragalus_kialensis	39.5
Astragalus_kaufmannii	18.5
Astragalus_johannis-howellii	34.5238
Astragalus_sanandajianus	26
Astragalus_piscinus	16.25
