Oxytropis_deflexa	0.423773
Astragalus_polyphyllus	0.75
Astragalus_kurtschumensis	1
Astragalus_intarrensis	0
Astragalus_neolipskyanus	0
Astragalus_penduliflorus	6.20305
Astragalus_famatinae	4.8
Astragalus_idaeus	0
Astragalus_cryptanthus	2.25
Astragalus_schistosus	0
Astragalus_kabadianus	0
Oxytropis_exserta	3.22727
Astragalus_peckii	0.0416667
Astragalus_paposanus	0
Astragalus_ceramicus	0.0644391
Astragalus_ernestii	2.19355
Astragalus_sardaimionensis	0
Astragalus_lagopoides	0
Astragalus_umbraticus	2.62963
Astragalus_mirabilis	0
Astragalus_aksuensis	0
Astragalus_uraniolimneus	1.42857
Astragalus_cuyanus	0
Astragalus_tehuelches	0
Astragalus_brandegeei	0
Astracantha_denudata	8.04167
Astragalus_howellii	0.30303
Astragalus_borodinii	0
Astragalus_thurberi	0.265823
Astragalus_lessertioides	10.2
Astragalus_zohrabi	0
Astragalus_substipitatus	0
Astragalus_batangensis	2.625
Astragalus_tennesseensis	17.9341
Astragalus_salsugineus	0
Astragalus_pulviniformis	0
Astragalus_subumbellatus	0.192308
Astragalus_diphacus	0
Astragalus_ammodytes	2.5
Astragalus_brachyodontus	0
Astragalus_domeykoanus	1.28571
Astragalus_lurorum	0
Astragalus_achundovii	0
Astragalus_lacei	0
Astragalus_coriaceus	0
Astragalus_xiphidium	0
Oxytropis_tianschanica	0
Astragalus_phlomoides	0
Astragalus_durandianus	0
Astragalus_caprinus	0.209677
Astragalus_urceolatus	0
Astragalus_canadensis	6.67227
Astragalus_mangeri	0
Astragalus_cymbicarpos	3.17033
Astragalus_pseudoborodinii	0
Astragalus_leiosemius	0
Astragalus_verticillatus	0
Astragalus_asymmetricus	0.639175
Astragalus_flexus	0
Astragalus_peterae	0
Astragalus_anserinus	0
Astragalus_eurekensis	0
Astragalus_polozhiae	0
Astragalus_conspicuus	0
Astragalus_multiceps	0.444444
Astragalus_podocarpus	0
Astragalus_eremiticus	0.0879479
Astragalus_stalinskyi	0
Astragalus_cimae	0
Astragalus_tortuosus	0
Astragalus_denticulatus	0
Astragalus_eucosmus	0.648294
Astragalus_reventiformis	0.147541
Astragalus_patagonicus	0.764706
Astragalus_gilgitensis	0
Astragalus_kunlunensis	0
Astragalus_bezudensis	0
Astragalus_atwoodii	0
Astragalus_ovigerus	0
Astragalus_campylotrichus	0
Astragalus_spatulatus	0.380282
Astragalus_holmgreniorum	0
Astragalus_graveolens	0.181818
Oxytropis_jordalii	0.0296296
Astragalus_iselyi	0.294118
Astragalus_odoratus	3.1
Astragalus_harrisonii	0
Astragalus_misellus	1.05882
Astragalus_sesquiflorus	0
Oxytropis_albana	0.96875
Astragalus_jiuquanensis	0
Astragalus_cytisoides	0
Astragalus_kralikii	0
Astragalus_triflorus	0
Astragalus_boeticus	1.3253
Astragalus_goldmanii	0
Astragalus_vulpinus	0.28
Astragalus_macropterus	1.68571
Astragalus_diminutivus	3.28571
Astragalus_uniflorus	0.384615
Astragalus_khoshjailensis	0
Astragalus_shelkovnikovii	10
Astragalus_gorodkovii	0.5
Astragalus_cognatus	0
Astragalus_basineri	6.125
Astragalus_miser	1.00846
Astragalus_salmonis	0
Astragalus_angarensis	0.897436
Astragalus_yunnanensis	0.666667
Astragalus_schmalhausenii	0
Astragalus_monanthemus	0
Oxytropis_oreophila	0
Astragalus_caroli-henrici	0
Astragalus_leucolobus	0.342105
Astragalus_megalanthus	6.2
Astragalus_setosulus	14.25
Astragalus_biebersteinii	0
Astragalus_ornithopodioides	0.25
Astragalus_desperatus	0
Astragalus_viridis	0
Astragalus_sinicus	0.616608
Astragalus_chaetodon	0
Astragalus_tremolsianus	0
Astragalus_melanodon	0
Astragalus_pseudojohannis	0
Astragalus_psilocentros	0.614286
Astragalus_atropubescens	0.0135135
Astragalus_vaccarum	1.53125
Astragalus_sesamoides	0
Astragalus_adanus	1.46774
Astragalus_distortus	10.0993
Astragalus_gaubae	0
Astragalus_luteolus	0
Astragalus_hypsogenus	0
Astragalus_kungurensis	11.75
Astragalus_calliphysa	0
Astragalus_euchlorus	0
Astragalus_galegiformis	5.64865
Astragalus_limprichtii	0.571429
Astragalus_layneae	0
Astragalus_racemosus	0.0636183
Astragalus_basiflorus	0
Astragalus_limnocharis	0
Astragalus_egglestonii	0
Astragalus_neobarnebyanus	0
Astragalus_cremnophylax	0
Astragalus_lancearius	0
Astragalus_discernendus	0
Astragalus_debequaeus	0
Astragalus_callistachys	0
Astragalus_puniceus	0
Astragalus_parvus	0.25
Astragalus_solitarius	0
Astragalus_chionobiiformis	0
Astragalus_speirocarpus	0.1
Oxytropis_czukotica	0.195122
Astragalus_brachycarpus	7.55
Astragalus_dielsii	0
Astragalus_sikkimensis	0
Astragalus_monticola	0
Astragalus_sutchuenensis	2.7
Astragalus_hymenocystis	0
Astragalus_casapaltensis	0
Astragalus_soxmaniorum	9.87805
Astragalus_beketowi	0
Astragalus_sedaensis	0
Astragalus_isphairamicus	0
Astragalus_schmolliae	0
Astragalus_aboriginum	1.0641
Astragalus_welshii	0
Astragalus_lacteus	5.63636
Astragalus_scaphoides	1.40625
Astragalus_bellus	0
Astragalus_alvordensis	0
Astracantha_diphtherites	0
Astragalus_eriocarpus	1.18182
Astragalus_sangimashensis	0
Astragalus_khasianus	1.33333
Astragalus_bisulcatus	0.433898
Astragalus_vesicarius	6.05929
Astragalus_balearicus	0
Astragalus_deanei	0
Astragalus_megalomerus	22
Astragalus_amphioxys	0
Astragalus_trichopodus	1.08862
Astragalus_loanus	0
Astragalus_unifoliolatus	0
Astragalus_micromerius	0
Astragalus_owirensis	0
Astragalus_spinescens	0
Astragalus_oroproselius	0
Astragalus_hartmanii	0
Oxytropis_jonesii	0
Astragalus_takhtadzhjanii	0
Astragalus_alopecuroides	0.541899
Astragalus_plattensis	0.05
Astragalus_crassifolius	0.125
Astragalus_coronilla	0
Astragalus_inaequalifolius	29.3333
Astragalus_dictamnoides	0
Astragalus_adpressipilosus	0
Oxytropis_immersa	0
Astragalus_peltatus	0
Astragalus_ptychophyllus	0
Astragalus_reesei	0
Astragalus_polyceras	0
Astragalus_remotiflorus	0
Astragalus_helmii	5.84091
Astragalus_pseudokurrumensis	0
Astragalus_magellanicus	0
Astragalus_petropolitanus	23
Astragalus_dingjiensis	0
Astragalus_andaulgensis	0
Astragalus_crymophilus	0
Astragalus_chordorrhizus	4.2
Astragalus_illinii	0
Astragalus_kentrophyta	0.251131
Astragalus_chamaemeniscus	0
Astragalus_palenae	1.42105
Astragalus_registanicus	0
Astragalus_maassoumii	0
Astragalus_fedtschenkoanus	0
Astragalus_gracilidentatus	0
Astragalus_limariensis	0
Oxytropis_coerulea	1.25641
Astragalus_cyaneus	0
Astragalus_anthosphaerus	0
Astragalus_corniculatus	0
Astragalus_barnebyi	0
Astragalus_abbreviatus	0
Astragalus_purpusii	1.26829
Astragalus_brachypetalus	0
Astragalus_pinonis	0
Astragalus_maurus	5.8
Astragalus_suberosus	0.147059
Astragalus_laguroides	0.653333
Astragalus_rattanii	1.46939
Astragalus_psilolobus	0
Astragalus_fraxinifolius	1.6
Astragalus_humistratus	0
Astragalus_callichrous	0.149635
Astragalus_vogelii	0
Astragalus_gueldenstaedtiae	0
Astragalus_wrightii	1.03448
Astragalus_zingeri	4.52381
Astragalus_pennellianus	0.4
Astragalus_toquimanus	0
Astragalus_daghestanicus	0
Astragalus_confertus	0
Astragalus_fruticosus	2.28409
Astragalus_atropurpureus	0
Astragalus_pseudoaustralis	0.333333
Astragalus_orthocarpus	7.25
Astragalus_medius	0
Astragalus_khwaja-muhammadensis	0
Carmichaelia_violacea	0
Astragalus_schinetorum	0
Astragalus_agraniotii	0
Astragalus_tumninensis	0
Astragalus_aspreticola	0
Astragalus_argophyllus	1.39535
Astragalus_dianthus	0
Astragalus_urbanianus	22.5
Astragalus_accumbens	1.125
Oxytropis_humifusa	0
Astragalus_wenxianensis	0
Astragalus_sharestanicus	0
Astragalus_polycladus	0.5
Astragalus_nitidiflorus	0
Oxytropis_pilosa	6.20727
Astragalus_hispidulus	0.0746269
Astragalus_wetherillii	0
Astragalus_mucidus	0
Astragalus_remotus	0
Astragalus_calycosus	0.272727
Astragalus_congdonii	1.80952
Astragalus_agrestis	0.827032
Astragalus_kohrudicus	0
Astragalus_haesitabundus	3.33333
Astragalus_arcuatus	0
Astragalus_crassispinus	0
Oxytropis_obnapiformis	0
Astragalus_chrysostachys	0
Astragalus_hoodianus	0.461538
Astragalus_rzaevii	0
Astragalus_aegobromus	0.6875
Sutherlandia_microphylla	6.26531
Astragalus_quinquefoliolatus	0
Astragalus_hypoglottis	8.00979
Astragalus_coccineus	0
Astragalus_panduratus	0
Astragalus_cronquistii	0
Astragalus_tribuloides	0.0972851
Astragalus_shevockii	0
Astragalus_austrosibiricus	4.69474
Astragalus_karkarensis	0
Astragalus_greggii	1.13793
Oxytropis_racemosa	0
Astragalus_varius	2.26794
Astragalus_mayeri	4.61538
Astragalus_didymocarpus	0.229146
Astragalus_simplicifolius	0
Astragalus_agameticus	0
Astragalus_cymboides	0
Astragalus_monumentalis	0
Astragalus_zanskarensis	0
Astragalus_edmondsonii	0
Astragalus_peterfii	0
Astragalus_kirrindicus	0
Astragalus_eusarathron	0
Astragalus_macropodium	0
Astragalus_politovii	0
Astragalus_georgii	0
Astragalus_oniciformis	0
Astragalus_fucatus	0
Astracantha_gummifera	0
Astragalus_pusillus	0
Astragalus_spaldingii	0.0588235
Astragalus_daleae	1.75
Astragalus_turczaninowii	17.6
Erophaca_baetica	5.68863
Astragalus_pattersonii	1.0963
Sphaerophysa_salsula	0.288
Astragalus_confusus	0
Astragalus_maximowiczii	0
Astragalus_clerceanus	11.2857
Astragalus_stepporum	0
Astragalus_arizonicus	0.231638
Astragalus_bashgalensis	0
Astracantha_aurea	0.822222
Astragalus_cretaceus	0.172414
Astragalus_tongolensis	0.814815
Astragalus_ornithorrhynchus	0
Astragalus_accidens	0.987342
Astragalus_ruiz-lealii	0
Astragalus_hypoleucus	0.528169
Astragalus_inyoensis	0
Astragalus_ovatus	8.5
Astragalus_laricus	0
Astragalus_longidentatus	0.126126
Astragalus_macroceras	2.22222
Astragalus_erivanensis	6
Astragalus_lotiflorus	0.494078
Oxytropis_chionobia	0.789474
Astragalus_kirilovii	0
Astragalus_purpurascens	0
Astragalus_auratus	0
Astragalus_kessleri	0
Astragalus_sesameus	0.943023
Astragalus_moranii	0
Astragalus_acmophylloides	1
Astragalus_pyrrhotrichus	0
Astragalus_firuzkuhensis	0
Astragalus_hypogaeus	0
Astragalus_scutaneus	4.8
Astragalus_leontinus	5.65
Astragalus_jolderensis	0
Astragalus_tricholobus	0
Astragalus_webberi	2.43478
Astragalus_lineatus	1.35
Astragalus_clarkeanus	0
Astragalus_cachinalensis	1.8
Astragalus_sieversianus	0
Astragalus_molestus	0
Astragalus_sumbari	0
Astragalus_gibbsii	0.55814
Astragalus_oocalycis	0.0232558
Astragalus_canescens	0
Astragalus_filicaulis	0
Astragalus_caricinus	0
Astragalus_fissuralis	1
Astragalus_gladiatus	11.9231
Astragalus_arkalycensis	1.09524
Astragalus_laxmannii	0.673956
Astragalus_yumenensis	0
Astragalus_paraplesius	0
Astragalus_sevangensis	3.8
Astragalus_curvicarpus	0.288608
Astragalus_chlorostegius	0
Astragalus_elatior	0
Astragalus_nivalis	0
Astragalus_neglectus	8.83158
Astragalus_nuttallianus	0.335554
Astragalus_clevelandii	2.9661
Astragalus_recurvus	0
Astragalus_hajastanus	0
Astragalus_chorinensis	0.714286
Astragalus_paralurges	0
Astragalus_varzobicus	0
Astracantha_strobilifera	0
Astragalus_oreades	0.727273
Astragalus_leptocaulis	0
Astragalus_munroi	0
Astragalus_olgae	0
Astragalus_atricapillus	0
Astragalus_echinops	0
Astragalus_knightii	0
Astragalus_bornmuellerianus	0
Astragalus_laetus	0
Astragalus_neoburkartianus	0
Astragalus_subalpinus	0.5
Astragalus_scorpioides	1.17021
Astragalus_grahamianus	0
Astragalus_micranthellus	0
Astragalus_tarijensis	3
Astragalus_ampullarius	0
Astragalus_echinatus	2.54902
Astragalus_gymnopodus	0
Astragalus_brachybotrys	0
Astragalus_macropetalus	0
Astragalus_chilienshanensis	0
Astragalus_aksaricus	29.3333
Astragalus_miguelensis	6
Astragalus_psilacanthus	0
Astragalus_episcopus	0
Astragalus_licentianus	0
Astragalus_variabilis	0
Astragalus_balchaschensis	0
Astragalus_prorifer	0
Astragalus_froedinii	0
Astragalus_richii	0
Astragalus_angreni	0
Astragalus_erythrolepis	0
Astragalus_purshii	0.396825
Astragalus_johnstonii	0
Astragalus_harringtonii	1.84615
Astragalus_paktiensis	0
Astragalus_brachytropis	3.25
Astragalus_joergensenii	0.5
Astragalus_geniculatus	0
Astragalus_saralensis	2.28205
Astragalus_filipes	0.412137
Astragalus_cuatrecasasii	0
Oxytropis_jacquinii	8.58589
Astragalus_schmidii	0
Astragalus_distinens	3.36364
Astragalus_holosemius	0
Astragalus_oophorus	0.274699
Astragalus_altus	0
Astragalus_erionotus	0
Astragalus_ortholobus	0
Astragalus_squarrosus	0
Astragalus_kudrjaschovii	0
Astragalus_neomexicanus	0
Astragalus_ophiocarpus	0
Astragalus_lutosus	0.640625
Astragalus_conjunctus	0.0810811
Astragalus_coahuilae	2.8
Astragalus_teheranicus	0
Astragalus_eriopodus	1.5
Astragalus_ochreatus	0
Astragalus_chamissonis	1.3
Astragalus_donianus	0
Astragalus_geyeri	0.208029
Astragalus_duanensis	0
Astragalus_bicolor	0
Astragalus_regiomontanus	9.4
Astragalus_huthianus	0
Astragalus_lunatus	0
Astragalus_whitneyi	0.239411
Astragalus_gompholobium	0
Astragalus_saetiger	0
Astragalus_curvirostris	0
Astragalus_semnanensis	0
Astragalus_yoder-williamsii	0
Astragalus_oocarpus	1.40964
Astragalus_raphiodontus	0
Astragalus_sanctae-crucis	0
Astragalus_sericopetalus	0
Astragalus_nigrivestitus	0
Astragalus_panamintensis	0
Astragalus_pseudoamygdalinus	0
Astragalus_praelongus	0
Astragalus_ancistrocarpus	0
Astragalus_antheliophorus	0
Astragalus_arbuscula	0
Astragalus_dictyolobus	0
Astragalus_vexilliflexus	0.812
Astragalus_hymenocalyx	0
Astragalus_falconeri	0
Astragalus_feensis	0
Astragalus_gracilis	0.0131332
Astragalus_sanguineus	0.931507
Astragalus_syreitschikovii	0
Astragalus_sheldonii	0.369565
Astragalus_esperanzae	0
Astragalus_albulus	0
Oxytropis_strobilacea	2.22561
Astragalus_bhotanensis	2.3
Astragalus_minutissimus	0
Astragalus_ampullarioides	0
Astragalus_rimarum	0
Astragalus_trigonocarpus	1.25
Astragalus_oocephalus	1.07692
Astragalus_anemophilus	0
Astragalus_lepsensis	2
Astragalus_eurylobus	0
Astragalus_gruinus	0
Astragalus_huiningensis	0
Astragalus_danicus	4.14826
Astragalus_straussii	0
Astragalus_macrourus	0.333333
Astragalus_pauperiflorus	0
Astragalus_erythrosemius	0
Astragalus_radicans	2.25
Astragalus_diversifolius	1
Astragalus_pseudomegalomerus	0
Astragalus_berteri	0.666667
Astragalus_tragacantha	3.03125
Astragalus_henryi	5
Astragalus_atropilosulus	8.52174
Astragalus_schanginianus	4.10204
Astragalus_salatavicus	0
Astragalus_melanostachys	0
Astragalus_bicristatus	0.504587
Astragalus_mikrophyton	0
Astragalus_cicer	7.10268
Astragalus_longistipitatus	0
Astragalus_pavlovii	0
Astragalus_paradoxus	0
Astragalus_zacatecanus	1
Astragalus_groetzbachii	0
Astragalus_shatuensis	0
Astragalus_compressus	0
Astragalus_sinuatus	0
Astragalus_brauntonii	1.75581
Astragalus_aquilanus	0
Astragalus_sanczirii	0
Astragalus_hymenostegis	0
Astragalus_ovoideus	0
Astragalus_perdurans	0
Astragalus_effusus	0
Astragalus_szovitsii	0
Astragalus_badamensis	0
Astragalus_preussii	0
Astragalus_microphysa	0
Astragalus_saurinus	0.0222222
Astragalus_beckerianus	2.125
Astragalus_rafaelensis	0
Oxytropis_splendens	0.951327
Astragalus_capillipes	1.16667
Astragalus_macropus	2.48148
Astragalus_francisquitensis	8.82353
Astragalus_dumetorum	0
Astragalus_arthurii	0
Astragalus_moyanoi	1
Oxytropis_neglecta	6.68794
Astragalus_quinqueflorus	0.0833333
Astragalus_ponticus	6
Astragalus_levieri	2.91304
Oxytropis_yunnanensis	1.33333
Astragalus_trichocarpus	2.16667
Astragalus_consobrinus	0
Astragalus_rostratus	0
Astragalus_serenoi	0
Astragalus_lycioides	0
Astragalus_jabbor-khailii	0
Astragalus_linifolius	0
Astragalus_arnoldii	0
Astragalus_vanillae	0
Astragalus_coluteocarpus	0
Hedysarum_boreale	0.78463
Astragalus_buschiorum	0
Astragalus_miyalomontis	0
Astragalus_bachmarensis	0
Astragalus_ellipsoideus	0
Astragalus_stenocystis	0
Astragalus_herbertii	0
Astragalus_chinensis	2.26667
Astragalus_goniatus	1.05
Astragalus_musiniensis	0
Astragalus_lehmannianus	0
Astragalus_tugarinovii	0.0105263
Astragalus_lasiopetalus	3.5
Astragalus_hancockii	5.58333
Astragalus_arrectus	0.681818
Astragalus_bungeanus	6.94737
Astragalus_frigidus	2.94531
Astragalus_macrotropis	14.6667
Astragalus_siahderrensis	0
Astragalus_sabuletorum	1.66667
Astragalus_lumsdenianus	0
Astragalus_pamirensis	0
Astragalus_longipetiolatus	0
Astragalus_diopogon	0
Astragalus_lindheimeri	0.0430108
Astragalus_clandestinus	4.5
Astragalus_holophyllus	0
Astragalus_persepolitanus	0
Astragalus_pubentissimus	0.0120482
Oxytropis_bicolor	0.734694
Astragalus_arnottianus	0.375
Astragalus_ankylotus	0
Astragalus_platyphyllus	0
Astragalus_riparius	0
Astragalus_hyalolepis	1.66667
Astragalus_kazbeki	2.28571
Astragalus_muliensis	1.90909
Astragalus_orbicularifolius	0
Astragalus_alyssoides	0
Astragalus_baionensis	3.18182
Oxytropis_scammaniana	0.633094
Astragalus_valparadisiensis	6.33333
Oxytropis_poncinsii	0
Astragalus_arequipensis	0.576923
Astragalus_webbianus	0
Astragalus_siliceus	0
Oxytropis_nutans	0
Astragalus_stenanthus	0
Astragalus_grubovii	4.2
Astragalus_coquimbensis	0.529412
Astragalus_brachycentrus	0
Astragalus_raddei	0
Astragalus_albicaulis	1.52577
Astragalus_nigrolineatus	0
Astragalus_ammodendron	0
Astragalus_strigulosus	0.871166
Astragalus_inopinatus	0.601852
Astragalus_australis	4.62087
Astragalus_mucronifolius	0
Astragalus_kifonsanicus	0
Astragalus_trachoniticus	0
Astragalus_souliei	0
Astragalus_cracca	0
Astragalus_amblytropis	0
Astragalus_ertterae	0
Astragalus_granitovii	0
Astragalus_juratzkanus	0
Astragalus_megacarpus	0
Astragalus_glabellus	0
Astragalus_testiculatus	2.4951
Astragalus_jaliscensis	6.4
Astragalus_nuciferus	0
Astragalus_stenolepis	0
Astragalus_hamosus	2.06413
Astragalus_bombycinus	0
Astragalus_vesiculosus	1.8125
Astragalus_flavus	0.0687679
Astragalus_oihorensis	0
Astragalus_marinus	10.125
Astragalus_propinquus	3.46078
Astragalus_verrucosus	0
Astragalus_tenellus	1.02355
Astragalus_columbianus	0
Astragalus_brazoensis	0.432432
Astragalus_chorizanthus	0
Astragalus_amnis-amissi	0
Astragalus_johannis	0.75
Astragalus_gentryi	4.94737
Astragalus_carmanicus	0
Astragalus_piptocephalus	0
Astragalus_fabrisii	0
Astragalus_oxyodon	0
Astragalus_minthorniae	0
Astragalus_dulungkiangensis	0
Astragalus_humifusus	9.69231
Astragalus_gorczakovskii	2.375
Astragalus_ammodendroides	0
Astragalus_weberbaueri	0
Astragalus_coltonii	0.486301
Astragalus_tatsienensis	2.77778
Astragalus_rufescens	0
Astragalus_centralis	0
Astragalus_strigosostipulatus	0
Astragalus_glaux	1.8804
Astragalus_guttatus	2.28571
Astragalus_toksunensis	0
Astragalus_leucocladus	0
Astragalus_edulis	0
Astracantha_karabaghensis	3.6
Astragalus_bifidus	0
Astragalus_ecbatanus	0
Astragalus_nutriosensis	0
Astragalus_demavendicolus	0
Astragalus_cinereus	0
Astragalus_monspessulanus	7.61701
Astragalus_miniatus	0
Astragalus_hololeucoides	1
Phyllolobium_tribulifolium	0
Astragalus_rubriflorus	0
Astragalus_naftabensis	0
Astragalus_nutans	0
Astragalus_galiifolius	0
Astragalus_susianus	0
Astragalus_siliquosus	0.545455
Astragalus_cryptobotrys	1.29412
Astragalus_oxyphysus	0.254545
Astragalus_terminalis	1.09524
Astragalus_striatiflorus	0
Astragalus_xylobasis	0.2
Astragalus_mattam	0
Astragalus_taipaishanensis	0
Astragalus_plumbeus	0
Astragalus_sabulosus	0
Astragalus_utriger	8
Astragalus_mercklinii	0
Astragalus_ledinghamii	0
Astragalus_punctatus	0
Astragalus_anacardius	0
Astragalus_peduncularis	0.326923
Astragalus_sparsus	0
Astragalus_bidentatus	0
Astragalus_supinus	2.33333
Astragalus_leptocarpus	6.8595
Astragalus_missouriensis	0.0562552
Astragalus_camptodontoides	0
Astragalus_applegatii	0
Astragalus_lyallii	0
Astragalus_brachystachys	0
Astragalus_rupifragus	2.53
Astragalus_pendulinus	0
Astragalus_leiophyllus	0
Astragalus_cephalanthus	0
Astragalus_sprucei	0.285714
Astragalus_kustanaicus	0
Astragalus_drupaceus	0
Astragalus_pinetorum	0.647059
Astragalus_biovulatus	0
Astragalus_exscapus	4.67677
Astragalus_commixtus	0
Astragalus_serpens	0.307692
Smirnowia_turkestana	0
Astragalus_charguschanus	0
Astragalus_baba-alliar	0
Astragalus_noziensis	0
Astragalus_platysematus	0
Astragalus_lipskyi	0
Astragalus_trichanthus	0
Astragalus_ciceroides	7.66667
Astragalus_deminutivus	0
Astragalus_tibetanus	0.0935252
Astragalus_solandri	2.8
Astragalus_ebenoides	0
Astragalus_nutzotinensis	0.853211
Astragalus_macronyx	0
Astragalus_troglodytus	0
Astragalus_cottonii	0.75
Astragalus_malacus	0
Astragalus_polygala	0
Astragalus_lambinonii	0
Astragalus_efoliatus	0
Astragalus_glumaceus	0
Astragalus_heydei	0
Astragalus_equisolensis	0
Astragalus_lasiophyllus	0
Oxytropis_ochotensis	0.428571
Astragalus_cobrensis	0.148148
Astragalus_sulfuratus	0
Astragalus_khaneradarensis	0
Astracantha_cerasocrena	0
Astragalus_ensifer	0
Astragalus_petraeus	0
Astragalus_puberulus	3.6129
Astragalus_curvicaulis	2.11111
Astragalus_chloodes	0
Astragalus_kerkukiensis	0
Astragalus_barbatus	0.333333
Astragalus_alaschanus	0
Astragalus_cavanillesii	0
Astragalus_tupalangi	0
Astragalus_nelidae	0
Astragalus_brevipes	0
Astracantha_cretica	2
Astragalus_armeniacus	0
Oxytropis_nana	0
Astragalus_consanguineus	0
Astragalus_dasyanthus	3.74603
Astragalus_thermensis	0
Astragalus_nivicola	0.454545
Oxytropis_ciliata	0
Astragalus_seidabadensis	0
Astragalus_spegazzinii	0
Astragalus_subrosulariformis	0
Astragalus_somcheticus	14.08
Astragalus_coluteopsis	0
Astragalus_lasiosemius	0
Astragalus_piutensis	0
Astragalus_gypsodes	0
Astragalus_germaini	4.5
Astragalus_burkartii	3.76923
Astragalus_nigriceps	0
Astragalus_apollineus	0.5
Astragalus_savellanicus	0
Astragalus_intercedens	0
Astragalus_pseudoadsurgens	0
Astragalus_exasperatus	0
Astragalus_lentiformis	0
Astragalus_acutifolius	0
Astragalus_pseudohypogaeus	0
Astragalus_bodinii	0.176991
Astragalus_anfractuosus	0
Astragalus_cisoxanus	0
Astracantha_stenonychioides	0
Astragalus_brachylobus	0
Astragalus_kuschkensis	0
Astracantha_parnassi	2.66667
Astragalus_obcordatus	2.98592
Astragalus_pectinatus	0.0150862
Astragalus_traskiae	0
Astragalus_gambelianus	2.25719
Astragalus_zerdanus	0
Astragalus_simpsonii	7.33333
Astragalus_jaxarticus	0
Astragalus_wolgensis	3.48837
Astragalus_hyrcanus	0
Astragalus_macrosemius	18.25
Astragalus_balfourianus	0
Astragalus_lemmonii	0
Astragalus_malacoides	0
Astragalus_giganteus	1.3
Astragalus_douglasii	1.36682
Astragalus_chaidamuensis	0
Astragalus_pardalinus	0
Astragalus_rawianus	0
Astragalus_dendroides	0
Astragalus_lucidus	10.5
Astragalus_vavilovii	0
Astragalus_nephtonensis	0
Astragalus_reduncus	0.404762
Astragalus_cottamii	0
Astragalus_mahoschanicus	0
Astragalus_grayi	0
Astragalus_mesites	4.5
Astragalus_shinanensis	1.75
Astragalus_djilgensis	0
Astragalus_hirsutus	0
Astracantha_microcephala	3.81081
Astragalus_vaginatus	10.6667
Astragalus_faurei	0
Astragalus_aequalis	0
Astragalus_versicolor	1.5082
Astragalus_atrovinosus	0
Astragalus_glomeratus	2.5
Oxytropis_sericea	0.161702
Astragalus_bourgaeanus	2.23077
Astragalus_deterior	0
Astragalus_naturitensis	0
Astragalus_vulcanicus	0
Astragalus_lanuginosus	14.6667
Astragalus_reinii	0
Astragalus_avicennicus	0
Astragalus_myrianthus	4.5
Astragalus_cenorrhynchus	0
Astragalus_brevidens	0
Astragalus_schrenkianus	22
Astragalus_rhacodes	0
Astragalus_emarginatus	2.22222
Astragalus_anisacanthus	0
Astragalus_retusifoliatus	0
Astragalus_obscurus	0.396429
Astragalus_curtipes	0.582278
Astragalus_skythropos	1.5
Astragalus_imitensis	0
Astragalus_neuquenensis	5.6
Astragalus_leptus	0
Astragalus_tephrolobus	0
Astragalus_succumbens	0.744898
Astragalus_lyonnetii	3.78571
Astragalus_pakistanicus	0
Astragalus_englerianus	2.86667
Astragalus_pehuenches	0.60181
Astragalus_proximus	0
Astragalus_hemsleyi	0
Astragalus_korovinianus	0
Astragalus_vallaris	0
Astragalus_scleroxylon	0
Astragalus_karelinianus	2.25
Astragalus_mario-sousae	0
Astragalus_chingoanus	0
Astragalus_nematodes	0
Astragalus_breviscapus	0
Astragalus_weddellianus	1.1
Astragalus_depauperatus	0.289474
Astragalus_dactylocarpus	0
Astragalus_cuscutae	0
Astragalus_crypticus	0
Astragalus_micrancistrus	0
Astragalus_supervisus	0
Astragalus_nidularius	0
Astragalus_takharensis	0
Astragalus_bracteosus	0
Astragalus_pallescens	0.380952
Astragalus_weixinensis	0
Astragalus_orthocarpoides	0
Astragalus_iodopetalus	0
Astragalus_acutirostris	0
Astragalus_darwinianus	0
Astragalus_demavendicus	0
Astragalus_variegatus	1
Astragalus_arganaticus	0
Astragalus_curviflorus	0
Astragalus_lithophilus	0
Astragalus_vessalae	0
Astragalus_stipulatus	8
Astragalus_pseudoversicolor	0
Tragacantha_fasciculifolia	0
Astragalus_reventus	0.0897436
Astragalus_impexus	0
Astragalus_magdalenae	0
Astragalus_crotalariae	0.0351438
Astragalus_dilutus	0.341463
Astragalus_gombo	0.0434783
Astragalus_physodes	2.35484
Astragalus_oxyphysopsis	0
Astragalus_armatus	2.25
Astragalus_scaberrimus	1.17647
Astragalus_sparsiflorus	0.181818
Astragalus_tolucanus	0.6
Astragalus_scopulorum	1.22472
Astragalus_cornutus	2.04
Astragalus_californicus	0
Astragalus_karakugensis	0
Astragalus_lentiginosus	0.131417
Astragalus_ibrahimianus	0
Astragalus_aschuturi	44
Astragalus_edmondstonei	0
Astragalus_lupulinus	0.148148
Astragalus_lamondiae	0
Astragalus_nudisiliquus	0
Astragalus_aduncus	0
Astragalus_newberryi	0.0451128
Astragalus_termeanus	0
Astragalus_endytanthus	0
Astragalus_incanus	1.77958
Astragalus_kolymensis	0
Astragalus_degensis	3.14286
Astragalus_sanguinolentus	6.66667
Astragalus_filiformis	0.162791
Oxytropis_lambertii	0.19697
Astragalus_retamocarpus	3.55556
Astragalus_scabrisetus	0
Astragalus_oncotrichus	0
Astragalus_scoparius	0
Astragalus_gracilipes	0
Astragalus_hispanicus	0.2249
Astragalus_olchonensis	0
Astragalus_abnormalis	0
Astragalus_chamaeleuce	0
Astragalus_plagiophacos	0
Astragalus_carduchorum	0
Astragalus_lalesarensis	0
Astragalus_physocarpus	0
Astragalus_wittmannii	0
Astragalus_asplundii	0
Astragalus_flexuosus	0.515152
Astragalus_eriostomus	0
Astragalus_nothoxys	0.173333
Astragalus_aleppicus	0.275362
Astragalus_villosus	4.62121
Clianthus_puniceus	0
Astragalus_pauper	0
Astragalus_valerianensis	0
Astragalus_globiceps	0
Astragalus_neurophyllus	0
Astragalus_oxyrhynchus	1.12195
Astragalus_molybdenus	0
Astragalus_aspindzicus	3
Astragalus_piletocladus	0
Astragalus_beckii	0
Eremosparton_flaccidum	0
Astragalus_tenuifolius	0
Astragalus_nyensis	0
Astragalus_montigenus	5.25
Astragalus_tener	0.664557
Astragalus_yangtzeanus	0
Astragalus_pseudoutriger	0
Astragalus_tribulifolius	0
Astragalus_helleri	0
Astragalus_speciosus	0
Astragalus_angustiflorus	2.90909
Astragalus_kuramensis	0
Astragalus_tephrosioides	0
Oxytropis_recognita	1.38095
Astragalus_taschkendicus	0
Astragalus_microcymbus	0
Astragalus_dahuricus	0.185185
Astragalus_porrectus	0
Astragalus_stenoceras	0.580645
Astragalus_erubescens	0
Astragalus_sphaerocystis	0
Astragalus_tyghensis	0
Astragalus_alpinus	2.71798
Astracantha_granatensis	1.1763
Swainsona_formosa	0.573034
Astragalus_littoralis	0
Astragalus_caraganae	0
Astragalus_arbelicus	0
Astragalus_castetteri	0
Astragalus_albens	0
Astragalus_humilis	1.57143
Astragalus_sieberi	0
Astragalus_rahensis	0
Astragalus_contortuplicatus	2
Astragalus_saccatus	0
Astragalus_carminis	1.96429
Astragalus_xipholobus	0
Astragalus_shortianus	0.00925926
Astragalus_bernardinus	0
Astragalus_cyclophyllon	0
Astragalus_concretus	1.375
Astragalus_craibianus	3
Astragalus_norvegicus	3.73185
Astragalus_funereus	0
Astragalus_falciformis	4.85714
Astragalus_glycyphyllos	10.3926
Astragalus_leansanicus	0
Astragalus_inversus	0
Astragalus_bounophilus	0
Astragalus_gudrunensis	0
Astragalus_hamrinensis	0
Astragalus_macrocephalus	0.351351
Astragalus_leptaleus	0.42623
Astragalus_davidii	0
Astragalus_maurorum	3
Astragalus_strictilobus	0
Astragalus_podlechii	0
Astragalus_peregrinus	0
Astragalus_idrietorum	0
Astragalus_hoantchy	0
Astragalus_maritimus	4.5
Astragalus_pictiformis	0
Astragalus_rhizanthus	0
Astragalus_titanophilus	0
Astragalus_borraginaceus	0
Astragalus_nudus	0
Astragalus_berterianus	0.25
Astragalus_casei	0
Oxytropis_ochrocephala	0
Astragalus_semilunatus	0
Astragalus_glaucus	2
Astragalus_managildensis	0
Astragalus_wagneri	0
Astragalus_tigridis	0
Astragalus_mollissimus	0.0968935
Oxytropis_mollis	0.119048
Astragalus_fuliginosus	0
Astracantha_plumosa	1.58333
Astragalus_vexillaris	0
Astragalus_andersonii	0.0693069
Astragalus_tulinovii	0
Astragalus_scalaris	4.5
Astragalus_golmuensis	0
Astragalus_ufraensis	0
Astragalus_lonchocarpus	0.116279
Astragalus_majevskianus	0
Astragalus_handelii	0
Oxytropis_vassilczenkoi	0.125
Astragalus_alaicus	0
Astragalus_ugamicus	22
Oxytropis_hirta	2.24242
Astragalus_marianus	0
Astragalus_cottonianus	0
Astragalus_xanthotrichus	0
Astragalus_minimus	0
Astragalus_pulsiferae	0.0833333
Astragalus_bonariensis	0
Astragalus_pseudochlorostachys	0
Astragalus_melanochiton	0
Astragalus_uliginosus	4.90244
Astragalus_adsurgens	0.661069
Astragalus_reflexistipulus	7.6
Astragalus_wilmottianus	10.5
Astragalus_nobilis	0
Astragalus_moellendorffii	0
Astragalus_charadzeae	11.6667
Astragalus_villosissimus	0
Astragalus_humillimus	0
Astragalus_oplites	0
Astragalus_clarianus	12.4286
Astragalus_tioides	0
Astragalus_spartioides	0
Astragalus_densiflorus	0
Astragalus_tarumensis	0
Astragalus_brachypus	0
Astragalus_prilipkoanus	1
Astragalus_hidalgensis	1
Astragalus_catabostrychos	0
Astragalus_turolensis	1.81915
Oxytropis_aciphylla	0
Astragalus_monbeigii	0.388889
Oxytropis_koyukukensis	0.727273
Astragalus_piscator	0
Astragalus_askius	0
Oxytropis_talassica	0
Astragalus_semicircularis	0
Astragalus_darii	0
Oxytropis_melanocalyx	1.16364
Astragalus_potosinus	0
Astragalus_osterhoutii	0
Astragalus_tephrodes	0.0418719
Astragalus_sirinicus	7.20588
Astragalus_ceratoides	9.65625
Astragalus_aquilonius	0
Oxytropis_lapponica	3.06453
Astragalus_chiwensis	0
Astragalus_anisus	0
Astragalus_galactites	0.551724
Astracantha_deinacantha	0.325
Oxytropis_viscida	0.301105
Astragalus_glaucacanthos	0
Astragalus_curvipes	0
Astragalus_comosus	0
Astragalus_wenquanensis	0
Astragalus_porphyrocalyx	0
Astragalus_sachalinensis	3.5
Astragalus_tegetarioides	0
Astragalus_micranthus	1.24427
Astragalus_punae	0
Astragalus_tungensis	0
Astragalus_onobrychis	6.98997
Astragalus_aridus	0
Astragalus_toanus	0.0540541
Astragalus_terrestris	0
Astragalus_capito	0
Oxytropis_eriocarpa	1.28571
Astragalus_severzovii	22
Astragalus_venturii	0
Astragalus_albertoregelia	0
Astragalus_hallii	0.287234
Astragalus_latiunguiculatus	0
Astragalus_xanthomeloides	22
Astragalus_brevialatus	0
Astragalus_taubertianus	0
Astragalus_amarus	0
Astragalus_nurensis	0
Astragalus_sarbasnensis	0
Astragalus_vegetus	0
Oxytropis_grandiflora	1.26829
Astragalus_hirtus	0
Astragalus_austroaegaeus	0
Oxytropis_taochensis	0
Oxytropis_riparia	1
Astragalus_minutulus	0
Astragalus_pycnostachyus	2.02439
Astragalus_dipelta	17.6
Oxytropis_kobukensis	0
Oxytropis_squammulosa	0
Astragalus_legionensis	1.625
Astragalus_kerrii	0
Astragalus_cerasinus	0
Astragalus_pseudocytisoides	0
Astragalus_complanatus	0
Astragalus_dombeyi	0
Astragalus_taiyuanensis	1.33333
Astragalus_argyroides	0
Astragalus_straturensis	0
Astragalus_pachypus	0.234375
Astragalus_vallicola	0
Astragalus_reichei	0.142857
Astragalus_breweri	4.63366
Astragalus_anisomerus	22
Astragalus_chardinii	0
Astragalus_porphyrophysa	0
Astragalus_macrostachys	0
Astragalus_pachyrhizus	0
Astragalus_tawilicus	9
Astragalus_grammocalyx	0
Astragalus_bossuensis	0
Astragalus_tidestromii	0
Astragalus_paucijugus	0
Astragalus_hornii	0.285714
Astragalus_rawlinsianus	0
Astragalus_ensiformis	0
Astragalus_pseudofragiferus	0
Astragalus_hypoxylus	0
Astragalus_williamsii	0.333333
Astragalus_adzharicus	15.25
Astragalus_angustifolius	4.32174
Astragalus_temirensis	0
Astragalus_tiehmii	0
Astragalus_oligophyllus	0
Astragalus_nelsonianus	0
Astragalus_bazmanicus	0
Astragalus_spinosus	0
Astragalus_leibergii	0
Astragalus_sericeocanus	0
Astragalus_goktschaicus	24.8
Astragalus_monoensis	0
Astragalus_peruvianus	0
Astragalus_dschangartensis	0
Astragalus_xiphoides	0
Astragalus_ishkamishensis	0
Astragalus_cerussatus	0
Astragalus_laguriformis	0
Astragalus_palmeri	0.0495356
Astragalus_hohenackeri	0
Astragalus_brandegei	0
Astragalus_falcatus	4.44872
Astragalus_sommieri	15
Astragalus_rytilobus	0
Astragalus_flexicaulis	0
Astragalus_erwinii-gaubae	0
Astragalus_macrodon	0.121951
Astragalus_kuschakewiczi	0
Astragalus_kermanschahensis	0
Astragalus_corrugatus	0.504673
Astragalus_reflexus	0
Astragalus_schistocalyx	0
Astragalus_pissisi	4.5
Astragalus_leucocephalus	1
Astragalus_polyacanthus	0
Astragalus_amatus	1.46154
Astragalus_insularis	0.106122
Astragalus_submitis	0
Astragalus_annularis	0
Astragalus_uncialis	0
Astragalus_boelckei	0
Astragalus_stewartii	0.538462
Oxytropis_oxyphylloides	0
Astragalus_lasioglottis	6.75
Astragalus_jessenii	0
Astragalus_jodotropis	0
Astragalus_hoffmeisteri	0
Astragalus_captiosus	3.14286
Astragalus_rigidulus	10.5
Astragalus_eupeplus	0
Astragalus_onobrychioides	4.25
Astragalus_matiensis	0
Astragalus_werdermannii	0
Astragalus_atratus	0.120879
Astragalus_cruckshanksii	0.225
Astragalus_laceratus	0
Astragalus_megricus	0
Astragalus_tashqurghanicus	0
Astragalus_ackerbergensis	0
Astragalus_collinus	0.131868
Astragalus_suffruticosus	0.142857
Astragalus_campylanthus	0
Astragalus_tweedyi	0.30303
Astragalus_tetrapterus	0
Astragalus_frickii	13.5
Astragalus_chlorodontus	5.75
Astragalus_ulothrix	0
Astragalus_wootonii	0.149584
Oxytropis_aucheri	0
Astragalus_chalaranthus	0
Astragalus_cuneifolius	0
Oxytropis_multiceps	0
Astragalus_iljinii	0
Astragalus_pelecinus	3.73086
Astragalus_prattii	0
Astragalus_stevenianus	0.958333
Astragalus_bashmensis	0
Astragalus_callithrix	0
Astragalus_asclepiadoides	0
Astragalus_longilobus	0
Astragalus_musimonum	0
Astragalus_oxypterus	0
Astragalus_floridulus	0.551724
Astragalus_taochius	13.5
Oxytropis_ochroleuca	0
Astragalus_kahiricus	0
Astragalus_tataricus	0
Astragalus_paralipomenus	0
Astragalus_chlorostachys	0.677419
Astragalus_bowes-lyonii	0
Astragalus_trimestris	0
Astragalus_concinnus	4.5
Astragalus_flavocreatus	0
Astragalus_gilensis	0.0983607
Astragalus_austriacus	4.18963
Oxytropis_parryi	0.224299
Astragalus_beckwithii	0.140394
Astragalus_schizotropis	0
Astragalus_amherstianus	0.55
Astragalus_dolichophyllus	0.758621
Astragalus_glycyphylloides	14.2424
Astragalus_mokiacensis	0
Astragalus_kashmirensis	0
Astragalus_crenatus	0
Astragalus_suprapilosus	3.8
Astragalus_ishigensis	0
Astragalus_ervoides	3.64935
Astragalus_ripleyi	0
Astragalus_saxorum	0
Astragalus_garbancillo	0.546667
Astragalus_anserinifolius	0
Astragalus_titovii	0
Astragalus_dekazygus	0
Astragalus_quinquejugus	0
Astragalus_follicularis	3.83871
Astragalus_parodii	2.30769
Astragalus_ochrochlorus	0
Astragalus_zayuensis	0
Astragalus_brackenridgei	0
Astragalus_baitagensis	0
Astragalus_arenarius	5.09
Astragalus_subsecundus	0
Oxytropis_arctica	0
Astragalus_alexandrii	4.22222
Wisteria_sinensis	7.73101
Astragalus_chuskanus	0
Astragalus_sclerocarpus	0.645455
Astragalus_poliotrichus	0
Astragalus_pullus	1.90909
Astragalus_algerianus	0.490909
Astragalus_paysonii	4.42308
Astragalus_pseudotesticulatus	0
Astragalus_bustillosii	0.290323
Astragalus_pushtashanicus	0
Astragalus_fragrans	7.34211
Astragalus_sulcatus	2.85246
Astragalus_gilmanii	0
Astragalus_scorpiurus	1.07407
Astragalus_thomsonii	0
Astragalus_meiliensis	0
Astragalus_alamliensis	0
Astragalus_submaculatus	16
Astragalus_subuliformis	2.33884
Astragalus_ionae	0
Astragalus_fuhsii	0
Oxytropis_williamsii	0.458333
Astragalus_stapfii	0
Astragalus_rosae	0
Astragalus_schelichowii	3.03448
Astragalus_remotijugus	0
Astragalus_scheremetevianus	0
Colutea_abyssinica	5
Astragalus_pauranthus	0
Astragalus_wardii	0
Oxytropis_qinghaiensis	0
Astragalus_junatovii	0
Astragalus_horridus	0
Astragalus_urmiensis	0
Astragalus_mareoticus	0
Astragalus_eastwoodiae	0
Astragalus_beathii	0
Astragalus_cusickii	0.138365
Astragalus_sciureus	0
Astragalus_nitens	0
Astragalus_rhizocephalus	0
Astragalus_verus	0
Astragalus_aeluropus	0
Astragalus_austiniae	0
Astragalus_albertii	0
Astragalus_zionis	0
Astragalus_convallarius	1.71352
Astragalus_archibaldii	0
Astragalus_forrestii	3.5
Oxytropis_maydelliana	0.301455
Astragalus_chrysopterus	0.928571
Astragalus_strictus	0
Astragalus_kronenburgii	0
Astragalus_palibinii	4.66667
Astragalus_altaicola	0
Astragalus_podolobus	0
Astragalus_daenaensis	0
Astragalus_vagus	4.5
Astragalus_campylorhynchus	0
Astragalus_beatleyae	0
Astragalus_austroargentinus	0
Astragalus_ravenii	0
Astragalus_bourgovii	0.300699
Astragalus_camptoceras	0
Astragalus_fialae	7.25
Astragalus_schimperi	0
Astragalus_altimurensis	0
Astragalus_hololeios	0
Astragalus_sungpanensis	0.0526316
Oxytropis_savellanica	0
Astragalus_harpocarpus	0
Astragalus_megalocystis	0
Astragalus_schugnanicus	0
Astragalus_bakuensis	0
Astragalus_mailiensis	0
Astragalus_leptophysus	0
Astragalus_pterocarpus	0
Astragalus_ordubadensis	0
Astragalus_sogdianus	0
Astragalus_tanaiticus	1.2
Astragalus_campylosema	0.222222
Astragalus_roseus	2.5
Astragalus_heterodontus	0
Astragalus_robustus	0.266667
Astragalus_pulcher	0
Astragalus_popovii	0
Astragalus_michauxii	4.52174
Astragalus_floridus	1.75
Astragalus_oreganus	0.0416667
Astragalus_sterilis	0
Astragalus_nigricalycis	0
Astragalus_drabelliformis	0
Astragalus_parvicarinatus	0
Astragalus_inflexus	0.077381
Astragalus_alatavicus	0
Astragalus_subcinereus	0
Astragalus_looseri	0
Astragalus_freitagii	0
Astragalus_drummondii	0.488095
Astragalus_ochroleucus	4.5
Astragalus_trigonus	0
Astragalus_orcuttianus	0
Astragalus_diaphanus	0
Astragalus_vicarius	0
Astragalus_tricarinatus	0
Astragalus_mackewiczii	0
Astragalus_levitubus	7
Astragalus_guatemalensis	3.85409
Astragalus_irinaea	0
Astragalus_alopecurus	5.02747
Astragalus_brahuicus	0
Astragalus_himalayanus	1
Astragalus_clusii	0.0789474
Astragalus_hartwegii	1.39437
Astragalus_longipetalus	0
Astragalus_harbisonii	0
Astragalus_rhodosemius	0
Astracantha_bethlehemitica	0.121495
Astragalus_microcystis	0.508475
Astragalus_fangensis	0
Astragalus_sangonensis	0
Astragalus_moencoppensis	0
Astragalus_arguricus	2.55556
Astragalus_ajfreidii	0
Astragalus_ruscifolius	0
Astragalus_masenderanus	0
Astragalus_hintonii	0.733333
Oxytropis_campanulata	5.01163
Astragalus_oxyglottis	0.45098
Astragalus_aqrabatensis	0
Astragalus_aloisii	0
Astragalus_sepultipes	0
Oxytropis_lagopus	0.429119
Astragalus_griffithii	0
Astragalus_angustatus	0
Astragalus_pseudonobilis	0
Astragalus_recognitus	0
Astragalus_chionanthus	0
Astragalus_murinus	0
Astragalus_sachanewii	0
Astragalus_franziskae	0
Astragalus_saxifractor	0
Astragalus_harpilobus	0
Astragalus_darumbium	1.28571
Astragalus_stocksii	0
Astragalus_chubutensis	4.85714
Astragalus_sikokianus	16.3333
Astragalus_macrobotrys	0
Astragalus_crassicarpus	3.8412
Astragalus_microdontus	0
Astragalus_riouxii	0
Astragalus_graecus	0
Astragalus_mossulensis	0
Astragalus_camelorum	0
Lessertia_capitata	3.75
Astragalus_geminiflorus	0.0555556
Astragalus_austinae	0
Astragalus_multijugus	0
Astragalus_algarbiensis	1.875
Astragalus_acaulis	1.175
Astragalus_brevifolius	0
Astragalus_macropelmatus	0
Astragalus_aucheri	0.416667
Astragalus_muelleri	13
Astragalus_tschujensis	0
Astragalus_sinaicus	1.07273
Astragalus_sphaeranthus	0
Astragalus_argentinus	0
Astragalus_falcigerus	0
Astragalus_turbinatus	0
Astragalus_fragiferus	0
Astragalus_tabrisianus	0
Astragalus_bolanderi	0
Astragalus_asper	2.77778
Astragalus_monadelphus	0.1
Astragalus_chiukiangensis	0
Astragalus_cibarius	1.65698
Astragalus_buchtormensis	1.27473
Astragalus_macrotrichus	0
Astragalus_umbellatus	0.572034
Astragalus_canoflavus	0
Astragalus_sempervirens	6.30247
Astragalus_spruneri	2.23333
Astragalus_rubrolineatus	0
Astragalus_pomonensis	0.734375
Astragalus_baissunensis	0
Oxytropis_ochrantha	1
Astragalus_complicatus	0
Astragalus_anxius	0
Astragalus_anni-novi	0
Astragalus_pueblae	0
Astragalus_polaris	0.0947368
Astragalus_shiroumensis	1.90698
Astragalus_citrinus	0
Astragalus_neocarpus	0
Astragalus_tanguticus	0
Astragalus_cancellatus	2.6875
Astragalus_orbiculatus	0
Astragalus_ajubensis	0
Astragalus_duchesnensis	0.0140845
Astragalus_eremophilus	0
Astragalus_epiglottis	1.94915
Astragalus_jejunus	0.652174
Astragalus_kavirensis	0
Astragalus_fenzelianus	0
Astragalus_stella	1.17764
Astragalus_fabaceus	0
Astragalus_maxwellii	0
Astragalus_parwanicus	0
Oxytropis_macrocarpa	1.55556
Astragalus_tortipes	0
Astragalus_pringlei	0.352941
Astragalus_pellitus	0
Astragalus_depressus	7.349
Astragalus_kaghysmani	0
Astragalus_griseus	0
Astragalus_americanus	0.539604
Astragalus_sinaloae	3.77778
Astragalus_alopecias	0
Astragalus_bergii	3.04167
Astragalus_smithianus	0
Astragalus_secundus	0
Oxytropis_falcata	0
Astragalus_calycinus	1.73684
Astragalus_platytropis	0
Astragalus_connectens	0
Astragalus_detritalis	0
Astragalus_infestus	0
Astragalus_phoenix	0
Astragalus_melilotoides	0.715328
Astragalus_mendocinus	0
Astragalus_nummularius	0
Astragalus_sahendi	0
Astragalus_bryantii	0
Astragalus_sanctorum	0
Astragalus_lilacinus	0
Astragalus_zagrosicus	0
Astragalus_laccoliticus	0
Oxytropis_microphylla	0
Astragalus_rusbyi	1.76471
Astragalus_havianus	0
Astragalus_jaegerianus	0
Astragalus_maroccanus	0
Astragalus_agnicidus	1.78947
Astragalus_sabulonum	0
Oxytropis_pauciflora	0.212389
Astragalus_incertus	0.352941
Astragalus_wingatanus	0.0105263
Astragalus_robbinsii	5.8162
Astragalus_dodtii	0
Astragalus_discolor	0
Astragalus_habamontis	0
Astragalus_mongholicus	4.21691
Astragalus_pseudocyclophyllus	0
Astragalus_desereticus	0
Astragalus_dependens	0
Astragalus_castaneiformis	0
Astragalus_rytidocarpus	0
Oxytropis_mertensiana	0.178571
Astragalus_saganlugensis	0
Astragalus_fridae	0
Astragalus_caeruleopetalinus	0
Tragacantha_densifolia	0.222222
Oxytropis_kansuensis	0.255319
Astragalus_parryi	0.0268456
Oxytropis_adamsiana	0
Astragalus_iodanthus	0.102941
Astragalus_argutensis	0
Astragalus_freynii	4
Astragalus_hemiphaca	0
Astragalus_subarcuatus	0
Astragalus_gebleri	1.25
Astragalus_mohavensis	0
Astragalus_subverticillatus	0
Astragalus_ackermanii	0
Astragalus_dignus	0
Astragalus_heptapotamicus	0
Astragalus_alpamarcae	0
Astragalus_laspurensis	0
Astragalus_sericophyllus	1.95
Astragalus_satoi	0
Astragalus_camptopus	0.0909091
Astragalus_przewalskii	0
Astragalus_pseudoindurascens	0
Astragalus_carinatus	1.57143
Astragalus_manucehrii	0
Astragalus_latifolius	0
Astragalus_dzebrailicus	18
Astragalus_reuterianus	0
Astracantha_pterocephala	0
Astragalus_woodruffii	0
Astragalus_icmadophilus	0
Astragalus_maireanus	0
Astragalus_calamistratus	0
Astracantha_oleifolia	0
Astragalus_circumdatus	0
Astragalus_waterfallii	0
Astragalus_tamiricus	0
Astragalus_fastidius	0
Astragalus_xanthoxiphidiopsis	0
Astragalus_cochabambensis	12
Astragalus_ammotrophus	0
Astragalus_tolmaczevii	0
Astragalus_pseudomultijugus	0
Astragalus_rosellus	0
Astragalus_cysticalyx	0
Astragalus_sophoroides	0
Astragalus_emoryanus	0.561404
Astragalus_hamiltonii	0
Astragalus_subvestitus	0
Astragalus_elymaiticus	0
Astragalus_mulfordiae	0.675
Oxytropis_besseyi	0.591603
Astragalus_bibullatus	18.6923
Astragalus_demetrii	1.5
Astragalus_akkensis	0
Astragalus_veresczaginii	0
Astragalus_varus	0
Oxytropis_campestris	3.48884
Astragalus_schahrudensis	0
Astragalus_melanocalyx	0
Astragalus_pauperculus	3.12658
Astragalus_perianus	0
Astragalus_adulterinus	0
Astragalus_asterias	0.23702
Astragalus_hauarensis	0
Astragalus_chomutowii	0
Oxytropis_nigrescens	0.433174
Astragalus_eugenii	0
Astracantha_caucasica	0
Astragalus_jodostachys	9
Astragalus_colhuensis	0
Astragalus_vereskensis	28
Astragalus_cyri	20.6667
Astragalus_pseudobrachystachys	0
Astragalus_bakaliensis	0
Astragalus_longissimus	1
Astragalus_jesdianus	0
Onobrychis_conferta	13.2062
Astragalus_jagnobicus	0
Astragalus_nuttallii	1.61307
Astragalus_shagalensis	0
Astragalus_persicus	6
Astragalus_ferganensis	0
Astragalus_stipitatus	0
Astragalus_lorinserianus	0
Astragalus_terracianoi	2
Astragalus_reticulatus	0
Astragalus_luxurians	0
Astragalus_allochrous	0.00409836
Astragalus_utahensis	2.74913
Astragalus_kirpicznikovii	0
Astragalus_triradiatus	0
Astragalus_shultziorum	1.53333
Astragalus_kialensis	1.64286
Astragalus_kaufmannii	0.589286
Astragalus_johannis-howellii	0
Astragalus_sanandajianus	0
Astragalus_piscinus	0
