Oxytropis_deflexa	18.2494
Astragalus_polyphyllus	5.5
Astragalus_kurtschumensis	16.8
Astragalus_intarrensis	0
Astragalus_neolipskyanus	0
Astragalus_penduliflorus	15.9052
Astragalus_famatinae	9.6
Astragalus_idaeus	4
Astragalus_cryptanthus	0.5
Astragalus_schistosus	1.4
Astragalus_kabadianus	0
Oxytropis_exserta	14.7273
Astragalus_peckii	8
Astragalus_paposanus	0
Astragalus_ceramicus	6.99045
Astragalus_ernestii	9.06452
Astragalus_sardaimionensis	12.8
Astragalus_lagopoides	4.10714
Astragalus_umbraticus	13.6667
Astragalus_mirabilis	0
Astragalus_aksuensis	0.868421
Astragalus_uraniolimneus	7.28571
Astragalus_cuyanus	6.66667
Astragalus_tehuelches	7.33333
Astragalus_brandegeei	18.8519
Astracantha_denudata	12.5417
Astragalus_howellii	4.30303
Astragalus_borodinii	0
Astragalus_thurberi	12.1013
Astragalus_lessertioides	29
Astragalus_zohrabi	1.66667
Astragalus_substipitatus	0
Astragalus_batangensis	7.875
Astragalus_tennesseensis	11.3297
Astragalus_salsugineus	0
Astragalus_pulviniformis	0
Astragalus_subumbellatus	0.538462
Astragalus_diphacus	11.0667
Astragalus_ammodytes	42
Astragalus_brachyodontus	3
Astragalus_domeykoanus	8.85714
Astragalus_lurorum	0
Astragalus_achundovii	11
Astragalus_lacei	0
Astragalus_coriaceus	12.7857
Astragalus_xiphidium	6
Oxytropis_tianschanica	0
Astragalus_phlomoides	0
Astragalus_durandianus	0
Astragalus_caprinus	0.58871
Astragalus_urceolatus	28.6667
Astragalus_canadensis	13.1817
Astragalus_mangeri	0
Astragalus_cymbicarpos	22.5769
Astragalus_pseudoborodinii	0
Astragalus_leiosemius	0
Astragalus_verticillatus	17
Astragalus_asymmetricus	20.8247
Astragalus_flexus	0
Astragalus_peterae	3.88889
Astragalus_anserinus	11
Astragalus_eurekensis	9.24324
Astragalus_polozhiae	0
Astragalus_conspicuus	7
Astragalus_multiceps	5.5
Astragalus_podocarpus	4.75
Astragalus_eremiticus	10.2899
Astragalus_stalinskyi	0
Astragalus_cimae	1.40741
Astragalus_tortuosus	0
Astragalus_denticulatus	0
Astragalus_eucosmus	17.6457
Astragalus_reventiformis	8.7377
Astragalus_patagonicus	9.76471
Astragalus_gilgitensis	4
Astragalus_kunlunensis	0
Astragalus_bezudensis	0.5
Astragalus_atwoodii	15.6
Astragalus_ovigerus	0
Astragalus_campylotrichus	0
Astragalus_spatulatus	10.0299
Astragalus_holmgreniorum	14.0588
Astragalus_graveolens	1.93939
Oxytropis_jordalii	9.42222
Astragalus_iselyi	9
Astragalus_odoratus	3.2
Astragalus_harrisonii	4.92857
Astragalus_misellus	4.76471
Astragalus_sesquiflorus	8.5102
Oxytropis_albana	2.6875
Astragalus_jiuquanensis	0
Astragalus_cytisoides	6.33333
Astragalus_kralikii	1.83333
Astragalus_triflorus	0.526316
Astragalus_boeticus	6.55422
Astragalus_goldmanii	16.1818
Astragalus_vulpinus	1.44
Astragalus_macropterus	7.22857
Astragalus_diminutivus	5.42857
Astragalus_uniflorus	2.03846
Astragalus_khoshjailensis	5.33333
Astragalus_shelkovnikovii	12.8333
Astragalus_gorodkovii	0
Astragalus_cognatus	0
Astragalus_basineri	4.5
Astragalus_miser	11.7702
Astragalus_salmonis	7.85556
Astragalus_angarensis	32.3846
Astragalus_yunnanensis	6.78788
Astragalus_schmalhausenii	2.77778
Astragalus_monanthemus	1.42857
Oxytropis_oreophila	14.7484
Astragalus_caroli-henrici	0
Astragalus_leucolobus	15.0197
Astragalus_megalanthus	7.13333
Astragalus_setosulus	14
Astragalus_biebersteinii	9.5
Astragalus_ornithopodioides	5.25
Astragalus_desperatus	4.60526
Astragalus_viridis	5.5
Astragalus_sinicus	23.7933
Astragalus_chaetodon	0
Astragalus_tremolsianus	24.1667
Astragalus_melanodon	0.5
Astragalus_pseudojohannis	0
Astragalus_psilocentros	4.94286
Astragalus_atropubescens	8.82432
Astragalus_vaccarum	16.3438
Astragalus_sesamoides	0
Astragalus_adanus	7.56452
Astragalus_distortus	16.7089
Astragalus_gaubae	0
Astragalus_luteolus	6.22222
Astragalus_hypsogenus	7.78571
Astragalus_kungurensis	27
Astragalus_calliphysa	1.83333
Astragalus_euchlorus	12.1667
Astragalus_galegiformis	9.72973
Astragalus_limprichtii	3.85714
Astragalus_layneae	2.94132
Astragalus_racemosus	8.35984
Astragalus_basiflorus	0
Astragalus_limnocharis	15.3235
Astragalus_egglestonii	25.5
Astragalus_neobarnebyanus	4.33333
Astragalus_cremnophylax	9.5
Astragalus_lancearius	4.35
Astragalus_discernendus	0
Astragalus_debequaeus	12.4
Astragalus_callistachys	0
Astragalus_puniceus	13.7333
Astragalus_parvus	15.95
Astragalus_solitarius	3.92593
Astragalus_chionobiiformis	0
Astragalus_speirocarpus	4.96
Oxytropis_czukotica	10
Astragalus_brachycarpus	9.2
Astragalus_dielsii	2.5
Astragalus_sikkimensis	19.1667
Astragalus_monticola	5.5
Astragalus_sutchuenensis	14.7
Astragalus_hymenocystis	0
Astragalus_casapaltensis	0
Astragalus_soxmaniorum	30.7317
Astragalus_beketowi	0
Astragalus_sedaensis	0
Astragalus_isphairamicus	0
Astragalus_schmolliae	23.5
Astragalus_aboriginum	14.6752
Astragalus_welshii	17
Astragalus_lacteus	18.4545
Astragalus_scaphoides	8.84375
Astragalus_bellus	4
Astragalus_alvordensis	4.31707
Astracantha_diphtherites	0
Astragalus_eriocarpus	6.90909
Astragalus_sangimashensis	0
Astragalus_khasianus	20.5
Astragalus_bisulcatus	11.5141
Astragalus_vesicarius	15.585
Astragalus_balearicus	9.66667
Astragalus_deanei	5.29167
Astragalus_megalomerus	3
Astragalus_amphioxys	7.4097
Astragalus_trichopodus	14.7713
Astragalus_loanus	27
Astragalus_unifoliolatus	0
Astragalus_micromerius	5.81818
Astragalus_owirensis	0
Astragalus_spinescens	0
Astragalus_oroproselius	0
Astragalus_hartmanii	12.6667
Oxytropis_jonesii	3
Astragalus_takhtadzhjanii	6
Astragalus_alopecuroides	6.50466
Astragalus_plattensis	7.85714
Astragalus_crassifolius	12.75
Astragalus_coronilla	0
Astragalus_inaequalifolius	4
Astragalus_dictamnoides	0
Astragalus_adpressipilosus	0
Oxytropis_immersa	0.5
Astragalus_peltatus	0
Astragalus_ptychophyllus	0.2
Astragalus_reesei	1
Astragalus_polyceras	0
Astragalus_remotiflorus	1.6
Astragalus_helmii	13.6136
Astragalus_pseudokurrumensis	0
Astragalus_magellanicus	11
Astragalus_petropolitanus	3.66667
Astragalus_dingjiensis	4
Astragalus_andaulgensis	0
Astragalus_crymophilus	12.8
Astragalus_chordorrhizus	27.4
Astragalus_illinii	9.25
Astragalus_kentrophyta	11.0158
Astragalus_chamaemeniscus	3.75758
Astragalus_palenae	9.94737
Astragalus_registanicus	0
Astragalus_maassoumii	0
Astragalus_fedtschenkoanus	5.28571
Astragalus_gracilidentatus	0
Astragalus_limariensis	0
Oxytropis_coerulea	28.6667
Astragalus_cyaneus	7.6
Astragalus_anthosphaerus	0
Astragalus_corniculatus	5.66667
Astragalus_barnebyi	0
Astragalus_abbreviatus	0
Astragalus_purpusii	34.8293
Astragalus_brachypetalus	0
Astragalus_pinonis	15.5286
Astragalus_maurus	7.8
Astragalus_suberosus	10.5882
Astragalus_laguroides	13.0667
Astragalus_rattanii	39.0816
Astragalus_psilolobus	0
Astragalus_fraxinifolius	4.4
Astragalus_humistratus	20.3319
Astragalus_callichrous	0.313869
Astragalus_vogelii	0
Astragalus_gueldenstaedtiae	1.5
Astragalus_wrightii	17.4483
Astragalus_zingeri	17.1667
Astragalus_pennellianus	16.3
Astragalus_toquimanus	13.8235
Astragalus_daghestanicus	9.85714
Astragalus_confertus	1.57143
Astragalus_fruticosus	26.2273
Astragalus_atropurpureus	11
Astragalus_pseudoaustralis	12.3333
Astragalus_orthocarpus	11.25
Astragalus_medius	1.14286
Astragalus_khwaja-muhammadensis	0
Carmichaelia_violacea	0
Astragalus_schinetorum	4
Astragalus_agraniotii	15
Astragalus_tumninensis	19.5
Astragalus_aspreticola	0
Astragalus_argophyllus	12.155
Astragalus_dianthus	0
Astragalus_urbanianus	0
Astragalus_accumbens	11.25
Oxytropis_humifusa	0.233333
Astragalus_wenxianensis	16
Astragalus_sharestanicus	2
Astragalus_polycladus	6.46212
Astragalus_nitidiflorus	0.833333
Oxytropis_pilosa	10.5733
Astragalus_hispidulus	0
Astragalus_wetherillii	11.6842
Astragalus_mucidus	0
Astragalus_remotus	10.1176
Astragalus_calycosus	13.0371
Astragalus_congdonii	43.4762
Astragalus_agrestis	11.3469
Astragalus_kohrudicus	0
Astragalus_haesitabundus	11.1667
Astragalus_arcuatus	0
Astragalus_crassispinus	0
Oxytropis_obnapiformis	2.66667
Astragalus_chrysostachys	1.85714
Astragalus_hoodianus	11.3077
Astragalus_rzaevii	1
Astragalus_aegobromus	4.84375
Sutherlandia_microphylla	5.10204
Astragalus_quinquefoliolatus	0
Astragalus_hypoglottis	23.9608
Astragalus_coccineus	3.32836
Astragalus_panduratus	0
Astragalus_cronquistii	3
Astragalus_tribuloides	0.450226
Astragalus_shevockii	43.0909
Astragalus_austrosibiricus	20.4211
Astragalus_karkarensis	0
Astragalus_greggii	19.2759
Oxytropis_racemosa	0
Astragalus_varius	4.2823
Astragalus_mayeri	4.92308
Astragalus_didymocarpus	11.008
Astragalus_simplicifolius	5.76667
Astragalus_agameticus	0
Astragalus_cymboides	7.21212
Astragalus_monumentalis	6.85714
Astragalus_zanskarensis	0.107143
Astragalus_edmondsonii	0
Astragalus_peterfii	0
Astragalus_kirrindicus	2.33333
Astragalus_eusarathron	0
Astragalus_macropodium	0
Astragalus_politovii	0
Astragalus_georgii	2.5
Astragalus_oniciformis	8.26316
Astragalus_fucatus	2.78218
Astracantha_gummifera	3.625
Astragalus_pusillus	5.04348
Astragalus_spaldingii	8.32353
Astragalus_daleae	29.625
Astragalus_turczaninowii	2.4
Erophaca_baetica	33.5853
Astragalus_pattersonii	13.9185
Sphaerophysa_salsula	5.56
Astragalus_confusus	4.5
Astragalus_maximowiczii	0
Astragalus_clerceanus	41.8571
Astragalus_stepporum	0
Astragalus_arizonicus	19.226
Astragalus_bashgalensis	0
Astracantha_aurea	4.82222
Astragalus_cretaceus	0.0172414
Astragalus_tongolensis	7.2963
Astragalus_ornithorrhynchus	3.33333
Astragalus_accidens	20.1139
Astragalus_ruiz-lealii	6.66667
Astragalus_hypoleucus	24
Astragalus_inyoensis	8.81481
Astragalus_ovatus	22.75
Astragalus_laricus	0
Astragalus_longidentatus	10.8378
Astragalus_macroceras	19.1944
Astragalus_erivanensis	0
Astragalus_lotiflorus	8.07783
Oxytropis_chionobia	0.947368
Astragalus_kirilovii	2.66667
Astragalus_purpurascens	0
Astragalus_auratus	0
Astragalus_kessleri	0
Astragalus_sesameus	18.027
Astragalus_moranii	3.4375
Astragalus_acmophylloides	10.5
Astragalus_pyrrhotrichus	3.8
Astragalus_firuzkuhensis	0
Astragalus_hypogaeus	0
Astragalus_scutaneus	12.6
Astragalus_leontinus	9.64
Astragalus_jolderensis	0
Astragalus_tricholobus	0
Astragalus_webberi	6.86957
Astragalus_lineatus	8.25
Astragalus_clarkeanus	0
Astragalus_cachinalensis	0
Astragalus_sieversianus	0
Astragalus_molestus	0
Astragalus_sumbari	0
Astragalus_gibbsii	10.6977
Astragalus_oocalycis	21.3023
Astragalus_canescens	0
Astragalus_filicaulis	0.35
Astragalus_caricinus	5.46479
Astragalus_fissuralis	3.54545
Astragalus_gladiatus	8.30769
Astragalus_arkalycensis	10.3333
Astragalus_laxmannii	12.5527
Astragalus_yumenensis	0
Astragalus_paraplesius	0
Astragalus_sevangensis	5.9
Astragalus_curvicarpus	7.2557
Astragalus_chlorostegius	0
Astragalus_elatior	0
Astragalus_nivalis	0.0864198
Astragalus_neglectus	16.4474
Astragalus_nuttallianus	9.95336
Astragalus_clevelandii	39.5593
Astragalus_recurvus	20.4444
Astragalus_hajastanus	0
Astragalus_chorinensis	18.7143
Astragalus_paralurges	0
Astragalus_varzobicus	0
Astracantha_strobilifera	0
Astragalus_oreades	0.545455
Astragalus_leptocaulis	0
Astragalus_munroi	0
Astragalus_olgae	4.4
Astragalus_atricapillus	0
Astragalus_echinops	0.75
Astragalus_knightii	0
Astragalus_bornmuellerianus	0
Astragalus_laetus	0
Astragalus_neoburkartianus	5
Astragalus_subalpinus	0
Astragalus_scorpioides	3.10638
Astragalus_grahamianus	1.51111
Astragalus_micranthellus	4.45714
Astragalus_tarijensis	5.26667
Astragalus_ampullarius	6.125
Astragalus_echinatus	15.9353
Astragalus_gymnopodus	0
Astragalus_brachybotrys	2
Astragalus_macropetalus	7.66667
Astragalus_chilienshanensis	10
Astragalus_aksaricus	4
Astragalus_miguelensis	14.5
Astragalus_psilacanthus	0
Astragalus_episcopus	2.65806
Astragalus_licentianus	0
Astragalus_variabilis	0
Astragalus_balchaschensis	0
Astragalus_prorifer	2.7125
Astragalus_froedinii	7
Astragalus_richii	8.66667
Astragalus_angreni	0
Astragalus_erythrolepis	0
Astragalus_purshii	11.3136
Astragalus_johnstonii	0
Astragalus_harringtonii	25.0769
Astragalus_paktiensis	0
Astragalus_brachytropis	14.65
Astragalus_joergensenii	8.22222
Astragalus_geniculatus	0.777778
Astragalus_saralensis	26.6667
Astragalus_filipes	9.38685
Astragalus_cuatrecasasii	0
Oxytropis_jacquinii	19.5583
Astragalus_schmidii	0
Astragalus_distinens	4
Astragalus_holosemius	0
Astragalus_oophorus	19.8361
Astragalus_altus	14
Astragalus_erionotus	2.93333
Astragalus_ortholobus	9.33333
Astragalus_squarrosus	0
Astragalus_kudrjaschovii	0
Astragalus_neomexicanus	14.75
Astragalus_ophiocarpus	2.09091
Astragalus_lutosus	8.90625
Astragalus_conjunctus	6.95946
Astragalus_coahuilae	19.6667
Astragalus_teheranicus	0.333333
Astragalus_eriopodus	2.6
Astragalus_ochreatus	0
Astragalus_chamissonis	8.8
Astragalus_donianus	8.75
Astragalus_geyeri	4.24818
Astragalus_duanensis	0
Astragalus_bicolor	0.333333
Astragalus_regiomontanus	35.4
Astragalus_huthianus	5.66667
Astragalus_lunatus	2
Astragalus_whitneyi	12.4696
Astragalus_gompholobium	0
Astragalus_saetiger	3
Astragalus_curvirostris	0
Astragalus_semnanensis	0
Astragalus_yoder-williamsii	8.6
Astragalus_oocarpus	17.5422
Astragalus_raphiodontus	0
Astragalus_sanctae-crucis	3
Astragalus_sericopetalus	0
Astragalus_nigrivestitus	0
Astragalus_panamintensis	0
Astragalus_pseudoamygdalinus	0
Astragalus_praelongus	7.8578
Astragalus_ancistrocarpus	1.33333
Astragalus_antheliophorus	0
Astragalus_arbuscula	0
Astragalus_dictyolobus	5.2
Astragalus_vexilliflexus	9.684
Astragalus_hymenocalyx	0
Astragalus_falconeri	0.52381
Astragalus_feensis	14
Astragalus_gracilis	9.61914
Astragalus_sanguineus	28.0822
Astragalus_syreitschikovii	0
Astragalus_sheldonii	11.2609
Astragalus_esperanzae	28.0588
Astragalus_albulus	8.14925
Oxytropis_strobilacea	24.689
Astragalus_bhotanensis	8.73333
Astragalus_minutissimus	1.6
Astragalus_ampullarioides	5.42857
Astragalus_rimarum	4.5
Astragalus_trigonocarpus	40
Astragalus_oocephalus	2.53846
Astragalus_anemophilus	4.39535
Astragalus_lepsensis	5.55556
Astragalus_eurylobus	0.117647
Astragalus_gruinus	7.37313
Astragalus_huiningensis	1
Astragalus_danicus	13.5472
Astragalus_straussii	0
Astragalus_macrourus	9.16667
Astragalus_pauperiflorus	0
Astragalus_erythrosemius	0
Astragalus_radicans	54.9062
Astragalus_diversifolius	9.22857
Astragalus_pseudomegalomerus	0
Astragalus_berteri	0.444444
Astragalus_tragacantha	11.4375
Astragalus_henryi	10.7143
Astragalus_atropilosulus	14.8152
Astragalus_schanginianus	16.2041
Astragalus_salatavicus	7
Astragalus_melanostachys	0.16129
Astragalus_bicristatus	19.6147
Astragalus_mikrophyton	0
Astragalus_cicer	10.3373
Astragalus_longistipitatus	0
Astragalus_pavlovii	0
Astragalus_paradoxus	2
Astragalus_zacatecanus	21.8
Astragalus_groetzbachii	0
Astragalus_shatuensis	0
Astragalus_compressus	0
Astragalus_sinuatus	8.15
Astragalus_brauntonii	17.4302
Astragalus_aquilanus	2.5
Astragalus_sanczirii	0
Astragalus_hymenostegis	0
Astragalus_ovoideus	0
Astragalus_perdurans	2
Astragalus_effusus	5
Astragalus_szovitsii	8.3
Astragalus_badamensis	0
Astragalus_preussii	4.06667
Astragalus_microphysa	0
Astragalus_saurinus	8.26667
Astragalus_beckerianus	10.375
Astragalus_rafaelensis	4.7
Oxytropis_splendens	20.2124
Astragalus_capillipes	0
Astragalus_macropus	3.92593
Astragalus_francisquitensis	31.8235
Astragalus_dumetorum	0
Astragalus_arthurii	7.88
Astragalus_moyanoi	23
Oxytropis_neglecta	14.4539
Astragalus_quinqueflorus	8.66667
Astragalus_ponticus	9.5
Astragalus_levieri	11.5652
Oxytropis_yunnanensis	6.54902
Astragalus_trichocarpus	16.4167
Astragalus_consobrinus	17.7857
Astragalus_rostratus	3
Astragalus_serenoi	4.15833
Astragalus_lycioides	0
Astragalus_jabbor-khailii	0
Astragalus_linifolius	10.3333
Astragalus_arnoldii	0.333333
Astragalus_vanillae	0
Astragalus_coluteocarpus	1.40909
Hedysarum_boreale	12.9677
Astragalus_buschiorum	0
Astragalus_miyalomontis	0
Astragalus_bachmarensis	0
Astragalus_ellipsoideus	0
Astragalus_stenocystis	0
Astragalus_herbertii	9.5
Astragalus_chinensis	8.4
Astragalus_goniatus	16.1
Astragalus_musiniensis	5.31081
Astragalus_lehmannianus	0
Astragalus_tugarinovii	11.5684
Astragalus_lasiopetalus	9
Astragalus_hancockii	5.83333
Astragalus_arrectus	11.4318
Astragalus_bungeanus	6.15789
Astragalus_frigidus	19.3981
Astragalus_macrotropis	2
Astragalus_siahderrensis	0
Astragalus_sabuletorum	28
Astragalus_lumsdenianus	0
Astragalus_pamirensis	0
Astragalus_longipetiolatus	0
Astragalus_diopogon	0
Astragalus_lindheimeri	10.3226
Astragalus_clandestinus	0
Astragalus_holophyllus	0
Astragalus_persepolitanus	0.181818
Astragalus_pubentissimus	6.39759
Oxytropis_bicolor	1.95918
Astragalus_arnottianus	6.04167
Astragalus_ankylotus	32.5
Astragalus_platyphyllus	4.66667
Astragalus_riparius	8.5
Astragalus_hyalolepis	12.8333
Astragalus_kazbeki	3
Astragalus_muliensis	12.7273
Astragalus_orbicularifolius	1.375
Astragalus_alyssoides	1
Astragalus_baionensis	10.5455
Oxytropis_scammaniana	13.2734
Astragalus_valparadisiensis	9.66667
Oxytropis_poncinsii	0
Astragalus_arequipensis	3.05128
Astragalus_webbianus	0.5
Astragalus_siliceus	5
Oxytropis_nutans	0
Astragalus_stenanthus	0
Astragalus_grubovii	2.8
Astragalus_coquimbensis	0.764706
Astragalus_brachycentrus	0
Astragalus_raddei	0.833333
Astragalus_albicaulis	1.95876
Astragalus_nigrolineatus	0
Astragalus_ammodendron	0
Astragalus_strigulosus	25.9693
Astragalus_inopinatus	26.8981
Astragalus_australis	14.4545
Astragalus_mucronifolius	0.916667
Astragalus_kifonsanicus	1
Astragalus_trachoniticus	0
Astragalus_souliei	14.8
Astragalus_cracca	0
Astragalus_amblytropis	12.0909
Astragalus_ertterae	14
Astragalus_granitovii	0
Astragalus_juratzkanus	0
Astragalus_megacarpus	12.5259
Astragalus_glabellus	0
Astragalus_testiculatus	4.72549
Astragalus_jaliscensis	26.9667
Astragalus_nuciferus	1.83333
Astragalus_stenolepis	2.33333
Astragalus_hamosus	11.8636
Astragalus_bombycinus	0
Astragalus_vesiculosus	12.5
Astragalus_flavus	8.05158
Astragalus_oihorensis	0
Astragalus_marinus	21.875
Astragalus_propinquus	29.5931
Astragalus_verrucosus	30.7143
Astragalus_tenellus	15.0665
Astragalus_columbianus	1.11111
Astragalus_brazoensis	11.3243
Astragalus_chorizanthus	0
Astragalus_amnis-amissi	16.625
Astragalus_johannis	1.5
Astragalus_gentryi	43.9474
Astragalus_carmanicus	0
Astragalus_piptocephalus	0
Astragalus_fabrisii	0
Astragalus_oxyodon	1.5
Astragalus_minthorniae	7.21154
Astragalus_dulungkiangensis	14.5
Astragalus_humifusus	9.07692
Astragalus_gorczakovskii	31.125
Astragalus_ammodendroides	5.33333
Astragalus_weberbaueri	5.44
Astragalus_coltonii	13.8836
Astragalus_tatsienensis	13.5556
Astragalus_rufescens	0
Astragalus_centralis	0
Astragalus_strigosostipulatus	0
Astragalus_glaux	14.3433
Astragalus_guttatus	2.16071
Astragalus_toksunensis	0
Astragalus_leucocladus	0
Astragalus_edulis	7.74074
Astracantha_karabaghensis	0
Astragalus_bifidus	16.5
Astragalus_ecbatanus	2
Astragalus_nutriosensis	20.5
Astragalus_demavendicolus	0
Astragalus_cinereus	3.5
Astragalus_monspessulanus	21.8958
Astragalus_miniatus	1.90909
Astragalus_hololeucoides	4.4
Phyllolobium_tribulifolium	1.05
Astragalus_rubriflorus	5.66667
Astragalus_naftabensis	4.8
Astragalus_nutans	5.16092
Astragalus_galiifolius	0
Astragalus_susianus	0.428571
Astragalus_siliquosus	0.727273
Astragalus_cryptobotrys	3.52941
Astragalus_oxyphysus	15.8873
Astragalus_terminalis	12.6825
Astragalus_striatiflorus	11.7667
Astragalus_xylobasis	5.7
Astragalus_mattam	0
Astragalus_taipaishanensis	17.6667
Astragalus_plumbeus	17.3333
Astragalus_sabulosus	2.11111
Astragalus_utriger	6.80851
Astragalus_mercklinii	0
Astragalus_ledinghamii	0
Astragalus_punctatus	10
Astragalus_anacardius	0
Astragalus_peduncularis	1
Astragalus_sparsus	0
Astragalus_bidentatus	0
Astragalus_supinus	2.83333
Astragalus_leptocarpus	22.2479
Astragalus_missouriensis	9.36524
Astragalus_camptodontoides	0
Astragalus_applegatii	12.25
Astragalus_lyallii	2.81818
Astragalus_brachystachys	2.09091
Astragalus_rupifragus	5.01
Astragalus_pendulinus	2.33333
Astragalus_leiophyllus	0
Astragalus_cephalanthus	1.66667
Astragalus_sprucei	5.35714
Astragalus_kustanaicus	0
Astragalus_drupaceus	23.9167
Astragalus_pinetorum	7.26471
Astragalus_biovulatus	0.333333
Astragalus_exscapus	6.24747
Astragalus_commixtus	0.5625
Astragalus_serpens	22.3077
Smirnowia_turkestana	0
Astragalus_charguschanus	0.695652
Astragalus_baba-alliar	3.5
Astragalus_noziensis	0
Astragalus_platysematus	4.5
Astragalus_lipskyi	0
Astragalus_trichanthus	0
Astragalus_ciceroides	15
Astragalus_deminutivus	5.71429
Astragalus_tibetanus	1.63309
Astragalus_solandri	2.4
Astragalus_ebenoides	0.5
Astragalus_nutzotinensis	12.7156
Astragalus_macronyx	0
Astragalus_troglodytus	26.234
Astragalus_cottonii	14.75
Astragalus_malacus	8.20557
Astragalus_polygala	12.75
Astragalus_lambinonii	0
Astragalus_efoliatus	0
Astragalus_glumaceus	0
Astragalus_heydei	0
Astragalus_equisolensis	4
Astragalus_lasiophyllus	0
Oxytropis_ochotensis	16.5714
Astragalus_cobrensis	23.5556
Astragalus_sulfuratus	0
Astragalus_khaneradarensis	0
Astracantha_cerasocrena	0
Astragalus_ensifer	0
Astragalus_petraeus	0
Astragalus_puberulus	17.7097
Astragalus_curvicaulis	8.44444
Astragalus_chloodes	6.28571
Astragalus_kerkukiensis	3.5
Astragalus_barbatus	5
Astragalus_alaschanus	12
Astragalus_cavanillesii	6.40909
Astragalus_tupalangi	0
Astragalus_nelidae	2.71429
Astragalus_brevipes	2.5
Astracantha_cretica	15.0317
Astragalus_armeniacus	0
Oxytropis_nana	6.75
Astragalus_consanguineus	0
Astragalus_dasyanthus	3.4127
Astragalus_thermensis	6.75
Astragalus_nivicola	11.0909
Oxytropis_ciliata	0
Astragalus_seidabadensis	0
Astragalus_spegazzinii	7.25
Astragalus_subrosulariformis	0
Astragalus_somcheticus	13.96
Astragalus_coluteopsis	0
Astragalus_lasiosemius	0.075
Astragalus_piutensis	25.2167
Astragalus_gypsodes	7.27273
Astragalus_germaini	0
Astragalus_burkartii	3.84615
Astragalus_nigriceps	1.33333
Astragalus_apollineus	5.2
Astragalus_savellanicus	0
Astragalus_intercedens	0.2
Astragalus_pseudoadsurgens	1.2
Astragalus_exasperatus	0
Astragalus_lentiformis	26.5185
Astragalus_acutifolius	0
Astragalus_pseudohypogaeus	0
Astragalus_bodinii	19.6814
Astragalus_anfractuosus	0
Astragalus_cisoxanus	0
Astracantha_stenonychioides	7.625
Astragalus_brachylobus	1.56
Astragalus_kuschkensis	0
Astracantha_parnassi	26.8889
Astragalus_obcordatus	20.3944
Astragalus_pectinatus	9.22629
Astragalus_traskiae	18.5
Astragalus_gambelianus	33.5482
Astragalus_zerdanus	0
Astragalus_simpsonii	13.3333
Astragalus_jaxarticus	7.66667
Astragalus_wolgensis	2.11628
Astragalus_hyrcanus	1.8
Astragalus_macrosemius	6.75
Astragalus_balfourianus	15.5417
Astragalus_lemmonii	9.08511
Astragalus_malacoides	4.53846
Astragalus_giganteus	22.9
Astragalus_douglasii	16.6297
Astragalus_chaidamuensis	0
Astragalus_pardalinus	3.5
Astragalus_rawianus	0
Astragalus_dendroides	0
Astragalus_lucidus	7
Astragalus_vavilovii	0
Astragalus_nephtonensis	0
Astragalus_reduncus	0.904762
Astragalus_cottamii	3.33333
Astragalus_mahoschanicus	0.714286
Astragalus_grayi	5.88235
Astragalus_mesites	0
Astragalus_shinanensis	24.5
Astragalus_djilgensis	0
Astragalus_hirsutus	2
Astracantha_microcephala	5.16216
Astragalus_vaginatus	35.6
Astragalus_faurei	0
Astragalus_aequalis	15.6154
Astragalus_versicolor	24.377
Astragalus_atrovinosus	1.5
Astragalus_glomeratus	42
Oxytropis_sericea	12.5649
Astragalus_bourgaeanus	14.4231
Astragalus_deterior	24.3333
Astragalus_naturitensis	11.675
Astragalus_vulcanicus	4
Astragalus_lanuginosus	2
Astragalus_reinii	1
Astragalus_avicennicus	0
Astragalus_myrianthus	0
Astragalus_cenorrhynchus	5.5
Astragalus_brevidens	0
Astragalus_schrenkianus	3
Astragalus_rhacodes	0
Astragalus_emarginatus	3.94444
Astragalus_anisacanthus	0
Astragalus_retusifoliatus	0
Astragalus_obscurus	8.06786
Astragalus_curtipes	29.5063
Astragalus_skythropos	7.92857
Astragalus_imitensis	2.14286
Astragalus_neuquenensis	17.6
Astragalus_leptus	0
Astragalus_tephrolobus	0
Astragalus_succumbens	5.94898
Astragalus_lyonnetii	48.2857
Astragalus_pakistanicus	0
Astragalus_englerianus	10.4
Astragalus_pehuenches	6.37104
Astragalus_proximus	24.1273
Astragalus_hemsleyi	0
Astragalus_korovinianus	0
Astragalus_vallaris	12.3077
Astragalus_scleroxylon	0
Astragalus_karelinianus	11.1667
Astragalus_mario-sousae	19
Astragalus_chingoanus	0
Astragalus_nematodes	0
Astragalus_breviscapus	3.2
Astragalus_weddellianus	7.15
Astragalus_depauperatus	12.3158
Astragalus_dactylocarpus	0
Astragalus_cuscutae	0
Astragalus_crypticus	7.5
Astragalus_micrancistrus	0
Astragalus_supervisus	3
Astragalus_nidularius	3.47826
Astragalus_takharensis	0
Astragalus_bracteosus	0
Astragalus_pallescens	3.2381
Astragalus_weixinensis	0
Astragalus_orthocarpoides	0
Astragalus_iodopetalus	25.4375
Astragalus_acutirostris	3.96209
Astragalus_darwinianus	1
Astragalus_demavendicus	3.71429
Astragalus_variegatus	8.8
Astragalus_arganaticus	0
Astragalus_curviflorus	0
Astragalus_lithophilus	0
Astragalus_vessalae	5.5
Astragalus_stipulatus	7
Astragalus_pseudoversicolor	3.5
Tragacantha_fasciculifolia	0.0714286
Astragalus_reventus	11.3718
Astragalus_impexus	0
Astragalus_magdalenae	0.80814
Astragalus_crotalariae	2.23642
Astragalus_dilutus	4.5122
Astragalus_gombo	1.65217
Astragalus_physodes	1.74194
Astragalus_oxyphysopsis	1.18182
Astragalus_armatus	4.26562
Astragalus_scaberrimus	11.2353
Astragalus_sparsiflorus	17
Astragalus_tolucanus	51
Astragalus_scopulorum	18.7472
Astragalus_cornutus	4.86667
Astragalus_californicus	11.8
Astragalus_karakugensis	0.777778
Astragalus_lentiginosus	8.34642
Astragalus_ibrahimianus	4.18182
Astragalus_aschuturi	6
Astragalus_edmondstonei	2.42857
Astragalus_lupulinus	33.3704
Astragalus_lamondiae	0
Astragalus_nudisiliquus	6.83146
Astragalus_aduncus	0.733333
Astragalus_newberryi	9.27632
Astragalus_termeanus	0
Astragalus_endytanthus	0
Astragalus_incanus	15.4075
Astragalus_kolymensis	11.2308
Astragalus_degensis	11.4286
Astragalus_sanguinolentus	10.9167
Astragalus_filiformis	9.7907
Oxytropis_lambertii	12.5764
Astragalus_retamocarpus	5
Astragalus_scabrisetus	0
Astragalus_oncotrichus	0
Astragalus_scoparius	0
Astragalus_gracilipes	0.8125
Astragalus_hispanicus	6.28916
Astragalus_olchonensis	8.42857
Astragalus_abnormalis	0
Astragalus_chamaeleuce	9.33758
Astragalus_plagiophacos	5
Astragalus_carduchorum	0
Astragalus_lalesarensis	0.833333
Astragalus_physocarpus	0
Astragalus_wittmannii	8.33333
Astragalus_asplundii	4.6
Astragalus_flexuosus	13.1936
Astragalus_eriostomus	1.5
Astragalus_nothoxys	18.84
Astragalus_aleppicus	0.768116
Astragalus_villosus	24.9394
Clianthus_puniceus	11.3846
Astragalus_pauper	0
Astragalus_valerianensis	0
Astragalus_globiceps	0
Astragalus_neurophyllus	0
Astragalus_oxyrhynchus	30.0732
Astragalus_molybdenus	23.5
Astragalus_aspindzicus	11.5
Astragalus_piletocladus	0
Astragalus_beckii	5.44444
Eremosparton_flaccidum	0
Astragalus_tenuifolius	0
Astragalus_nyensis	1.39394
Astragalus_montigenus	3.5
Astragalus_tener	17.0886
Astragalus_yangtzeanus	0
Astragalus_pseudoutriger	3.66667
Astragalus_tribulifolius	9.66667
Astragalus_helleri	16.2143
Astragalus_speciosus	3
Astragalus_angustiflorus	17.7879
Astragalus_kuramensis	0
Astragalus_tephrosioides	2.66667
Oxytropis_recognita	14.2381
Astragalus_taschkendicus	0
Astragalus_microcymbus	10.4444
Astragalus_dahuricus	9.11111
Astragalus_porrectus	2.525
Astragalus_stenoceras	5.03226
Astragalus_erubescens	0
Astragalus_sphaerocystis	0
Astragalus_tyghensis	6.11111
Astragalus_alpinus	22.832
Astracantha_granatensis	16.9075
Swainsona_formosa	3.20064
Astragalus_littoralis	17
Astragalus_caraganae	4.625
Astragalus_arbelicus	0
Astragalus_castetteri	8.83333
Astragalus_albens	1.96
Astragalus_humilis	1.42857
Astragalus_sieberi	0
Astragalus_rahensis	1.2
Astragalus_contortuplicatus	8.11538
Astragalus_saccatus	0
Astragalus_carminis	26.5714
Astragalus_xipholobus	0
Astragalus_shortianus	14.2454
Astragalus_bernardinus	5.35294
Astragalus_cyclophyllon	5.33333
Astragalus_concretus	7
Astragalus_craibianus	9.57143
Astragalus_norvegicus	16.1187
Astragalus_funereus	1.13333
Astragalus_falciformis	8.71429
Astragalus_glycyphyllos	20.3225
Astragalus_leansanicus	0
Astragalus_inversus	16.75
Astragalus_bounophilus	0
Astragalus_gudrunensis	0
Astragalus_hamrinensis	0
Astragalus_macrocephalus	5.67568
Astragalus_leptaleus	13.918
Astragalus_davidii	18.25
Astragalus_maurorum	2
Astragalus_strictilobus	0
Astragalus_podlechii	0
Astragalus_peregrinus	0.981132
Astragalus_idrietorum	2.78378
Astragalus_hoantchy	0
Astragalus_maritimus	0
Astragalus_pictiformis	13.5484
Astragalus_rhizanthus	1.17308
Astragalus_titanophilus	23.7778
Astragalus_borraginaceus	0
Astragalus_nudus	0
Astragalus_berterianus	6.875
Astragalus_casei	7.21384
Oxytropis_ochrocephala	1.8
Astragalus_semilunatus	1.33333
Astragalus_glaucus	1.25
Astragalus_managildensis	5.5
Astragalus_wagneri	3
Astragalus_tigridis	3.375
Astragalus_mollissimus	10.5044
Oxytropis_mollis	5.13095
Astragalus_fuliginosus	0
Astracantha_plumosa	7.08333
Astragalus_vexillaris	3.5
Astragalus_andersonii	12.8515
Astragalus_tulinovii	0.179487
Astragalus_scalaris	16.5
Astragalus_golmuensis	0
Astragalus_ufraensis	0
Astragalus_lonchocarpus	14.0727
Astragalus_majevskianus	0
Astragalus_handelii	1
Oxytropis_vassilczenkoi	6.95
Astragalus_alaicus	0
Astragalus_ugamicus	7.75
Oxytropis_hirta	5.36364
Astragalus_marianus	16.75
Astragalus_cottonianus	0
Astragalus_xanthotrichus	0
Astragalus_minimus	1.8
Astragalus_pulsiferae	11.1389
Astragalus_bonariensis	2.66667
Astragalus_pseudochlorostachys	0
Astragalus_melanochiton	0
Astragalus_uliginosus	28.9634
Astragalus_adsurgens	13.2718
Astragalus_reflexistipulus	29.5
Astragalus_wilmottianus	0
Astragalus_nobilis	3.66667
Astragalus_moellendorffii	0
Astragalus_charadzeae	10
Astragalus_villosissimus	0
Astragalus_humillimus	3.625
Astragalus_oplites	0.625
Astragalus_clarianus	43.1429
Astragalus_tioides	0
Astragalus_spartioides	0
Astragalus_densiflorus	0.486486
Astragalus_tarumensis	0
Astragalus_brachypus	0
Astragalus_prilipkoanus	3.5
Astragalus_hidalgensis	31.3077
Astragalus_catabostrychos	0
Astragalus_turolensis	8.86702
Oxytropis_aciphylla	0.0357143
Astragalus_monbeigii	1.72222
Oxytropis_koyukukensis	10.9091
Astragalus_piscator	7.81818
Astragalus_askius	1.5
Oxytropis_talassica	0
Astragalus_semicircularis	22
Astragalus_darii	0
Oxytropis_melanocalyx	5.41818
Astragalus_potosinus	19.2857
Astragalus_osterhoutii	12
Astragalus_tephrodes	21.8916
Astragalus_sirinicus	16.0294
Astragalus_ceratoides	17.0625
Astragalus_aquilonius	15.7826
Oxytropis_lapponica	9.9728
Astragalus_chiwensis	0
Astragalus_anisus	13.1053
Astragalus_galactites	17.4828
Astracantha_deinacantha	0.275
Oxytropis_viscida	18.4392
Astragalus_glaucacanthos	0
Astragalus_curvipes	0
Astragalus_comosus	3.66667
Astragalus_wenquanensis	16
Astragalus_porphyrocalyx	0
Astragalus_sachalinensis	8.5
Astragalus_tegetarioides	7.16667
Astragalus_micranthus	32.2061
Astragalus_punae	0.333333
Astragalus_tungensis	20.75
Astragalus_onobrychis	11.6968
Astragalus_aridus	2.05109
Astragalus_toanus	6.02027
Astragalus_terrestris	0
Astragalus_capito	4.28571
Oxytropis_eriocarpa	11.0357
Astragalus_severzovii	3
Astragalus_venturii	4.66667
Astragalus_albertoregelia	0
Astragalus_hallii	19.1596
Astragalus_latiunguiculatus	10
Astragalus_xanthomeloides	3
Astragalus_brevialatus	8
Astragalus_taubertianus	0
Astragalus_amarus	0
Astragalus_nurensis	3
Astragalus_sarbasnensis	0
Astragalus_vegetus	1.5
Oxytropis_grandiflora	18.2683
Astragalus_hirtus	0
Astragalus_austroaegaeus	17
Oxytropis_taochensis	0
Oxytropis_riparia	4.77273
Astragalus_minutulus	0
Astragalus_pycnostachyus	17.7317
Astragalus_dipelta	5
Oxytropis_kobukensis	13.6471
Oxytropis_squammulosa	0
Astragalus_legionensis	33
Astragalus_kerrii	25.4
Astragalus_cerasinus	0
Astragalus_pseudocytisoides	0
Astragalus_complanatus	0
Astragalus_dombeyi	3
Astragalus_taiyuanensis	5
Astragalus_argyroides	7.71429
Astragalus_straturensis	26.8298
Astragalus_pachypus	11.4375
Astragalus_vallicola	31.3125
Astragalus_reichei	4.85714
Astragalus_breweri	44.3564
Astragalus_anisomerus	3
Astragalus_chardinii	4.2
Astragalus_porphyrophysa	0
Astragalus_macrostachys	8.18182
Astragalus_pachyrhizus	0
Astragalus_tawilicus	0
Astragalus_grammocalyx	0.5
Astragalus_bossuensis	0
Astragalus_tidestromii	1.44737
Astragalus_paucijugus	0
Astragalus_hornii	7.55357
Astragalus_rawlinsianus	0
Astragalus_ensiformis	14.2857
Astragalus_pseudofragiferus	0
Astragalus_hypoxylus	16
Astragalus_williamsii	30.9365
Astragalus_adzharicus	23.5
Astragalus_angustifolius	12.8696
Astragalus_temirensis	0
Astragalus_tiehmii	0
Astragalus_oligophyllus	0
Astragalus_nelsonianus	4.64706
Astragalus_bazmanicus	0
Astragalus_spinosus	0.11745
Astragalus_leibergii	3.10256
Astragalus_sericeocanus	8
Astragalus_goktschaicus	19.8
Astragalus_monoensis	20.0976
Astragalus_peruvianus	4.31034
Astragalus_dschangartensis	0
Astragalus_xiphoides	0.2
Astragalus_ishkamishensis	0
Astragalus_cerussatus	11.6552
Astragalus_laguriformis	4.5
Astragalus_palmeri	5.5356
Astragalus_hohenackeri	3
Astragalus_brandegei	18.8438
Astragalus_falcatus	11.0769
Astragalus_sommieri	15.75
Astragalus_rytilobus	0
Astragalus_flexicaulis	0
Astragalus_erwinii-gaubae	0
Astragalus_macrodon	29.1463
Astragalus_kuschakewiczi	0
Astragalus_kermanschahensis	0
Astragalus_corrugatus	0.766355
Astragalus_reflexus	13.3125
Astragalus_schistocalyx	0
Astragalus_pissisi	0
Astragalus_leucocephalus	10.2
Astragalus_polyacanthus	0.857143
Astragalus_amatus	6.15385
Astragalus_insularis	2.27755
Astragalus_submitis	3.83333
Astragalus_annularis	0.272727
Astragalus_uncialis	2.07692
Astragalus_boelckei	0.714286
Astragalus_stewartii	11.1538
Oxytropis_oxyphylloides	16
Astragalus_lasioglottis	5.625
Astragalus_jessenii	3
Astragalus_jodotropis	7.28571
Astragalus_hoffmeisteri	0.52381
Astragalus_captiosus	10.3214
Astragalus_rigidulus	27.5
Astragalus_eupeplus	40
Astragalus_onobrychioides	5.60714
Astragalus_matiensis	10.5
Astragalus_werdermannii	11.5
Astragalus_atratus	11.3077
Astragalus_cruckshanksii	6.65
Astragalus_laceratus	0
Astragalus_megricus	0
Astragalus_tashqurghanicus	2
Astragalus_ackerbergensis	0
Astragalus_collinus	8.53846
Astragalus_suffruticosus	10.8571
Astragalus_campylanthus	0.5
Astragalus_tweedyi	6.9697
Astragalus_tetrapterus	11.875
Astragalus_frickii	10.5833
Astragalus_chlorodontus	0.75
Astragalus_ulothrix	0
Astragalus_wootonii	12.2521
Oxytropis_aucheri	1.75
Astragalus_chalaranthus	0
Astragalus_cuneifolius	0
Oxytropis_multiceps	12.1207
Astragalus_iljinii	0
Astragalus_pelecinus	22.7768
Astragalus_prattii	11.3333
Astragalus_stevenianus	9.22917
Astragalus_bashmensis	8.66667
Astragalus_callithrix	4.35484
Astragalus_asclepiadoides	6.28829
Astragalus_longilobus	6.25
Astragalus_musimonum	1
Astragalus_oxypterus	0
Astragalus_floridulus	5.2069
Astragalus_taochius	14
Oxytropis_ochroleuca	0
Astragalus_kahiricus	0.3125
Astragalus_tataricus	3.83333
Astragalus_paralipomenus	2.66667
Astragalus_chlorostachys	9.16129
Astragalus_bowes-lyonii	0
Astragalus_trimestris	1.42857
Astragalus_concinnus	0
Astragalus_flavocreatus	6.22222
Astragalus_gilensis	26.6885
Astragalus_austriacus	11.4652
Oxytropis_parryi	11.3832
Astragalus_beckwithii	11.0542
Astragalus_schizotropis	0
Astragalus_amherstianus	3.4
Astragalus_dolichophyllus	2.41379
Astragalus_glycyphylloides	19.5455
Astragalus_mokiacensis	11.6596
Astragalus_kashmirensis	7.66667
Astragalus_crenatus	0.694915
Astragalus_suprapilosus	1.8
Astragalus_ishigensis	0
Astragalus_ervoides	31.5065
Astragalus_ripleyi	23.2273
Astragalus_saxorum	6.5
Astragalus_garbancillo	3.58667
Astragalus_anserinifolius	0
Astragalus_titovii	0
Astragalus_dekazygus	0
Astragalus_quinquejugus	0
Astragalus_follicularis	13.6129
Astragalus_parodii	12.6154
Astragalus_ochrochlorus	1.4
Astragalus_zayuensis	17.6667
Astragalus_brackenridgei	0
Astragalus_baitagensis	0
Astragalus_arenarius	18.3975
Astragalus_subsecundus	0.6
Oxytropis_arctica	4.61279
Astragalus_alexandrii	4.44444
Wisteria_sinensis	15.5667
Astragalus_chuskanus	18.25
Astragalus_sclerocarpus	7.83636
Astragalus_poliotrichus	0
Astragalus_pullus	16.6364
Astragalus_algerianus	7.74545
Astragalus_paysonii	13.1154
Astragalus_pseudotesticulatus	0
Astragalus_bustillosii	4.67742
Astragalus_pushtashanicus	0
Astragalus_fragrans	6.5
Astragalus_sulcatus	9.81421
Astragalus_gilmanii	20.7391
Astragalus_scorpiurus	4.59259
Astragalus_thomsonii	0
Astragalus_meiliensis	0
Astragalus_alamliensis	0
Astragalus_submaculatus	15.75
Astragalus_subuliformis	1.72727
Astragalus_ionae	5.66667
Astragalus_fuhsii	0
Oxytropis_williamsii	6.54167
Astragalus_stapfii	0
Astragalus_rosae	0
Astragalus_schelichowii	23.7155
Astragalus_remotijugus	1.33333
Astragalus_scheremetevianus	0
Colutea_abyssinica	11.3333
Astragalus_pauranthus	3.66667
Astragalus_wardii	18.6053
Oxytropis_qinghaiensis	0
Astragalus_junatovii	0
Astragalus_horridus	0
Astragalus_urmiensis	0
Astragalus_mareoticus	0
Astragalus_eastwoodiae	10.1579
Astragalus_beathii	0.857143
Astragalus_cusickii	10.1572
Astragalus_sciureus	6.25
Astragalus_nitens	0
Astragalus_rhizocephalus	0
Astragalus_verus	0.890411
Astragalus_aeluropus	0
Astragalus_austiniae	6.68421
Astragalus_albertii	0
Astragalus_zionis	9.375
Astragalus_convallarius	13.2616
Astragalus_archibaldii	3.5
Astragalus_forrestii	5.83333
Oxytropis_maydelliana	7.71726
Astragalus_chrysopterus	11.0714
Astragalus_strictus	1
Astragalus_kronenburgii	0
Astragalus_palibinii	25.1905
Astragalus_altaicola	0
Astragalus_podolobus	0.615385
Astragalus_daenaensis	0
Astragalus_vagus	0
Astragalus_campylorhynchus	0.235294
Astragalus_beatleyae	0
Astragalus_austroargentinus	4.66667
Astragalus_ravenii	4.71429
Astragalus_bourgovii	11.8392
Astragalus_camptoceras	1.5
Astragalus_fialae	3.75
Astragalus_schimperi	1.62222
Astragalus_altimurensis	0
Astragalus_hololeios	0
Astragalus_sungpanensis	5.47368
Oxytropis_savellanica	0.8
Astragalus_harpocarpus	0
Astragalus_megalocystis	4.5
Astragalus_schugnanicus	0
Astragalus_bakuensis	3.33333
Astragalus_mailiensis	0
Astragalus_leptophysus	0
Astragalus_pterocarpus	1.08511
Astragalus_ordubadensis	0
Astragalus_sogdianus	0
Astragalus_tanaiticus	1.6
Astragalus_campylosema	10
Astragalus_roseus	42
Astragalus_heterodontus	0
Astragalus_robustus	5
Astragalus_pulcher	0
Astragalus_popovii	0
Astragalus_michauxii	22.0435
Astragalus_floridus	6.15625
Astragalus_oreganus	6.54167
Astragalus_sterilis	7.78571
Astragalus_nigricalycis	3
Astragalus_drabelliformis	9.75
Astragalus_parvicarinatus	0
Astragalus_inflexus	8.08929
Astragalus_alatavicus	4.7
Astragalus_subcinereus	15.9153
Astragalus_looseri	4
Astragalus_freitagii	0
Astragalus_drummondii	13.0317
Astragalus_ochroleucus	0
Astragalus_trigonus	0
Astragalus_orcuttianus	4.55556
Astragalus_diaphanus	3.85714
Astragalus_vicarius	0
Astragalus_tricarinatus	6.52128
Astragalus_mackewiczii	0
Astragalus_levitubus	4.66667
Astragalus_guatemalensis	42.4662
Astragalus_irinaea	0
Astragalus_alopecurus	17.0275
Astragalus_brahuicus	0
Astragalus_himalayanus	6.11111
Astragalus_clusii	4.73684
Astragalus_hartwegii	25.5493
Astragalus_longipetalus	0.413793
Astragalus_harbisonii	3.33333
Astragalus_rhodosemius	0.8
Astracantha_bethlehemitica	0.635514
Astragalus_microcystis	10.0339
Astragalus_fangensis	2.33333
Astragalus_sangonensis	0
Astragalus_moencoppensis	4.46226
Astragalus_arguricus	4.33333
Astragalus_ajfreidii	3
Astragalus_ruscifolius	2.5
Astragalus_masenderanus	0
Astragalus_hintonii	53.4667
Oxytropis_campanulata	23.5465
Astragalus_oxyglottis	10.7451
Astragalus_aqrabatensis	0
Astragalus_aloisii	0
Astragalus_sepultipes	9.76
Oxytropis_lagopus	9.68582
Astragalus_griffithii	0
Astragalus_angustatus	0
Astragalus_pseudonobilis	3.16667
Astragalus_recognitus	0
Astragalus_chionanthus	0
Astragalus_murinus	0
Astragalus_sachanewii	0
Astragalus_franziskae	0
Astragalus_saxifractor	0
Astragalus_harpilobus	1.11765
Astragalus_darumbium	9.85714
Astragalus_stocksii	3.75
Astragalus_chubutensis	5.85714
Astragalus_sikokianus	26
Astragalus_macrobotrys	0
Astragalus_crassicarpus	9.83476
Astragalus_microdontus	4
Astragalus_riouxii	0.333333
Astragalus_graecus	3.22222
Astragalus_mossulensis	2.25
Astragalus_camelorum	0
Lessertia_capitata	1.5
Astragalus_geminiflorus	4.81481
Astragalus_austinae	7.4
Astragalus_multijugus	1
Astragalus_algarbiensis	6.875
Astragalus_acaulis	16.6
Astragalus_brevifolius	9
Astragalus_macropelmatus	0.222222
Astragalus_aucheri	5.91667
Astragalus_muelleri	26.8571
Astragalus_tschujensis	4.66667
Astragalus_sinaicus	9.92727
Astragalus_sphaeranthus	3.33333
Astragalus_argentinus	0
Astragalus_falcigerus	5.75
Astragalus_turbinatus	0
Astragalus_fragiferus	0.8
Astragalus_tabrisianus	0
Astragalus_bolanderi	22.9658
Astragalus_asper	1.84444
Astragalus_monadelphus	5.1
Astragalus_chiukiangensis	7.25
Astragalus_cibarius	11.5785
Astragalus_buchtormensis	3.7033
Astragalus_macrotrichus	17.9333
Astragalus_umbellatus	11.6144
Astragalus_canoflavus	0
Astragalus_sempervirens	18.9258
Astragalus_spruneri	6.16667
Astragalus_rubrolineatus	4
Astragalus_pomonensis	10.9375
Astragalus_baissunensis	0
Oxytropis_ochrantha	3.33333
Astragalus_complicatus	15
Astragalus_anxius	16
Astragalus_anni-novi	7.75
Astragalus_pueblae	21.4
Astragalus_polaris	9.52632
Astragalus_shiroumensis	27.6744
Astragalus_citrinus	0
Astragalus_neocarpus	0.5
Astragalus_tanguticus	0
Astragalus_cancellatus	6.375
Astragalus_orbiculatus	0
Astragalus_ajubensis	0
Astragalus_duchesnensis	9.91549
Astragalus_eremophilus	0
Astragalus_epiglottis	8.96852
Astragalus_jejunus	10.4493
Astragalus_kavirensis	0
Astragalus_fenzelianus	3.03846
Astragalus_stella	12.1308
Astragalus_fabaceus	4.69231
Astragalus_maxwellii	5.11111
Astragalus_parwanicus	0
Oxytropis_macrocarpa	5.55556
Astragalus_tortipes	0
Astragalus_pringlei	13
Astragalus_pellitus	1.4
Astragalus_depressus	21.4744
Astragalus_kaghysmani	0
Astragalus_griseus	0
Astragalus_americanus	23.9356
Astragalus_sinaloae	34.8889
Astragalus_alopecias	0
Astragalus_bergii	4.45833
Astragalus_smithianus	6
Astragalus_secundus	0
Oxytropis_falcata	0
Astragalus_calycinus	4.31579
Astragalus_platytropis	14.5479
Astragalus_connectens	0
Astragalus_detritalis	9.62264
Astragalus_infestus	0
Astragalus_phoenix	0.166667
Astragalus_melilotoides	19.7664
Astragalus_mendocinus	12
Astragalus_nummularius	9.33333
Astragalus_sahendi	0
Astragalus_bryantii	6.5
Astragalus_sanctorum	4
Astragalus_lilacinus	1.2
Astragalus_zagrosicus	1.25
Astragalus_laccoliticus	22
Oxytropis_microphylla	1.26647
Astragalus_rusbyi	10.8235
Astragalus_havianus	0
Astragalus_jaegerianus	8
Astragalus_maroccanus	0
Astragalus_agnicidus	16.5263
Astragalus_sabulonum	2.0787
Oxytropis_pauciflora	2.51327
Astragalus_incertus	2.05882
Astragalus_wingatanus	14.5474
Astragalus_robbinsii	17.2025
Astragalus_dodtii	0
Astragalus_discolor	0
Astragalus_habamontis	0
Astragalus_mongholicus	21.3346
Astragalus_pseudocyclophyllus	2.5
Astragalus_desereticus	10.25
Astragalus_dependens	0
Astragalus_castaneiformis	18.0806
Astragalus_rytidocarpus	13.9474
Oxytropis_mertensiana	6.96429
Astragalus_saganlugensis	4
Astragalus_fridae	0
Astragalus_caeruleopetalinus	25.5
Tragacantha_densifolia	3.11111
Oxytropis_kansuensis	4.89362
Astragalus_parryi	13.8456
Oxytropis_adamsiana	12.4129
Astragalus_iodanthus	8.53676
Astragalus_argutensis	1
Astragalus_freynii	4.2
Astragalus_hemiphaca	0
Astragalus_subarcuatus	0
Astragalus_gebleri	21
Astragalus_mohavensis	2.81481
Astragalus_subverticillatus	0
Astragalus_ackermanii	0
Astragalus_dignus	0
Astragalus_heptapotamicus	0
Astragalus_alpamarcae	4
Astragalus_laspurensis	0
Astragalus_sericophyllus	5.3
Astragalus_satoi	9.66667
Astragalus_camptopus	7.98485
Astragalus_przewalskii	2.07143
Astragalus_pseudoindurascens	0
Astragalus_carinatus	6.7619
Astragalus_manucehrii	0
Astragalus_latifolius	1.81356
Astragalus_dzebrailicus	2
Astragalus_reuterianus	0
Astracantha_pterocephala	0
Astragalus_woodruffii	2.28125
Astragalus_icmadophilus	0
Astragalus_maireanus	5
Astragalus_calamistratus	0
Astracantha_oleifolia	3.21429
Astragalus_circumdatus	5.72973
Astragalus_waterfallii	6.53846
Astragalus_tamiricus	0
Astragalus_fastidius	0.974026
Astragalus_xanthoxiphidiopsis	4.77778
Astragalus_cochabambensis	11
Astragalus_ammotrophus	0
Astragalus_tolmaczevii	1.63889
Astragalus_pseudomultijugus	0.333333
Astragalus_rosellus	0
Astragalus_cysticalyx	7.28571
Astragalus_sophoroides	0
Astragalus_emoryanus	9.24561
Astragalus_hamiltonii	8.19512
Astragalus_subvestitus	21.5
Astragalus_elymaiticus	0
Astragalus_mulfordiae	7.525
Oxytropis_besseyi	9.12595
Astragalus_bibullatus	11
Astragalus_demetrii	7.25
Astragalus_akkensis	3.5
Astragalus_veresczaginii	0
Astragalus_varus	6.25
Oxytropis_campestris	16.0884
Astragalus_schahrudensis	0
Astragalus_melanocalyx	8
Astragalus_pauperculus	49.1899
Astragalus_perianus	16.4444
Astragalus_adulterinus	0
Astragalus_asterias	1.09481
Astragalus_hauarensis	0
Astragalus_chomutowii	0
Oxytropis_nigrescens	11.0107
Astragalus_eugenii	0
Astracantha_caucasica	0
Astragalus_jodostachys	25.5
Astragalus_colhuensis	0
Astragalus_vereskensis	22
Astragalus_cyri	14.6667
Astragalus_pseudobrachystachys	0
Astragalus_bakaliensis	0
Astragalus_longissimus	35
Astragalus_jesdianus	0
Onobrychis_conferta	21.3402
Astragalus_jagnobicus	0
Astragalus_nuttallii	16.8995
Astragalus_shagalensis	0
Astragalus_persicus	8.5
Astragalus_ferganensis	0
Astragalus_stipitatus	0
Astragalus_lorinserianus	0
Astragalus_terracianoi	16.6667
Astragalus_reticulatus	0
Astragalus_luxurians	9.33333
Astragalus_allochrous	13.7951
Astragalus_utahensis	9.25784
Astragalus_kirpicznikovii	3.25
Astragalus_triradiatus	0
Astragalus_shultziorum	9.33333
Astragalus_kialensis	3.71429
Astragalus_kaufmannii	32.25
Astragalus_johannis-howellii	6.61905
Astragalus_sanandajianus	0
Astragalus_piscinus	0
