Oxytropis_deflexa	14.3514
Astragalus_polyphyllus	15.25
Astragalus_kurtschumensis	0
Astragalus_intarrensis	0
Astragalus_neolipskyanus	0
Astragalus_penduliflorus	4.72589
Astragalus_famatinae	44.5
Astragalus_idaeus	15
Astragalus_cryptanthus	5.75
Astragalus_schistosus	13.8
Astragalus_kabadianus	0
Oxytropis_exserta	28.6818
Astragalus_peckii	24.5417
Astragalus_paposanus	41.6667
Astragalus_ceramicus	43.2148
Astragalus_ernestii	5.77419
Astragalus_sardaimionensis	10.6
Astragalus_lagopoides	9.89286
Astragalus_umbraticus	0
Astragalus_mirabilis	20.5
Astragalus_aksuensis	10.0658
Astragalus_uraniolimneus	15
Astragalus_cuyanus	40.6667
Astragalus_tehuelches	44.3333
Astragalus_brandegeei	41.5926
Astracantha_denudata	6.33333
Astragalus_howellii	41.0303
Astragalus_borodinii	2
Astragalus_thurberi	56.7848
Astragalus_lessertioides	0.6
Astragalus_zohrabi	0
Astragalus_substipitatus	0
Astragalus_batangensis	6.375
Astragalus_tennesseensis	0.186813
Astragalus_salsugineus	0
Astragalus_pulviniformis	14.8
Astragalus_subumbellatus	8.84615
Astragalus_diphacus	40.2667
Astragalus_ammodytes	0
Astragalus_brachyodontus	6
Astragalus_domeykoanus	32.2857
Astragalus_lurorum	5
Astragalus_achundovii	10
Astragalus_lacei	22.5
Astragalus_coriaceus	46.5714
Astragalus_xiphidium	29.7143
Oxytropis_tianschanica	9.2
Astragalus_phlomoides	0
Astragalus_durandianus	15.6667
Astragalus_caprinus	9.40726
Astragalus_urceolatus	0
Astragalus_canadensis	4.92328
Astragalus_mangeri	14
Astragalus_cymbicarpos	21.2033
Astragalus_pseudoborodinii	3.66667
Astragalus_leiosemius	0
Astragalus_verticillatus	0
Astragalus_asymmetricus	17.433
Astragalus_flexus	11.4286
Astragalus_peterae	7.22222
Astragalus_anserinus	31.95
Astragalus_eurekensis	35.3514
Astragalus_polozhiae	7.66667
Astragalus_conspicuus	3.66667
Astragalus_multiceps	7.27778
Astragalus_podocarpus	5.5
Astragalus_eremiticus	45.0065
Astragalus_stalinskyi	5.75
Astragalus_cimae	88.9815
Astragalus_tortuosus	4.5
Astragalus_denticulatus	0
Astragalus_eucosmus	18.7507
Astragalus_reventiformis	20.0656
Astragalus_patagonicus	35
Astragalus_gilgitensis	12.3333
Astragalus_kunlunensis	0
Astragalus_bezudensis	8.125
Astragalus_atwoodii	50.2
Astragalus_ovigerus	0
Astragalus_campylotrichus	13.8
Astragalus_spatulatus	20.4701
Astragalus_holmgreniorum	60.1176
Astragalus_graveolens	8.63636
Oxytropis_jordalii	30.8667
Astragalus_iselyi	38
Astragalus_odoratus	2.25
Astragalus_harrisonii	64.2143
Astragalus_misellus	39.5588
Astragalus_sesquiflorus	51.4082
Oxytropis_albana	6.96875
Astragalus_jiuquanensis	5.5
Astragalus_cytisoides	0
Astragalus_kralikii	0
Astragalus_triflorus	12.8421
Astragalus_boeticus	12.1807
Astragalus_goldmanii	26.4545
Astragalus_vulpinus	0.44
Astragalus_macropterus	4.6
Astragalus_diminutivus	44.2857
Astragalus_uniflorus	30.5769
Astragalus_khoshjailensis	0
Astragalus_shelkovnikovii	0.666667
Astragalus_gorodkovii	23.5
Astragalus_cognatus	0
Astragalus_basineri	11.625
Astragalus_miser	8.52575
Astragalus_salmonis	36.5444
Astragalus_angarensis	2.61538
Astragalus_yunnanensis	5.45455
Astragalus_schmalhausenii	5.11111
Astragalus_monanthemus	12.7143
Oxytropis_oreophila	32.1824
Astragalus_caroli-henrici	0
Astragalus_leucolobus	34.4803
Astragalus_megalanthus	0
Astragalus_setosulus	0
Astragalus_biebersteinii	12.5
Astragalus_ornithopodioides	6.83333
Astragalus_desperatus	66.0044
Astragalus_viridis	7.25
Astragalus_sinicus	3.553
Astragalus_chaetodon	0
Astragalus_tremolsianus	23.3333
Astragalus_melanodon	0
Astragalus_pseudojohannis	17
Astragalus_psilocentros	9.38571
Astragalus_atropubescens	17.3649
Astragalus_vaccarum	35.0312
Astragalus_sesamoides	6.25
Astragalus_adanus	9.3871
Astragalus_distortus	0.318493
Astragalus_gaubae	0
Astragalus_luteolus	5
Astragalus_hypsogenus	51.6429
Astragalus_kungurensis	0
Astragalus_calliphysa	5.5
Astragalus_euchlorus	13.3333
Astragalus_galegiformis	4.62162
Astragalus_limprichtii	13.8571
Astragalus_layneae	81.0465
Astragalus_racemosus	13.5984
Astragalus_basiflorus	0
Astragalus_limnocharis	23.0882
Astragalus_egglestonii	27.4375
Astragalus_neobarnebyanus	24.6667
Astragalus_cremnophylax	57.1
Astragalus_lancearius	60.4
Astragalus_discernendus	18.5
Astragalus_debequaeus	34.9
Astragalus_callistachys	0
Astragalus_puniceus	20.5333
Astragalus_parvus	46.5
Astragalus_solitarius	53.6111
Astragalus_chionobiiformis	5
Astragalus_speirocarpus	39.58
Oxytropis_czukotica	31.9512
Astragalus_brachycarpus	8.1
Astragalus_dielsii	20
Astragalus_sikkimensis	5.33333
Astragalus_monticola	49
Astragalus_sutchuenensis	3.15
Astragalus_hymenocystis	0
Astragalus_casapaltensis	9.66667
Astragalus_soxmaniorum	0
Astragalus_beketowi	0
Astragalus_sedaensis	0
Astragalus_isphairamicus	0
Astragalus_schmolliae	15.25
Astragalus_aboriginum	19.8632
Astragalus_welshii	22.8889
Astragalus_lacteus	11.6364
Astragalus_scaphoides	18.0938
Astragalus_bellus	27.2
Astragalus_alvordensis	52.0488
Astracantha_diphtherites	17.2
Astragalus_eriocarpus	9.54545
Astragalus_sangimashensis	7.33333
Astragalus_khasianus	2.16667
Astragalus_bisulcatus	17.8994
Astragalus_vesicarius	5.79842
Astragalus_balearicus	9.33333
Astragalus_deanei	68.7083
Astragalus_megalomerus	0
Astragalus_amphioxys	62.1388
Astragalus_trichopodus	33.3976
Astragalus_loanus	24.6667
Astragalus_unifoliolatus	9
Astragalus_micromerius	46.7273
Astragalus_owirensis	10
Astragalus_spinescens	0
Astragalus_oroproselius	0
Astragalus_hartmanii	27
Oxytropis_jonesii	45.6667
Astragalus_takhtadzhjanii	8.66667
Astragalus_alopecuroides	20.6927
Astragalus_plattensis	3.09286
Astragalus_crassifolius	2.875
Astragalus_coronilla	0
Astragalus_inaequalifolius	0
Astragalus_dictamnoides	0
Astragalus_adpressipilosus	13.5
Oxytropis_immersa	4.16667
Astragalus_peltatus	7.5
Astragalus_ptychophyllus	36.8
Astragalus_reesei	24.5
Astragalus_polyceras	0
Astragalus_remotiflorus	0
Astragalus_helmii	0
Astragalus_pseudokurrumensis	20
Astragalus_magellanicus	27.6667
Astragalus_petropolitanus	0
Astragalus_dingjiensis	11.5
Astragalus_andaulgensis	0
Astragalus_crymophilus	38.4
Astragalus_chordorrhizus	5.4
Astragalus_illinii	35.125
Astragalus_kentrophyta	29.8167
Astragalus_chamaemeniscus	60.5455
Astragalus_palenae	26.2105
Astragalus_registanicus	0
Astragalus_maassoumii	11.5
Astragalus_fedtschenkoanus	3.28571
Astragalus_gracilidentatus	11.5
Astragalus_limariensis	26.5
Oxytropis_coerulea	2.30769
Astragalus_cyaneus	32
Astragalus_anthosphaerus	0
Astragalus_corniculatus	10.1667
Astragalus_barnebyi	41.75
Astragalus_abbreviatus	0
Astragalus_purpusii	26.122
Astragalus_brachypetalus	9.2
Astragalus_pinonis	48.7
Astragalus_maurus	37
Astragalus_suberosus	13.7059
Astragalus_laguroides	4.48
Astragalus_rattanii	4.82313
Astragalus_psilolobus	0
Astragalus_fraxinifolius	7
Astragalus_humistratus	34.3991
Astragalus_callichrous	10.5438
Astragalus_vogelii	0
Astragalus_gueldenstaedtiae	0
Astragalus_wrightii	1.06897
Astragalus_zingeri	0
Astragalus_pennellianus	20.9
Astragalus_toquimanus	65.4118
Astragalus_daghestanicus	1.14286
Astragalus_confertus	8.07792
Astragalus_fruticosus	1.10227
Astragalus_atropurpureus	23.2
Astragalus_pseudoaustralis	14.7778
Astragalus_orthocarpus	9
Astragalus_medius	8.57143
Astragalus_khwaja-muhammadensis	0
Carmichaelia_violacea	0
Astragalus_schinetorum	26.5
Astragalus_agraniotii	27
Astragalus_tumninensis	9.5
Astragalus_aspreticola	0
Astragalus_argophyllus	21.2829
Astragalus_dianthus	0
Astragalus_urbanianus	0
Astragalus_accumbens	35
Oxytropis_humifusa	9.15
Astragalus_wenxianensis	0
Astragalus_sharestanicus	0
Astragalus_polycladus	5.39394
Astragalus_nitidiflorus	25.3333
Oxytropis_pilosa	0.826667
Astragalus_hispidulus	3.16418
Astragalus_wetherillii	23
Astragalus_mucidus	0
Astragalus_remotus	77.9118
Astragalus_calycosus	47.4809
Astragalus_congdonii	8
Astragalus_agrestis	10.5803
Astragalus_kohrudicus	11.5
Astragalus_haesitabundus	0
Astragalus_arcuatus	0
Astragalus_crassispinus	0
Oxytropis_obnapiformis	8.66667
Astragalus_chrysostachys	0
Astragalus_hoodianus	12.5
Astragalus_rzaevii	0
Astragalus_aegobromus	15.3125
Sutherlandia_microphylla	39.0918
Astragalus_quinquefoliolatus	0
Astragalus_hypoglottis	8.40059
Astragalus_coccineus	78.2687
Astragalus_panduratus	3
Astragalus_cronquistii	79.1923
Astragalus_tribuloides	7.91176
Astragalus_shevockii	2.72727
Astragalus_austrosibiricus	4.65263
Astragalus_karkarensis	0
Astragalus_greggii	35.1379
Oxytropis_racemosa	8.5
Astragalus_varius	0.588517
Astragalus_mayeri	5.15385
Astragalus_didymocarpus	52.4492
Astragalus_simplicifolius	45.8
Astragalus_agameticus	16.5
Astragalus_cymboides	54.5152
Astragalus_monumentalis	67.5893
Astragalus_zanskarensis	17.9107
Astragalus_edmondsonii	11.5
Astragalus_peterfii	2.75
Astragalus_kirrindicus	7.66667
Astragalus_eusarathron	11
Astragalus_macropodium	11
Astragalus_politovii	15.6667
Astragalus_georgii	0
Astragalus_oniciformis	37.6842
Astragalus_fucatus	80.0693
Astracantha_gummifera	20.5
Astragalus_pusillus	38.3478
Astragalus_spaldingii	28.8971
Astragalus_daleae	4.875
Astragalus_turczaninowii	9.2
Erophaca_baetica	29.414
Astragalus_pattersonii	20.2519
Sphaerophysa_salsula	17.236
Astragalus_confusus	18
Astragalus_maximowiczii	33.3333
Astragalus_clerceanus	0
Astragalus_stepporum	13
Astragalus_arizonicus	46.2994
Astragalus_bashgalensis	0
Astracantha_aurea	10.6
Astragalus_cretaceus	19.6379
Astragalus_tongolensis	3.09259
Astragalus_ornithorrhynchus	2.33333
Astragalus_accidens	5.10127
Astragalus_ruiz-lealii	40.6667
Astragalus_hypoleucus	26.7817
Astragalus_inyoensis	70.0185
Astragalus_ovatus	0
Astragalus_laricus	3.66667
Astragalus_longidentatus	37.7568
Astragalus_macroceras	2.5
Astragalus_erivanensis	2
Astragalus_lotiflorus	6.8731
Oxytropis_chionobia	7.42105
Astragalus_kirilovii	0
Astragalus_purpurascens	0
Astragalus_auratus	11.5
Astragalus_kessleri	0
Astragalus_sesameus	24.8775
Astragalus_moranii	42.75
Astragalus_acmophylloides	5
Astragalus_pyrrhotrichus	11.4
Astragalus_firuzkuhensis	26.5
Astragalus_hypogaeus	10
Astragalus_scutaneus	13.0667
Astragalus_leontinus	7.38
Astragalus_jolderensis	15
Astragalus_tricholobus	0
Astragalus_webberi	0
Astragalus_lineatus	10.55
Astragalus_clarkeanus	0
Astragalus_cachinalensis	11.4
Astragalus_sieversianus	15.2857
Astragalus_molestus	7.2
Astragalus_sumbari	23
Astragalus_gibbsii	30.8372
Astragalus_oocalycis	6.53488
Astragalus_canescens	16.5
Astragalus_filicaulis	19.55
Astragalus_caricinus	32.9859
Astragalus_fissuralis	6.27273
Astragalus_gladiatus	10.2308
Astragalus_arkalycensis	0
Astragalus_laxmannii	7.04771
Astragalus_yumenensis	0
Astragalus_paraplesius	0
Astragalus_sevangensis	6.35
Astragalus_curvicarpus	38.3848
Astragalus_chlorostegius	0
Astragalus_elatior	16.5
Astragalus_nivalis	11.4568
Astragalus_neglectus	0.447368
Astragalus_nuttallianus	51.5148
Astragalus_clevelandii	3.76271
Astragalus_recurvus	28.4444
Astragalus_hajastanus	3.66667
Astragalus_chorinensis	2.14286
Astragalus_paralurges	0
Astragalus_varzobicus	0
Astracantha_strobilifera	0
Astragalus_oreades	10.7273
Astragalus_leptocaulis	0
Astragalus_munroi	17.2381
Astragalus_olgae	4.2
Astragalus_atricapillus	14
Astragalus_echinops	15.5833
Astragalus_knightii	31.5
Astragalus_bornmuellerianus	2
Astragalus_laetus	4.6
Astragalus_neoburkartianus	21
Astragalus_subalpinus	19
Astragalus_scorpioides	17.0638
Astragalus_grahamianus	11.2444
Astragalus_micranthellus	39
Astragalus_tarijensis	29.6667
Astragalus_ampullarius	58.0417
Astragalus_echinatus	15.2902
Astragalus_gymnopodus	0
Astragalus_brachybotrys	9.71429
Astragalus_macropetalus	0
Astragalus_chilienshanensis	0
Astragalus_aksaricus	0
Astragalus_miguelensis	37.75
Astragalus_psilacanthus	33.25
Astragalus_episcopus	69.7032
Astragalus_licentianus	7.5
Astragalus_variabilis	7.2
Astragalus_balchaschensis	0
Astragalus_prorifer	72.925
Astragalus_froedinii	35.3333
Astragalus_richii	18.3333
Astragalus_angreni	0
Astragalus_erythrolepis	0
Astragalus_purshii	32.0905
Astragalus_johnstonii	15
Astragalus_harringtonii	14.1538
Astragalus_paktiensis	20.6667
Astragalus_brachytropis	6.1
Astragalus_joergensenii	32.8889
Astragalus_geniculatus	25.1111
Astragalus_saralensis	12.1282
Astragalus_filipes	36.4513
Astragalus_cuatrecasasii	0
Oxytropis_jacquinii	2.46933
Astragalus_schmidii	11.5
Astragalus_distinens	17.5455
Astragalus_holosemius	0
Astragalus_oophorus	40.5084
Astragalus_altus	2.91667
Astragalus_erionotus	5.6
Astragalus_ortholobus	7.66667
Astragalus_squarrosus	1.8
Astragalus_kudrjaschovii	17
Astragalus_neomexicanus	23.5
Astragalus_ophiocarpus	7.86364
Astragalus_lutosus	30.75
Astragalus_conjunctus	40.0405
Astragalus_coahuilae	55.2
Astragalus_teheranicus	1.83333
Astragalus_eriopodus	4.4
Astragalus_ochreatus	16.5
Astragalus_chamissonis	17.8
Astragalus_donianus	1.375
Astragalus_geyeri	53.3905
Astragalus_duanensis	0
Astragalus_bicolor	9.83333
Astragalus_regiomontanus	6.6
Astragalus_huthianus	0
Astragalus_lunatus	8.5
Astragalus_whitneyi	16.9503
Astragalus_gompholobium	22.5
Astragalus_saetiger	3.66667
Astragalus_curvirostris	17.6
Astragalus_semnanensis	0
Astragalus_yoder-williamsii	43.75
Astragalus_oocarpus	37.0843
Astragalus_raphiodontus	11
Astragalus_sanctae-crucis	31.25
Astragalus_sericopetalus	0
Astragalus_nigrivestitus	9.5
Astragalus_panamintensis	88.2941
Astragalus_pseudoamygdalinus	11.5
Astragalus_praelongus	58.4541
Astragalus_ancistrocarpus	23.3333
Astragalus_antheliophorus	11
Astragalus_arbuscula	0
Astragalus_dictyolobus	9.4
Astragalus_vexilliflexus	5.6
Astragalus_hymenocalyx	0
Astragalus_falconeri	9.45238
Astragalus_feensis	43
Astragalus_gracilis	10.1538
Astragalus_sanguineus	34.5479
Astragalus_syreitschikovii	0
Astragalus_sheldonii	9.5
Astragalus_esperanzae	13.8235
Astragalus_albulus	57.3582
Oxytropis_strobilacea	3.87805
Astragalus_bhotanensis	9
Astragalus_minutissimus	13.4
Astragalus_ampullarioides	55.2857
Astragalus_rimarum	5
Astragalus_trigonocarpus	7
Astragalus_oocephalus	9.30769
Astragalus_anemophilus	36.3953
Astragalus_lepsensis	0.666667
Astragalus_eurylobus	70.8235
Astragalus_gruinus	42.9254
Astragalus_huiningensis	7.16667
Astragalus_danicus	1.91763
Astragalus_straussii	13
Astragalus_macrourus	6.5
Astragalus_pauperiflorus	20.6667
Astragalus_erythrosemius	9.33333
Astragalus_radicans	5.84375
Astragalus_diversifolius	27.5429
Astragalus_pseudomegalomerus	18.6667
Astragalus_berteri	9.33333
Astragalus_tragacantha	11.0312
Astragalus_henryi	1.57143
Astragalus_atropilosulus	11.6957
Astragalus_schanginianus	6.63265
Astragalus_salatavicus	0
Astragalus_melanostachys	6.87097
Astragalus_bicristatus	27.8716
Astragalus_mikrophyton	0
Astragalus_cicer	0.282639
Astragalus_longistipitatus	4
Astragalus_pavlovii	0
Astragalus_paradoxus	0
Astragalus_zacatecanus	10.6
Astragalus_groetzbachii	0
Astragalus_shatuensis	0
Astragalus_compressus	3.28571
Astragalus_sinuatus	28.2
Astragalus_brauntonii	27.093
Astragalus_aquilanus	2
Astragalus_sanczirii	19
Astragalus_hymenostegis	11.5
Astragalus_ovoideus	10.8
Astragalus_perdurans	7.66667
Astragalus_effusus	0
Astragalus_szovitsii	3.9
Astragalus_badamensis	0
Astragalus_preussii	67.0333
Astragalus_microphysa	9.85714
Astragalus_saurinus	46.8
Astragalus_beckerianus	17.25
Astragalus_rafaelensis	57.7667
Oxytropis_splendens	5.67478
Astragalus_capillipes	7.5
Astragalus_macropus	0
Astragalus_francisquitensis	15.9412
Astragalus_dumetorum	0
Astragalus_arthurii	21.52
Astragalus_moyanoi	10.75
Oxytropis_neglecta	2.91962
Astragalus_quinqueflorus	28.9167
Astragalus_ponticus	6.63636
Astragalus_levieri	7.30435
Oxytropis_yunnanensis	4.19608
Astragalus_trichocarpus	8.41667
Astragalus_consobrinus	44.2857
Astragalus_rostratus	0
Astragalus_serenoi	70.4
Astragalus_lycioides	17.4286
Astragalus_jabbor-khailii	4
Astragalus_linifolius	40.1667
Astragalus_arnoldii	4.46667
Astragalus_vanillae	15.3333
Astragalus_coluteocarpus	8.40909
Hedysarum_boreale	20.3055
Astragalus_buschiorum	5.75
Astragalus_miyalomontis	0
Astragalus_bachmarensis	16
Astragalus_ellipsoideus	0
Astragalus_stenocystis	4.66667
Astragalus_herbertii	8.5
Astragalus_chinensis	2.46667
Astragalus_goniatus	2.25
Astragalus_musiniensis	64.8243
Astragalus_lehmannianus	4.23077
Astragalus_tugarinovii	40.2737
Astragalus_lasiopetalus	0
Astragalus_hancockii	3.16667
Astragalus_arrectus	21.3636
Astragalus_bungeanus	6.57895
Astragalus_frigidus	22
Astragalus_macrotropis	0
Astragalus_siahderrensis	0
Astragalus_sabuletorum	0
Astragalus_lumsdenianus	0
Astragalus_pamirensis	7.26667
Astragalus_longipetiolatus	0
Astragalus_diopogon	24
Astragalus_lindheimeri	6.21505
Astragalus_clandestinus	6
Astragalus_holophyllus	6.5
Astragalus_persepolitanus	14.2727
Astragalus_pubentissimus	48.5904
Oxytropis_bicolor	4.42857
Astragalus_arnottianus	41.9167
Astragalus_ankylotus	0
Astragalus_platyphyllus	3.66667
Astragalus_riparius	11.1667
Astragalus_hyalolepis	5
Astragalus_kazbeki	9.85714
Astragalus_muliensis	3.81818
Astragalus_orbicularifolius	9.875
Astragalus_alyssoides	8.42857
Astragalus_baionensis	0
Oxytropis_scammaniana	36.7122
Astragalus_valparadisiensis	8.33333
Oxytropis_poncinsii	5.36842
Astragalus_arequipensis	33.141
Astragalus_webbianus	4.95833
Astragalus_siliceus	41.1111
Oxytropis_nutans	0
Astragalus_stenanthus	0
Astragalus_grubovii	4.6
Astragalus_coquimbensis	14.1176
Astragalus_brachycentrus	0
Astragalus_raddei	19.3333
Astragalus_albicaulis	0
Astragalus_nigrolineatus	18
Astragalus_ammodendron	7.4
Astragalus_strigulosus	15.227
Astragalus_inopinatus	6.82407
Astragalus_australis	6.33161
Astragalus_mucronifolius	3.83333
Astragalus_kifonsanicus	0
Astragalus_trachoniticus	0
Astragalus_souliei	11.4
Astragalus_cracca	0
Astragalus_amblytropis	28.3182
Astragalus_ertterae	58
Astragalus_granitovii	11.5
Astragalus_juratzkanus	6.2
Astragalus_megacarpus	36.2593
Astragalus_glabellus	0
Astragalus_testiculatus	0.607843
Astragalus_jaliscensis	8.13333
Astragalus_nuciferus	3.83333
Astragalus_stenolepis	7.33333
Astragalus_hamosus	14.4863
Astragalus_bombycinus	3.19355
Astragalus_vesiculosus	42.875
Astragalus_flavus	51.4212
Astragalus_oihorensis	0
Astragalus_marinus	0
Astragalus_propinquus	4.58333
Astragalus_verrucosus	18.5714
Astragalus_tenellus	13.4391
Astragalus_columbianus	42.3333
Astragalus_brazoensis	4.54054
Astragalus_chorizanthus	12.5
Astragalus_amnis-amissi	13.375
Astragalus_johannis	28.25
Astragalus_gentryi	6.73684
Astragalus_carmanicus	4.5
Astragalus_piptocephalus	11.25
Astragalus_fabrisii	24
Astragalus_oxyodon	11.5
Astragalus_minthorniae	78.7564
Astragalus_dulungkiangensis	16.5
Astragalus_humifusus	8.53846
Astragalus_gorczakovskii	0
Astragalus_ammodendroides	14
Astragalus_weberbaueri	17.8
Astragalus_coltonii	38.9932
Astragalus_tatsienensis	0
Astragalus_rufescens	0
Astragalus_centralis	23
Astragalus_strigosostipulatus	0
Astragalus_glaux	21.6844
Astragalus_guttatus	11.6071
Astragalus_toksunensis	5.5
Astragalus_leucocladus	0
Astragalus_edulis	40.463
Astracantha_karabaghensis	4.4
Astragalus_bifidus	0
Astragalus_ecbatanus	33.5
Astragalus_nutriosensis	29
Astragalus_demavendicolus	0
Astragalus_cinereus	2.83333
Astragalus_monspessulanus	6.74368
Astragalus_miniatus	0
Astragalus_hololeucoides	19
Phyllolobium_tribulifolium	3.2
Astragalus_rubriflorus	14.3333
Astragalus_naftabensis	15.8
Astragalus_nutans	89.3563
Astragalus_galiifolius	4.5
Astragalus_susianus	15
Astragalus_siliquosus	14.1818
Astragalus_cryptobotrys	28.0588
Astragalus_oxyphysus	35.08
Astragalus_terminalis	16.8254
Astragalus_striatiflorus	57.5333
Astragalus_xylobasis	7.6
Astragalus_mattam	4.71429
Astragalus_taipaishanensis	5
Astragalus_plumbeus	7
Astragalus_sabulosus	54.6111
Astragalus_utriger	1.59574
Astragalus_mercklinii	26.8571
Astragalus_ledinghamii	31
Astragalus_punctatus	0
Astragalus_anacardius	12
Astragalus_peduncularis	9.90385
Astragalus_sparsus	1.25
Astragalus_bidentatus	0
Astragalus_supinus	8.83333
Astragalus_leptocarpus	2.20661
Astragalus_missouriensis	13.2687
Astragalus_camptodontoides	8.5
Astragalus_applegatii	8.5
Astragalus_lyallii	31.8485
Astragalus_brachystachys	26.0455
Astragalus_rupifragus	1.32
Astragalus_pendulinus	21.6667
Astragalus_leiophyllus	14.4286
Astragalus_cephalanthus	15.4167
Astragalus_sprucei	17
Astragalus_kustanaicus	0
Astragalus_drupaceus	18.9167
Astragalus_pinetorum	15.4118
Astragalus_biovulatus	0
Astragalus_exscapus	2.42929
Astragalus_commixtus	5.25
Astragalus_serpens	21.6923
Smirnowia_turkestana	10.125
Astragalus_charguschanus	7.47826
Astragalus_baba-alliar	12
Astragalus_noziensis	14
Astragalus_platysematus	22.5
Astragalus_lipskyi	17
Astragalus_trichanthus	0
Astragalus_ciceroides	0
Astragalus_deminutivus	39
Astragalus_tibetanus	7.57554
Astragalus_solandri	22.2
Astragalus_ebenoides	0
Astragalus_nutzotinensis	28.4862
Astragalus_macronyx	9.85714
Astragalus_troglodytus	20.6596
Astragalus_cottonii	0
Astragalus_malacus	48.5854
Astragalus_polygala	20.75
Astragalus_lambinonii	0
Astragalus_efoliatus	4.33333
Astragalus_glumaceus	6
Astragalus_heydei	22.5
Astragalus_equisolensis	51
Astragalus_lasiophyllus	6.57143
Oxytropis_ochotensis	38.1429
Astragalus_cobrensis	21.2222
Astragalus_sulfuratus	8.75
Astragalus_khaneradarensis	5
Astracantha_cerasocrena	22
Astragalus_ensifer	0
Astragalus_petraeus	2.5
Astragalus_puberulus	8.3871
Astragalus_curvicaulis	13.3333
Astragalus_chloodes	39.0714
Astragalus_kerkukiensis	21.5
Astragalus_barbatus	5.33333
Astragalus_alaschanus	7.33333
Astragalus_cavanillesii	34.8636
Astragalus_tupalangi	0
Astragalus_nelidae	30.7143
Astragalus_brevipes	0
Astracantha_cretica	11.6667
Astragalus_armeniacus	0
Oxytropis_nana	34.75
Astragalus_consanguineus	0
Astragalus_dasyanthus	0
Astragalus_thermensis	22.75
Astragalus_nivicola	17.7273
Oxytropis_ciliata	0
Astragalus_seidabadensis	18
Astragalus_spegazzinii	27
Astragalus_subrosulariformis	0
Astragalus_somcheticus	2.24
Astragalus_coluteopsis	23.5
Astragalus_lasiosemius	7.675
Astragalus_piutensis	21.5833
Astragalus_gypsodes	74.5455
Astragalus_germaini	6
Astragalus_burkartii	33.6923
Astragalus_nigriceps	4.33333
Astragalus_apollineus	7.8
Astragalus_savellanicus	21
Astragalus_intercedens	5.75
Astragalus_pseudoadsurgens	24.8
Astragalus_exasperatus	0
Astragalus_lentiformis	5.2963
Astragalus_acutifolius	3
Astragalus_pseudohypogaeus	0
Astragalus_bodinii	14.7522
Astragalus_anfractuosus	0
Astragalus_cisoxanus	0
Astracantha_stenonychioides	16.625
Astragalus_brachylobus	3.16
Astragalus_kuschkensis	19.6667
Astracantha_parnassi	19
Astragalus_obcordatus	1.14085
Astragalus_pectinatus	15.3168
Astragalus_traskiae	0
Astragalus_gambelianus	18.4027
Astragalus_zerdanus	0
Astragalus_simpsonii	6.66667
Astragalus_jaxarticus	0
Astragalus_wolgensis	0
Astragalus_hyrcanus	4.4
Astragalus_macrosemius	1
Astragalus_balfourianus	7.29167
Astragalus_lemmonii	20.2128
Astragalus_malacoides	71.1538
Astragalus_giganteus	22.28
Astragalus_douglasii	41.0397
Astragalus_chaidamuensis	0
Astragalus_pardalinus	70.1071
Astragalus_rawianus	5
Astragalus_dendroides	0
Astragalus_lucidus	0
Astragalus_vavilovii	17.25
Astragalus_nephtonensis	21.7778
Astragalus_reduncus	1.38095
Astragalus_cottamii	41
Astragalus_mahoschanicus	2.78571
Astragalus_grayi	45.9706
Astragalus_mesites	6
Astragalus_shinanensis	9.5
Astragalus_djilgensis	11.5
Astragalus_hirsutus	8.125
Astracantha_microcephala	9.37838
Astragalus_vaginatus	1.9
Astragalus_faurei	38
Astragalus_aequalis	51.3462
Astragalus_versicolor	2.5082
Astragalus_atrovinosus	0
Astragalus_glomeratus	0
Oxytropis_sericea	14.2138
Astragalus_bourgaeanus	32.6923
Astragalus_deterior	17.5
Astragalus_naturitensis	40.325
Astragalus_vulcanicus	7.5
Astragalus_lanuginosus	0
Astragalus_reinii	14.75
Astragalus_avicennicus	13.5
Astragalus_myrianthus	5
Astragalus_cenorrhynchus	9
Astragalus_brevidens	19.3333
Astragalus_schrenkianus	0
Astragalus_rhacodes	0
Astragalus_emarginatus	30.1111
Astragalus_anisacanthus	24.6667
Astragalus_retusifoliatus	6.5
Astragalus_obscurus	43.2714
Astragalus_curtipes	13.962
Astragalus_skythropos	4.64286
Astragalus_imitensis	12.1429
Astragalus_neuquenensis	46.8
Astragalus_leptus	20.5
Astragalus_tephrolobus	5.75
Astragalus_succumbens	26.8673
Astragalus_lyonnetii	5.71429
Astragalus_pakistanicus	0
Astragalus_englerianus	7.4
Astragalus_pehuenches	13.1493
Astragalus_proximus	21.2182
Astragalus_hemsleyi	0
Astragalus_korovinianus	50
Astragalus_vallaris	28.7692
Astragalus_scleroxylon	0
Astragalus_karelinianus	0
Astragalus_mario-sousae	7.33333
Astragalus_chingoanus	0
Astragalus_nematodes	0
Astragalus_breviscapus	21.2
Astragalus_weddellianus	31.75
Astragalus_depauperatus	2.15789
Astragalus_dactylocarpus	4.87273
Astragalus_cuscutae	12
Astragalus_crypticus	46.6667
Astragalus_micrancistrus	8.33333
Astragalus_supervisus	4.5
Astragalus_nidularius	69.087
Astragalus_takharensis	0
Astragalus_bracteosus	3
Astragalus_pallescens	0
Astragalus_weixinensis	8
Astragalus_orthocarpoides	8.5
Astragalus_iodopetalus	6.8125
Astragalus_acutirostris	77.1659
Astragalus_darwinianus	15.5
Astragalus_demavendicus	19.7143
Astragalus_variegatus	4.6
Astragalus_arganaticus	0
Astragalus_curviflorus	11.2
Astragalus_lithophilus	1.66667
Astragalus_vessalae	13
Astragalus_stipulatus	5.5
Astragalus_pseudoversicolor	3.75
Tragacantha_fasciculifolia	16.3571
Astragalus_reventus	13.2692
Astragalus_impexus	9.5
Astragalus_magdalenae	42.186
Astragalus_crotalariae	43.4345
Astragalus_dilutus	8.70732
Astragalus_gombo	13.6522
Astragalus_physodes	2.16129
Astragalus_oxyphysopsis	89.6364
Astragalus_armatus	26.7969
Astragalus_scaberrimus	2.87255
Astragalus_sparsiflorus	11.4091
Astragalus_tolucanus	8.15556
Astragalus_scopulorum	10.3876
Astragalus_cornutus	2.08
Astragalus_californicus	13.84
Astragalus_karakugensis	2.22222
Astragalus_lentiginosus	52.5445
Astragalus_ibrahimianus	22.8182
Astragalus_aschuturi	0
Astragalus_edmondstonei	11.2857
Astragalus_lupulinus	1.22222
Astragalus_lamondiae	0
Astragalus_nudisiliquus	36.4607
Astragalus_aduncus	9.13333
Astragalus_newberryi	64.5338
Astragalus_termeanus	3
Astragalus_endytanthus	10.25
Astragalus_incanus	21.6127
Astragalus_kolymensis	47.4615
Astragalus_degensis	4.71429
Astragalus_sanguinolentus	0
Astragalus_filiformis	1.86047
Oxytropis_lambertii	12.2406
Astragalus_retamocarpus	6.33333
Astragalus_scabrisetus	10.5
Astragalus_oncotrichus	0
Astragalus_scoparius	0
Astragalus_gracilipes	5.375
Astragalus_hispanicus	36
Astragalus_olchonensis	0
Astragalus_abnormalis	8.5
Astragalus_chamaeleuce	37.3503
Astragalus_plagiophacos	17
Astragalus_carduchorum	2.25
Astragalus_lalesarensis	9.33333
Astragalus_physocarpus	0
Astragalus_wittmannii	20.0833
Astragalus_asplundii	35.8
Astragalus_flexuosus	13.4663
Astragalus_eriostomus	23.5
Astragalus_nothoxys	39.4067
Astragalus_aleppicus	12.5362
Astragalus_villosus	0.757576
Clianthus_puniceus	1.64103
Astragalus_pauper	0
Astragalus_valerianensis	0
Astragalus_globiceps	23.75
Astragalus_neurophyllus	0
Astragalus_oxyrhynchus	7.63415
Astragalus_molybdenus	11.6429
Astragalus_aspindzicus	11
Astragalus_piletocladus	0
Astragalus_beckii	19
Eremosparton_flaccidum	8.75
Astragalus_tenuifolius	0
Astragalus_nyensis	70.7576
Astragalus_montigenus	9.5
Astragalus_tener	4.84177
Astragalus_yangtzeanus	8.75
Astragalus_pseudoutriger	7.33333
Astragalus_tribulifolius	5
Astragalus_helleri	24.25
Astragalus_speciosus	7.66667
Astragalus_angustiflorus	13.1818
Astragalus_kuramensis	19.1667
Astragalus_tephrosioides	0
Oxytropis_recognita	7.52381
Astragalus_taschkendicus	0
Astragalus_microcymbus	19.7778
Astragalus_dahuricus	3.14815
Astragalus_porrectus	70.175
Astragalus_stenoceras	2.48387
Astragalus_erubescens	0
Astragalus_sphaerocystis	0
Astragalus_tyghensis	37.4444
Astragalus_alpinus	14.1109
Astracantha_granatensis	31.0838
Swainsona_formosa	42.8379
Astragalus_littoralis	7.33333
Astragalus_caraganae	11.0417
Astragalus_arbelicus	12
Astragalus_castetteri	48.8333
Astragalus_albens	84.72
Astragalus_humilis	5.28571
Astragalus_sieberi	0
Astragalus_rahensis	11.2
Astragalus_contortuplicatus	1.15385
Astragalus_saccatus	0
Astragalus_carminis	43.2143
Astragalus_xipholobus	0
Astragalus_shortianus	9.91204
Astragalus_bernardinus	87.2353
Astragalus_cyclophyllon	0
Astragalus_concretus	8.75
Astragalus_craibianus	3.14286
Astragalus_norvegicus	21.2314
Astragalus_funereus	66.8667
Astragalus_falciformis	11.4286
Astragalus_glycyphyllos	1.59985
Astragalus_leansanicus	2.11111
Astragalus_inversus	12.5
Astragalus_bounophilus	15.6667
Astragalus_gudrunensis	5.5
Astragalus_hamrinensis	3
Astragalus_macrocephalus	10.3514
Astragalus_leptaleus	9.57377
Astragalus_davidii	0
Astragalus_maurorum	20.8
Astragalus_strictilobus	0
Astragalus_podlechii	0
Astragalus_peregrinus	11.3019
Astragalus_idrietorum	92.9459
Astragalus_hoantchy	0
Astragalus_maritimus	6
Astragalus_pictiformis	54.871
Astragalus_rhizanthus	10.6058
Astragalus_titanophilus	48
Astragalus_borraginaceus	0
Astragalus_nudus	21
Astragalus_berterianus	32.875
Astragalus_casei	66.1195
Oxytropis_ochrocephala	1.69091
Astragalus_semilunatus	0
Astragalus_glaucus	0
Astragalus_managildensis	0
Astragalus_wagneri	0
Astragalus_tigridis	9.75
Astragalus_mollissimus	38.2411
Oxytropis_mollis	7.86905
Astragalus_fuliginosus	0
Astracantha_plumosa	12.4167
Astragalus_vexillaris	25.25
Astragalus_andersonii	33.8119
Astragalus_tulinovii	7.76923
Astragalus_scalaris	40.3333
Astragalus_golmuensis	1.42857
Astragalus_ufraensis	0
Astragalus_lonchocarpus	38.4709
Astragalus_majevskianus	12.5
Astragalus_handelii	0
Oxytropis_vassilczenkoi	39.5
Astragalus_alaicus	0
Astragalus_ugamicus	3.25
Oxytropis_hirta	3.81818
Astragalus_marianus	3.75
Astragalus_cottonianus	6.66667
Astragalus_xanthotrichus	0
Astragalus_minimus	10.4
Astragalus_pulsiferae	32.6944
Astragalus_bonariensis	31.6667
Astragalus_pseudochlorostachys	0
Astragalus_melanochiton	7
Astragalus_uliginosus	0.70122
Astragalus_adsurgens	9.42595
Astragalus_reflexistipulus	2.1
Astragalus_wilmottianus	5
Astragalus_nobilis	0
Astragalus_moellendorffii	0
Astragalus_charadzeae	0
Astragalus_villosissimus	0
Astragalus_humillimus	54.375
Astragalus_oplites	16.125
Astragalus_clarianus	0
Astragalus_tioides	11.6667
Astragalus_spartioides	0
Astragalus_densiflorus	5.24324
Astragalus_tarumensis	0
Astragalus_brachypus	17.25
Astragalus_prilipkoanus	14
Astragalus_hidalgensis	12.3846
Astragalus_catabostrychos	21.6667
Astragalus_turolensis	19.1915
Oxytropis_aciphylla	7.17857
Astragalus_monbeigii	3.7037
Oxytropis_koyukukensis	51.7273
Astragalus_piscator	43.1818
Astragalus_askius	11.25
Oxytropis_talassica	0
Astragalus_semicircularis	0
Astragalus_darii	14.6667
Oxytropis_melanocalyx	2.32727
Astragalus_potosinus	12.1429
Astragalus_osterhoutii	16.8
Astragalus_tephrodes	38.5246
Astragalus_sirinicus	4.29412
Astragalus_ceratoides	1.15625
Astragalus_aquilonius	29.8696
Oxytropis_lapponica	17.0192
Astragalus_chiwensis	8.22222
Astragalus_anisus	20.0526
Astragalus_galactites	0.793103
Astracantha_deinacantha	13.725
Oxytropis_viscida	15.0718
Astragalus_glaucacanthos	14.7143
Astragalus_curvipes	8.88889
Astragalus_comosus	10.8333
Astragalus_wenquanensis	0
Astragalus_porphyrocalyx	6.5
Astragalus_sachalinensis	7
Astragalus_tegetarioides	26.9444
Astragalus_micranthus	10.6565
Astragalus_punae	5
Astragalus_tungensis	0
Astragalus_onobrychis	1.37731
Astragalus_aridus	38.6861
Astragalus_toanus	45.5946
Astragalus_terrestris	0
Astragalus_capito	17
Oxytropis_eriocarpa	6.03571
Astragalus_severzovii	0
Astragalus_venturii	28.6667
Astragalus_albertoregelia	0
Astragalus_hallii	15.516
Astragalus_latiunguiculatus	0
Astragalus_xanthomeloides	5.75
Astragalus_brevialatus	14
Astragalus_taubertianus	0
Astragalus_amarus	0
Astragalus_nurensis	15
Astragalus_sarbasnensis	0
Astragalus_vegetus	10
Oxytropis_grandiflora	0.853659
Astragalus_hirtus	5.5
Astragalus_austroaegaeus	30.5
Oxytropis_taochensis	7.5
Oxytropis_riparia	14.8182
Astragalus_minutulus	0
Astragalus_pycnostachyus	5.46341
Astragalus_dipelta	0
Oxytropis_kobukensis	23.1765
Oxytropis_squammulosa	5.11111
Astragalus_legionensis	15.625
Astragalus_kerrii	26.2
Astragalus_cerasinus	0
Astragalus_pseudocytisoides	0
Astragalus_complanatus	22.5
Astragalus_dombeyi	10.5
Astragalus_taiyuanensis	8.66667
Astragalus_argyroides	15.4286
Astragalus_straturensis	24.4894
Astragalus_pachypus	58.9115
Astragalus_vallicola	34.5625
Astragalus_reichei	11.5
Astragalus_breweri	1.91089
Astragalus_anisomerus	0
Astragalus_chardinii	9.6
Astragalus_porphyrophysa	15.3333
Astragalus_macrostachys	20.3636
Astragalus_pachyrhizus	0
Astragalus_tawilicus	9
Astragalus_grammocalyx	10.25
Astragalus_bossuensis	0
Astragalus_tidestromii	84.9649
Astragalus_paucijugus	9.2
Astragalus_hornii	33.25
Astragalus_rawlinsianus	0
Astragalus_ensiformis	63.6667
Astragalus_pseudofragiferus	23
Astragalus_hypoxylus	32.4
Astragalus_williamsii	14.6667
Astragalus_adzharicus	3.75
Astragalus_angustifolius	12.9478
Astragalus_temirensis	0
Astragalus_tiehmii	58.2778
Astragalus_oligophyllus	0
Astragalus_nelsonianus	36.4118
Astragalus_bazmanicus	6.66667
Astragalus_spinosus	7.04027
Astragalus_leibergii	37.3077
Astragalus_sericeocanus	0
Astragalus_goktschaicus	6.8
Astragalus_monoensis	29.1463
Astragalus_peruvianus	42.8621
Astragalus_dschangartensis	3.66667
Astragalus_xiphoides	78.3333
Astragalus_ishkamishensis	0
Astragalus_cerussatus	25.0345
Astragalus_laguriformis	10
Astragalus_palmeri	74.9195
Astragalus_hohenackeri	0
Astragalus_brandegei	37.9688
Astragalus_falcatus	5.98718
Astragalus_sommieri	2.75
Astragalus_rytilobus	15.75
Astragalus_flexicaulis	0
Astragalus_erwinii-gaubae	11.5
Astragalus_macrodon	33.5
Astragalus_kuschakewiczi	4.8
Astragalus_kermanschahensis	23
Astragalus_corrugatus	7.58879
Astragalus_reflexus	0.6875
Astragalus_schistocalyx	6
Astragalus_pissisi	6
Astragalus_leucocephalus	6.64
Astragalus_polyacanthus	9.14286
Astragalus_amatus	32.3846
Astragalus_insularis	64.8
Astragalus_submitis	14
Astragalus_annularis	3.62626
Astragalus_uncialis	60.9231
Astragalus_boelckei	28.5714
Astragalus_stewartii	20.6154
Oxytropis_oxyphylloides	0
Astragalus_lasioglottis	1.125
Astragalus_jessenii	11
Astragalus_jodotropis	19.8571
Astragalus_hoffmeisteri	8.52381
Astragalus_captiosus	4.28571
Astragalus_rigidulus	0.75
Astragalus_eupeplus	0
Astragalus_onobrychioides	10.4286
Astragalus_matiensis	0
Astragalus_werdermannii	32.5
Astragalus_atratus	42.3077
Astragalus_cruckshanksii	36.45
Astragalus_laceratus	0
Astragalus_megricus	22.6667
Astragalus_tashqurghanicus	17.3333
Astragalus_ackerbergensis	12.8
Astragalus_collinus	18.2088
Astragalus_suffruticosus	5.28571
Astragalus_campylanthus	24.375
Astragalus_tweedyi	35.7576
Astragalus_tetrapterus	50.8958
Astragalus_frickii	10.1667
Astragalus_chlorodontus	0
Astragalus_ulothrix	0
Astragalus_wootonii	54.2576
Oxytropis_aucheri	15.25
Astragalus_chalaranthus	23.5
Astragalus_cuneifolius	0
Oxytropis_multiceps	11.2672
Astragalus_iljinii	15
Astragalus_pelecinus	22.3398
Astragalus_prattii	15
Astragalus_stevenianus	12.7292
Astragalus_bashmensis	18.3333
Astragalus_callithrix	75.8387
Astragalus_asclepiadoides	48.036
Astragalus_longilobus	9.25
Astragalus_musimonum	49
Astragalus_oxypterus	4
Astragalus_floridulus	0.689655
Astragalus_taochius	2.5
Oxytropis_ochroleuca	0
Astragalus_kahiricus	4.01562
Astragalus_tataricus	0
Astragalus_paralipomenus	8
Astragalus_chlorostachys	4.22581
Astragalus_bowes-lyonii	0
Astragalus_trimestris	3.57143
Astragalus_concinnus	6
Astragalus_flavocreatus	29.7778
Astragalus_gilensis	24.2131
Astragalus_austriacus	6.99864
Oxytropis_parryi	16.9252
Astragalus_beckwithii	41.6059
Astragalus_schizotropis	0
Astragalus_amherstianus	12.1
Astragalus_dolichophyllus	2.37931
Astragalus_glycyphylloides	3.15152
Astragalus_mokiacensis	67.3617
Astragalus_kashmirensis	1.33333
Astragalus_crenatus	9.88136
Astragalus_suprapilosus	1.6
Astragalus_ishigensis	0
Astragalus_ervoides	9.94805
Astragalus_ripleyi	9.90909
Astragalus_saxorum	0
Astragalus_garbancillo	34.3733
Astragalus_anserinifolius	11.3333
Astragalus_titovii	11.5
Astragalus_dekazygus	12
Astragalus_quinquejugus	0
Astragalus_follicularis	2.29032
Astragalus_parodii	24.8462
Astragalus_ochrochlorus	11.4
Astragalus_zayuensis	0
Astragalus_brackenridgei	20.5
Astragalus_baitagensis	0
Astragalus_arenarius	0.1375
Astragalus_subsecundus	0.8
Oxytropis_arctica	23.9865
Astragalus_alexandrii	0
Wisteria_sinensis	1.66119
Astragalus_chuskanus	20.5
Astragalus_sclerocarpus	25.6091
Astragalus_poliotrichus	4.5
Astragalus_pullus	7.63636
Astragalus_algerianus	25.3455
Astragalus_paysonii	2.03846
Astragalus_pseudotesticulatus	16
Astragalus_bustillosii	25.2258
Astragalus_pushtashanicus	5
Astragalus_fragrans	6.21053
Astragalus_sulcatus	0.147541
Astragalus_gilmanii	55.9565
Astragalus_scorpiurus	15.2222
Astragalus_thomsonii	7.33333
Astragalus_meiliensis	0
Astragalus_alamliensis	29
Astragalus_submaculatus	6
Astragalus_subuliformis	1.35537
Astragalus_ionae	0
Astragalus_fuhsii	5.75
Oxytropis_williamsii	12.0833
Astragalus_stapfii	23
Astragalus_rosae	11.5
Astragalus_schelichowii	26.9741
Astragalus_remotijugus	7.66667
Astragalus_scheremetevianus	8.14286
Colutea_abyssinica	10.9444
Astragalus_pauranthus	12.3333
Astragalus_wardii	31.5789
Oxytropis_qinghaiensis	3.75
Astragalus_junatovii	7.66667
Astragalus_horridus	22.2857
Astragalus_urmiensis	4.33333
Astragalus_mareoticus	3.53846
Astragalus_eastwoodiae	46.0526
Astragalus_beathii	62.8571
Astragalus_cusickii	28.1572
Astragalus_sciureus	4.25
Astragalus_nitens	0
Astragalus_rhizocephalus	10.6923
Astragalus_verus	14.6301
Astragalus_aeluropus	0
Astragalus_austiniae	5.68421
Astragalus_albertii	0
Astragalus_zionis	58.8269
Astragalus_convallarius	22.3559
Astragalus_archibaldii	0
Astragalus_forrestii	7.33333
Oxytropis_maydelliana	26.4761
Astragalus_chrysopterus	3.14286
Astragalus_strictus	9.68354
Astragalus_kronenburgii	0
Astragalus_palibinii	0
Astragalus_altaicola	0
Astragalus_podolobus	18.0769
Astragalus_daenaensis	0
Astragalus_vagus	6
Astragalus_campylorhynchus	7.47059
Astragalus_beatleyae	62.25
Astragalus_austroargentinus	26.3333
Astragalus_ravenii	32.1429
Astragalus_bourgovii	3.37762
Astragalus_camptoceras	9.5
Astragalus_fialae	0
Astragalus_schimperi	8.62222
Astragalus_altimurensis	27
Astragalus_hololeios	24
Astragalus_sungpanensis	4.73684
Oxytropis_savellanica	8.7
Astragalus_harpocarpus	0
Astragalus_megalocystis	15.5
Astragalus_schugnanicus	8.14286
Astragalus_bakuensis	17
Astragalus_mailiensis	11.5
Astragalus_leptophysus	0
Astragalus_pterocarpus	57.2979
Astragalus_ordubadensis	8.5
Astragalus_sogdianus	0
Astragalus_tanaiticus	0
Astragalus_campylosema	11.4444
Astragalus_roseus	0
Astragalus_heterodontus	5.25
Astragalus_robustus	7.26667
Astragalus_pulcher	7.66667
Astragalus_popovii	0
Astragalus_michauxii	1.17391
Astragalus_floridus	4.71875
Astragalus_oreganus	44.5417
Astragalus_sterilis	40.5
Astragalus_nigricalycis	9
Astragalus_drabelliformis	43.4167
Astragalus_parvicarinatus	0
Astragalus_inflexus	18.2619
Astragalus_alatavicus	0
Astragalus_subcinereus	32.3475
Astragalus_looseri	29
Astragalus_freitagii	12
Astragalus_drummondii	12.0575
Astragalus_ochroleucus	6
Astragalus_trigonus	2
Astragalus_orcuttianus	85.8333
Astragalus_diaphanus	41.2143
Astragalus_vicarius	22.75
Astragalus_tricarinatus	72.3511
Astragalus_mackewiczii	0
Astragalus_levitubus	4
Astragalus_guatemalensis	5.13523
Astragalus_irinaea	6
Astragalus_alopecurus	3.73626
Astragalus_brahuicus	21.5
Astragalus_himalayanus	7.81481
Astragalus_clusii	26.7895
Astragalus_hartwegii	18.5211
Astragalus_longipetalus	3.37931
Astragalus_harbisonii	33.4167
Astragalus_rhodosemius	25.7
Astracantha_bethlehemitica	19.8972
Astragalus_microcystis	1.72881
Astragalus_fangensis	0
Astragalus_sangonensis	0
Astragalus_moencoppensis	69.4811
Astragalus_arguricus	8.22222
Astragalus_ajfreidii	14.5
Astragalus_ruscifolius	5.25
Astragalus_masenderanus	5.75
Astragalus_hintonii	1.73333
Oxytropis_campanulata	0.476744
Astragalus_oxyglottis	22.2157
Astragalus_aqrabatensis	0
Astragalus_aloisii	0
Astragalus_sepultipes	65.8
Oxytropis_lagopus	10.636
Astragalus_griffithii	6.2
Astragalus_angustatus	0
Astragalus_pseudonobilis	6
Astragalus_recognitus	0
Astragalus_chionanthus	7.33333
Astragalus_murinus	2.75
Astragalus_sachanewii	20
Astragalus_franziskae	10.6667
Astragalus_saxifractor	13
Astragalus_harpilobus	4.58824
Astragalus_darumbium	26.7143
Astragalus_stocksii	15
Astragalus_chubutensis	54.8571
Astragalus_sikokianus	0
Astragalus_macrobotrys	6.8
Astragalus_crassicarpus	4.85908
Astragalus_microdontus	19
Astragalus_riouxii	3.66667
Astragalus_graecus	3.44444
Astragalus_mossulensis	7.25
Astragalus_camelorum	0
Lessertia_capitata	40.75
Astragalus_geminiflorus	12.0741
Astragalus_austinae	10.4
Astragalus_multijugus	0
Astragalus_algarbiensis	21.375
Astragalus_acaulis	4.05
Astragalus_brevifolius	7.55556
Astragalus_macropelmatus	11
Astragalus_aucheri	9.41667
Astragalus_muelleri	4.71429
Astragalus_tschujensis	5.5
Astragalus_sinaicus	9.32727
Astragalus_sphaeranthus	5.66667
Astragalus_argentinus	12
Astragalus_falcigerus	0
Astragalus_turbinatus	27.6667
Astragalus_fragiferus	4.4
Astragalus_tabrisianus	0
Astragalus_bolanderi	7.58219
Astragalus_asper	0.111111
Astragalus_monadelphus	1
Astragalus_chiukiangensis	12.25
Astragalus_cibarius	16.5349
Astragalus_buchtormensis	0
Astragalus_macrotrichus	1.46667
Astragalus_umbellatus	34.8517
Astragalus_canoflavus	0
Astragalus_sempervirens	8.033
Astragalus_spruneri	13.8667
Astragalus_rubrolineatus	11.5
Astragalus_pomonensis	41.6375
Astragalus_baissunensis	0
Oxytropis_ochrantha	0
Astragalus_complicatus	23.5
Astragalus_anxius	21.4444
Astragalus_anni-novi	39.25
Astragalus_pueblae	13.4
Astragalus_polaris	30.0526
Astragalus_shiroumensis	3.4186
Astragalus_citrinus	14.1538
Astragalus_neocarpus	23
Astragalus_tanguticus	22.5
Astragalus_cancellatus	7.6875
Astragalus_orbiculatus	0
Astragalus_ajubensis	27.1429
Astragalus_duchesnensis	41.5634
Astragalus_eremophilus	0.727273
Astragalus_epiglottis	18.7022
Astragalus_jejunus	36.1884
Astragalus_kavirensis	0
Astragalus_fenzelianus	4.57692
Astragalus_stella	18.8007
Astragalus_fabaceus	9
Astragalus_maxwellii	14.6667
Astragalus_parwanicus	7.33333
Oxytropis_macrocarpa	2.77778
Astragalus_tortipes	71.5
Astragalus_pringlei	29.1176
Astragalus_pellitus	9
Astragalus_depressus	5.48575
Astragalus_kaghysmani	4
Astragalus_griseus	15.4
Astragalus_americanus	6.29703
Astragalus_sinaloae	0
Astragalus_alopecias	16.4286
Astragalus_bergii	24.875
Astragalus_smithianus	2.5
Astragalus_secundus	12
Oxytropis_falcata	2.33333
Astragalus_calycinus	3.10526
Astragalus_platytropis	36.4315
Astragalus_connectens	4.5
Astragalus_detritalis	39.9057
Astragalus_infestus	9.16667
Astragalus_phoenix	77.0278
Astragalus_melilotoides	1.08759
Astragalus_mendocinus	63
Astragalus_nummularius	16.3333
Astragalus_sahendi	21.6667
Astragalus_bryantii	17
Astragalus_sanctorum	21.375
Astragalus_lilacinus	4.4
Astragalus_zagrosicus	0
Astragalus_laccoliticus	9.5
Oxytropis_microphylla	11.8263
Astragalus_rusbyi	11.2353
Astragalus_havianus	0
Astragalus_jaegerianus	67.4615
Astragalus_maroccanus	25
Astragalus_agnicidus	0.105263
Astragalus_sabulonum	61.2361
Oxytropis_pauciflora	8.37168
Astragalus_incertus	9.41176
Astragalus_wingatanus	36.7737
Astragalus_robbinsii	6.97196
Astragalus_dodtii	14.1667
Astragalus_discolor	0
Astragalus_habamontis	12
Astragalus_mongholicus	2.13603
Astragalus_pseudocyclophyllus	11.5
Astragalus_desereticus	2.5
Astragalus_dependens	0
Astragalus_castaneiformis	23.2097
Astragalus_rytidocarpus	4.73684
Oxytropis_mertensiana	38.7929
Astragalus_saganlugensis	11
Astragalus_fridae	0
Astragalus_caeruleopetalinus	5
Tragacantha_densifolia	6.66667
Oxytropis_kansuensis	2.07447
Astragalus_parryi	4.3557
Oxytropis_adamsiana	36.9355
Astragalus_iodanthus	46.1728
Astragalus_argutensis	6
Astragalus_freynii	4.4
Astragalus_hemiphaca	0
Astragalus_subarcuatus	0
Astragalus_gebleri	17.5
Astragalus_mohavensis	83.2804
Astragalus_subverticillatus	0
Astragalus_ackermanii	78.4286
Astragalus_dignus	8.5
Astragalus_heptapotamicus	0
Astragalus_alpamarcae	16.5
Astragalus_laspurensis	0
Astragalus_sericophyllus	6.5
Astragalus_satoi	0
Astragalus_camptopus	41.5
Astragalus_przewalskii	6.14286
Astragalus_pseudoindurascens	11
Astragalus_carinatus	37.0476
Astragalus_manucehrii	11
Astragalus_latifolius	9.01695
Astragalus_dzebrailicus	0
Astragalus_reuterianus	23
Astracantha_pterocephala	0
Astragalus_woodruffii	70.9062
Astragalus_icmadophilus	16.3333
Astragalus_maireanus	30.5
Astragalus_calamistratus	0
Astracantha_oleifolia	14
Astragalus_circumdatus	42.3243
Astragalus_waterfallii	76.6923
Astragalus_tamiricus	0
Astragalus_fastidius	68.6753
Astragalus_xanthoxiphidiopsis	14.3333
Astragalus_cochabambensis	0
Astragalus_ammotrophus	0
Astragalus_tolmaczevii	33.7222
Astragalus_pseudomultijugus	0
Astragalus_rosellus	11
Astragalus_cysticalyx	18.2857
Astragalus_sophoroides	72.5417
Astragalus_emoryanus	51.1053
Astragalus_hamiltonii	36.0488
Astragalus_subvestitus	37.2727
Astragalus_elymaiticus	0
Astragalus_mulfordiae	23.325
Oxytropis_besseyi	18.9351
Astragalus_bibullatus	0
Astragalus_demetrii	0
Astragalus_akkensis	8
Astragalus_veresczaginii	0
Astragalus_varus	41.25
Oxytropis_campestris	8.28771
Astragalus_schahrudensis	17.375
Astragalus_melanocalyx	42
Astragalus_pauperculus	6.22785
Astragalus_perianus	13.1667
Astragalus_adulterinus	0
Astragalus_asterias	11.9616
Astragalus_hauarensis	1.175
Astragalus_chomutowii	11.6
Oxytropis_nigrescens	31.3974
Astragalus_eugenii	0
Astracantha_caucasica	13
Astragalus_jodostachys	0
Astragalus_colhuensis	0
Astragalus_vereskensis	0
Astragalus_cyri	6
Astragalus_pseudobrachystachys	5
Astragalus_bakaliensis	0
Astragalus_longissimus	15.5833
Astragalus_jesdianus	3
Onobrychis_conferta	1.29897
Astragalus_jagnobicus	0
Astragalus_nuttallii	6.38191
Astragalus_shagalensis	0
Astragalus_persicus	12.6667
Astragalus_ferganensis	0
Astragalus_stipitatus	2.2
Astragalus_lorinserianus	0
Astragalus_terracianoi	27
Astragalus_reticulatus	0
Astragalus_luxurians	0
Astragalus_allochrous	54.6844
Astragalus_utahensis	18.8328
Astragalus_kirpicznikovii	6.25
Astragalus_triradiatus	18.1429
Astragalus_shultziorum	4.46667
Astragalus_kialensis	2.71429
Astragalus_kaufmannii	6.91071
Astragalus_johannis-howellii	46.5
Astragalus_sanandajianus	0
Astragalus_piscinus	33
