Oxytropis_deflexa	0.0839793
Astragalus_polyphyllus	0
Astragalus_kurtschumensis	0
Astragalus_intarrensis	0
Astragalus_neolipskyanus	0
Astragalus_penduliflorus	0
Astragalus_famatinae	4.5
Astragalus_idaeus	0
Astragalus_cryptanthus	9.75
Astragalus_schistosus	0
Astragalus_kabadianus	0
Oxytropis_exserta	0
Astragalus_peckii	0
Astragalus_paposanus	0
Astragalus_ceramicus	0.114558
Astragalus_ernestii	3.93548
Astragalus_sardaimionensis	0
Astragalus_lagopoides	0
Astragalus_umbraticus	0
Astragalus_mirabilis	0
Astragalus_aksuensis	0
Astragalus_uraniolimneus	0
Astragalus_cuyanus	0
Astragalus_tehuelches	0
Astragalus_brandegeei	0.296296
Astracantha_denudata	0
Astragalus_howellii	0.666667
Astragalus_borodinii	0
Astragalus_thurberi	0
Astragalus_lessertioides	0
Astragalus_zohrabi	0
Astragalus_substipitatus	0
Astragalus_batangensis	0.875
Astragalus_tennesseensis	0.0549451
Astragalus_salsugineus	0
Astragalus_pulviniformis	0
Astragalus_subumbellatus	0
Astragalus_diphacus	0.5
Astragalus_ammodytes	0
Astragalus_brachyodontus	0
Astragalus_domeykoanus	5.57143
Astragalus_lurorum	0
Astragalus_achundovii	0
Astragalus_lacei	0
Astragalus_coriaceus	0
Astragalus_xiphidium	0
Oxytropis_tianschanica	0
Astragalus_phlomoides	0
Astragalus_durandianus	0
Astragalus_caprinus	0.290323
Astragalus_urceolatus	0
Astragalus_canadensis	0.168237
Astragalus_mangeri	0
Astragalus_cymbicarpos	0.131868
Astragalus_pseudoborodinii	0
Astragalus_leiosemius	0
Astragalus_verticillatus	33
Astragalus_asymmetricus	0.154639
Astragalus_flexus	0
Astragalus_peterae	0
Astragalus_anserinus	0
Astragalus_eurekensis	0
Astragalus_polozhiae	0
Astragalus_conspicuus	0
Astragalus_multiceps	0
Astragalus_podocarpus	0
Astragalus_eremiticus	0
Astragalus_stalinskyi	0
Astragalus_cimae	0
Astragalus_tortuosus	0
Astragalus_denticulatus	0
Astragalus_eucosmus	0.0131234
Astragalus_reventiformis	0.344262
Astragalus_patagonicus	0
Astragalus_gilgitensis	0
Astragalus_kunlunensis	0
Astragalus_bezudensis	0
Astragalus_atwoodii	0
Astragalus_ovigerus	0
Astragalus_campylotrichus	0
Astragalus_spatulatus	0.125
Astragalus_holmgreniorum	0
Astragalus_graveolens	0.333333
Oxytropis_jordalii	0.0518519
Astragalus_iselyi	0
Astragalus_odoratus	0
Astragalus_harrisonii	0.714286
Astragalus_misellus	0.0294118
Astragalus_sesquiflorus	0.77551
Oxytropis_albana	0
Astragalus_jiuquanensis	0
Astragalus_cytisoides	0
Astragalus_kralikii	0
Astragalus_triflorus	5.26316
Astragalus_boeticus	0.180723
Astragalus_goldmanii	0
Astragalus_vulpinus	0
Astragalus_macropterus	0
Astragalus_diminutivus	3.85714
Astragalus_uniflorus	13.1154
Astragalus_khoshjailensis	0
Astragalus_shelkovnikovii	0
Astragalus_gorodkovii	0
Astragalus_cognatus	0
Astragalus_basineri	0
Astragalus_miser	0.0484243
Astragalus_salmonis	0
Astragalus_angarensis	0
Astragalus_yunnanensis	2.18182
Astragalus_schmalhausenii	0
Astragalus_monanthemus	0
Oxytropis_oreophila	0.0943396
Astragalus_caroli-henrici	0
Astragalus_leucolobus	0
Astragalus_megalanthus	0
Astragalus_setosulus	0
Astragalus_biebersteinii	0
Astragalus_ornithopodioides	0
Astragalus_desperatus	0.324561
Astragalus_viridis	0
Astragalus_sinicus	7.65371
Astragalus_chaetodon	0
Astragalus_tremolsianus	0
Astragalus_melanodon	0
Astragalus_pseudojohannis	0
Astragalus_psilocentros	0.2
Astragalus_atropubescens	0
Astragalus_vaccarum	1.65625
Astragalus_sesamoides	0
Astragalus_adanus	0
Astragalus_distortus	0.184932
Astragalus_gaubae	0
Astragalus_luteolus	0
Astragalus_hypsogenus	0
Astragalus_kungurensis	0
Astragalus_calliphysa	0
Astragalus_euchlorus	0.666667
Astragalus_galegiformis	0
Astragalus_limprichtii	0
Astragalus_layneae	0.144254
Astragalus_racemosus	0.0477137
Astragalus_basiflorus	0
Astragalus_limnocharis	0
Astragalus_egglestonii	0
Astragalus_neobarnebyanus	2.33333
Astragalus_cremnophylax	0
Astragalus_lancearius	0.4
Astragalus_discernendus	0
Astragalus_debequaeus	0
Astragalus_callistachys	0
Astragalus_puniceus	0
Astragalus_parvus	0
Astragalus_solitarius	0
Astragalus_chionobiiformis	0
Astragalus_speirocarpus	0.38
Oxytropis_czukotica	0
Astragalus_brachycarpus	0
Astragalus_dielsii	22.5
Astragalus_sikkimensis	6.83333
Astragalus_monticola	0
Astragalus_sutchuenensis	4.4
Astragalus_hymenocystis	0
Astragalus_casapaltensis	0
Astragalus_soxmaniorum	0.097561
Astragalus_beketowi	0
Astragalus_sedaensis	0
Astragalus_isphairamicus	0
Astragalus_schmolliae	0
Astragalus_aboriginum	0.175214
Astragalus_welshii	0
Astragalus_lacteus	0
Astragalus_scaphoides	0
Astragalus_bellus	0
Astragalus_alvordensis	0
Astracantha_diphtherites	0
Astragalus_eriocarpus	0
Astragalus_sangimashensis	0
Astragalus_khasianus	3.66667
Astragalus_bisulcatus	0.112994
Astragalus_vesicarius	0
Astragalus_balearicus	0
Astragalus_deanei	0
Astragalus_megalomerus	0
Astragalus_amphioxys	0.185984
Astragalus_trichopodus	0.241916
Astragalus_loanus	0
Astragalus_unifoliolatus	0
Astragalus_micromerius	0
Astragalus_owirensis	0
Astragalus_spinescens	0
Astragalus_oroproselius	0
Astragalus_hartmanii	0
Oxytropis_jonesii	0.666667
Astragalus_takhtadzhjanii	0
Astragalus_alopecuroides	0
Astragalus_plattensis	0.0964286
Astragalus_crassifolius	2
Astragalus_coronilla	0
Astragalus_inaequalifolius	0
Astragalus_dictamnoides	0
Astragalus_adpressipilosus	0
Oxytropis_immersa	0
Astragalus_peltatus	0
Astragalus_ptychophyllus	0
Astragalus_reesei	0
Astragalus_polyceras	0
Astragalus_remotiflorus	0
Astragalus_helmii	0
Astragalus_pseudokurrumensis	0
Astragalus_magellanicus	0
Astragalus_petropolitanus	0
Astragalus_dingjiensis	0
Astragalus_andaulgensis	0
Astragalus_crymophilus	0
Astragalus_chordorrhizus	0
Astragalus_illinii	0
Astragalus_kentrophyta	0.13009
Astragalus_chamaemeniscus	0
Astragalus_palenae	7.15789
Astragalus_registanicus	0
Astragalus_maassoumii	0
Astragalus_fedtschenkoanus	0
Astragalus_gracilidentatus	0
Astragalus_limariensis	4
Oxytropis_coerulea	0
Astragalus_cyaneus	0
Astragalus_anthosphaerus	0
Astragalus_corniculatus	0
Astragalus_barnebyi	0
Astragalus_abbreviatus	0
Astragalus_purpusii	0.219512
Astragalus_brachypetalus	0
Astragalus_pinonis	0
Astragalus_maurus	4.6
Astragalus_suberosus	0
Astragalus_laguroides	0
Astragalus_rattanii	0
Astragalus_psilolobus	0
Astragalus_fraxinifolius	0
Astragalus_humistratus	0.0759219
Astragalus_callichrous	0
Astragalus_vogelii	0
Astragalus_gueldenstaedtiae	0
Astragalus_wrightii	0.137931
Astragalus_zingeri	0
Astragalus_pennellianus	0
Astragalus_toquimanus	0
Astragalus_daghestanicus	0
Astragalus_confertus	0
Astragalus_fruticosus	0
Astragalus_atropurpureus	0
Astragalus_pseudoaustralis	0
Astragalus_orthocarpus	21
Astragalus_medius	0
Astragalus_khwaja-muhammadensis	0
Carmichaelia_violacea	0
Astragalus_schinetorum	0
Astragalus_agraniotii	0
Astragalus_tumninensis	0
Astragalus_aspreticola	0
Astragalus_argophyllus	0.0775194
Astragalus_dianthus	0
Astragalus_urbanianus	23.5
Astragalus_accumbens	6.75
Oxytropis_humifusa	0
Astragalus_wenxianensis	19
Astragalus_sharestanicus	0
Astragalus_polycladus	0.386364
Astragalus_nitidiflorus	0
Oxytropis_pilosa	0
Astragalus_hispidulus	0
Astragalus_wetherillii	0.421053
Astragalus_mucidus	0
Astragalus_remotus	0
Astragalus_calycosus	0.0705742
Astragalus_congdonii	0
Astragalus_agrestis	0.110586
Astragalus_kohrudicus	0
Astragalus_haesitabundus	0
Astragalus_arcuatus	0
Astragalus_crassispinus	0
Oxytropis_obnapiformis	0
Astragalus_chrysostachys	0
Astragalus_hoodianus	0.615385
Astragalus_rzaevii	0
Astragalus_aegobromus	0
Sutherlandia_microphylla	0.153061
Astragalus_quinquefoliolatus	0
Astragalus_hypoglottis	0
Astragalus_coccineus	0.0497512
Astragalus_panduratus	0
Astragalus_cronquistii	0
Astragalus_tribuloides	0.165158
Astragalus_shevockii	0
Astragalus_austrosibiricus	0
Astragalus_karkarensis	0
Astragalus_greggii	1.24138
Oxytropis_racemosa	0
Astragalus_varius	0
Astragalus_mayeri	0
Astragalus_didymocarpus	0.148744
Astragalus_simplicifolius	0.0333333
Astragalus_agameticus	0
Astragalus_cymboides	0.242424
Astragalus_monumentalis	0.0535714
Astragalus_zanskarensis	0
Astragalus_edmondsonii	0
Astragalus_peterfii	0
Astragalus_kirrindicus	0
Astragalus_eusarathron	0
Astragalus_macropodium	0
Astragalus_politovii	0
Astragalus_georgii	0
Astragalus_oniciformis	0
Astragalus_fucatus	0.108911
Astracantha_gummifera	0
Astragalus_pusillus	7.08696
Astragalus_spaldingii	0
Astragalus_daleae	26.125
Astragalus_turczaninowii	0
Erophaca_baetica	0.151179
Astragalus_pattersonii	0.22963
Sphaerophysa_salsula	0.148
Astragalus_confusus	0
Astragalus_maximowiczii	0
Astragalus_clerceanus	0
Astragalus_stepporum	0
Astragalus_arizonicus	0.163842
Astragalus_bashgalensis	0
Astracantha_aurea	0
Astragalus_cretaceus	0
Astragalus_tongolensis	1.64815
Astragalus_ornithorrhynchus	0
Astragalus_accidens	0.303797
Astragalus_ruiz-lealii	0
Astragalus_hypoleucus	0.640845
Astragalus_inyoensis	0
Astragalus_ovatus	0
Astragalus_laricus	0
Astragalus_longidentatus	0.207207
Astragalus_macroceras	0
Astragalus_erivanensis	0
Astragalus_lotiflorus	0.196277
Oxytropis_chionobia	0
Astragalus_kirilovii	0
Astragalus_purpurascens	0
Astragalus_auratus	0
Astragalus_kessleri	0
Astragalus_sesameus	0.0767656
Astragalus_moranii	0
Astragalus_acmophylloides	0
Astragalus_pyrrhotrichus	0
Astragalus_firuzkuhensis	0
Astragalus_hypogaeus	0
Astragalus_scutaneus	0
Astragalus_leontinus	0
Astragalus_jolderensis	0
Astragalus_tricholobus	0
Astragalus_webberi	0
Astragalus_lineatus	0
Astragalus_clarkeanus	0
Astragalus_cachinalensis	7.8
Astragalus_sieversianus	0
Astragalus_molestus	0
Astragalus_sumbari	0
Astragalus_gibbsii	0.511628
Astragalus_oocalycis	0
Astragalus_canescens	0
Astragalus_filicaulis	0
Astragalus_caricinus	0
Astragalus_fissuralis	0
Astragalus_gladiatus	0
Astragalus_arkalycensis	0
Astragalus_laxmannii	0.0377734
Astragalus_yumenensis	0
Astragalus_paraplesius	0
Astragalus_sevangensis	0
Astragalus_curvicarpus	0.0911392
Astragalus_chlorostegius	0
Astragalus_elatior	0
Astragalus_nivalis	0
Astragalus_neglectus	0.184211
Astragalus_nuttallianus	0.235009
Astragalus_clevelandii	0
Astragalus_recurvus	0
Astragalus_hajastanus	0
Astragalus_chorinensis	0
Astragalus_paralurges	0
Astragalus_varzobicus	0
Astracantha_strobilifera	0
Astragalus_oreades	0
Astragalus_leptocaulis	0
Astragalus_munroi	0
Astragalus_olgae	0
Astragalus_atricapillus	0
Astragalus_echinops	0
Astragalus_knightii	0
Astragalus_bornmuellerianus	0
Astragalus_laetus	0
Astragalus_neoburkartianus	0
Astragalus_subalpinus	0
Astragalus_scorpioides	0.489362
Astragalus_grahamianus	0
Astragalus_micranthellus	5.4
Astragalus_tarijensis	12.4
Astragalus_ampullarius	0
Astragalus_echinatus	0.429412
Astragalus_gymnopodus	0
Astragalus_brachybotrys	0
Astragalus_macropetalus	0
Astragalus_chilienshanensis	0
Astragalus_aksaricus	0
Astragalus_miguelensis	0
Astragalus_psilacanthus	0
Astragalus_episcopus	0.348387
Astragalus_licentianus	0
Astragalus_variabilis	0
Astragalus_balchaschensis	0
Astragalus_prorifer	0
Astragalus_froedinii	0
Astragalus_richii	37.3333
Astragalus_angreni	0
Astragalus_erythrolepis	0
Astragalus_purshii	0.0656371
Astragalus_johnstonii	0
Astragalus_harringtonii	0
Astragalus_paktiensis	0
Astragalus_brachytropis	0
Astragalus_joergensenii	9.66667
Astragalus_geniculatus	0
Astragalus_saralensis	0
Astragalus_filipes	0.0467762
Astragalus_cuatrecasasii	50
Oxytropis_jacquinii	0
Astragalus_schmidii	0
Astragalus_distinens	2.36364
Astragalus_holosemius	0
Astragalus_oophorus	0.0216867
Astragalus_altus	0
Astragalus_erionotus	0
Astragalus_ortholobus	0
Astragalus_squarrosus	0
Astragalus_kudrjaschovii	0
Astragalus_neomexicanus	0
Astragalus_ophiocarpus	0
Astragalus_lutosus	0.03125
Astragalus_conjunctus	0.0608108
Astragalus_coahuilae	0
Astragalus_teheranicus	0
Astragalus_eriopodus	0
Astragalus_ochreatus	0
Astragalus_chamissonis	8.5
Astragalus_donianus	5.5
Astragalus_geyeri	0.00729927
Astragalus_duanensis	0
Astragalus_bicolor	0
Astragalus_regiomontanus	5.2
Astragalus_huthianus	0
Astragalus_lunatus	0
Astragalus_whitneyi	0.0626151
Astragalus_gompholobium	0
Astragalus_saetiger	0
Astragalus_curvirostris	0
Astragalus_semnanensis	0
Astragalus_yoder-williamsii	0
Astragalus_oocarpus	0.0722892
Astragalus_raphiodontus	0
Astragalus_sanctae-crucis	0
Astragalus_sericopetalus	0
Astragalus_nigrivestitus	0
Astragalus_panamintensis	0
Astragalus_pseudoamygdalinus	0
Astragalus_praelongus	0.211009
Astragalus_ancistrocarpus	0
Astragalus_antheliophorus	0
Astragalus_arbuscula	0
Astragalus_dictyolobus	0
Astragalus_vexilliflexus	0.048
Astragalus_hymenocalyx	0
Astragalus_falconeri	0
Astragalus_feensis	0
Astragalus_gracilis	0.150094
Astragalus_sanguineus	0.260274
Astragalus_syreitschikovii	0
Astragalus_sheldonii	0
Astragalus_esperanzae	1.47059
Astragalus_albulus	0
Oxytropis_strobilacea	0
Astragalus_bhotanensis	1.53333
Astragalus_minutissimus	0
Astragalus_ampullarioides	0
Astragalus_rimarum	0
Astragalus_trigonocarpus	0
Astragalus_oocephalus	0
Astragalus_anemophilus	0.348837
Astragalus_lepsensis	0
Astragalus_eurylobus	0
Astragalus_gruinus	0
Astragalus_huiningensis	0
Astragalus_danicus	0
Astragalus_straussii	0
Astragalus_macrourus	0
Astragalus_pauperiflorus	0
Astragalus_erythrosemius	0
Astragalus_radicans	0
Astragalus_diversifolius	0
Astragalus_pseudomegalomerus	0
Astragalus_berteri	0
Astragalus_tragacantha	0
Astragalus_henryi	0
Astragalus_atropilosulus	5.52174
Astragalus_schanginianus	0
Astragalus_salatavicus	0
Astragalus_melanostachys	0
Astragalus_bicristatus	0
Astragalus_mikrophyton	0
Astragalus_cicer	0
Astragalus_longistipitatus	0
Astragalus_pavlovii	0
Astragalus_paradoxus	0
Astragalus_zacatecanus	0
Astragalus_groetzbachii	0
Astragalus_shatuensis	0
Astragalus_compressus	0
Astragalus_sinuatus	0.05
Astragalus_brauntonii	0.337209
Astragalus_aquilanus	0
Astragalus_sanczirii	0
Astragalus_hymenostegis	0
Astragalus_ovoideus	0
Astragalus_perdurans	0
Astragalus_effusus	0
Astragalus_szovitsii	0
Astragalus_badamensis	0
Astragalus_preussii	0.481481
Astragalus_microphysa	0
Astragalus_saurinus	0
Astragalus_beckerianus	0
Astragalus_rafaelensis	0
Oxytropis_splendens	0.00663717
Astragalus_capillipes	0
Astragalus_macropus	0
Astragalus_francisquitensis	4.29412
Astragalus_dumetorum	0
Astragalus_arthurii	0
Astragalus_moyanoi	11.25
Oxytropis_neglecta	0
Astragalus_quinqueflorus	0
Astragalus_ponticus	0
Astragalus_levieri	0
Oxytropis_yunnanensis	1.86275
Astragalus_trichocarpus	1.41667
Astragalus_consobrinus	0
Astragalus_rostratus	0
Astragalus_serenoi	0.00833333
Astragalus_lycioides	0
Astragalus_jabbor-khailii	0
Astragalus_linifolius	0
Astragalus_arnoldii	0
Astragalus_vanillae	0
Astragalus_coluteocarpus	0
Hedysarum_boreale	0.0664137
Astragalus_buschiorum	0
Astragalus_miyalomontis	0
Astragalus_bachmarensis	0
Astragalus_ellipsoideus	0
Astragalus_stenocystis	0
Astragalus_herbertii	0
Astragalus_chinensis	0
Astragalus_goniatus	0
Astragalus_musiniensis	0.121622
Astragalus_lehmannianus	0
Astragalus_tugarinovii	0
Astragalus_lasiopetalus	0
Astragalus_hancockii	0
Astragalus_arrectus	0
Astragalus_bungeanus	0
Astragalus_frigidus	0
Astragalus_macrotropis	0
Astragalus_siahderrensis	0
Astragalus_sabuletorum	0
Astragalus_lumsdenianus	0
Astragalus_pamirensis	0
Astragalus_longipetiolatus	0
Astragalus_diopogon	0
Astragalus_lindheimeri	0.0430108
Astragalus_clandestinus	19.5
Astragalus_holophyllus	0
Astragalus_persepolitanus	0
Astragalus_pubentissimus	0.0120482
Oxytropis_bicolor	0
Astragalus_arnottianus	1.625
Astragalus_ankylotus	0
Astragalus_platyphyllus	0
Astragalus_riparius	0
Astragalus_hyalolepis	0
Astragalus_kazbeki	0
Astragalus_muliensis	5.09091
Astragalus_orbicularifolius	0
Astragalus_alyssoides	0
Astragalus_baionensis	0
Oxytropis_scammaniana	0
Astragalus_valparadisiensis	20.6667
Oxytropis_poncinsii	0
Astragalus_arequipensis	6.46154
Astragalus_webbianus	0
Astragalus_siliceus	0
Oxytropis_nutans	0
Astragalus_stenanthus	0
Astragalus_grubovii	0
Astragalus_coquimbensis	2.29412
Astragalus_brachycentrus	0
Astragalus_raddei	0
Astragalus_albicaulis	0
Astragalus_nigrolineatus	0
Astragalus_ammodendron	0
Astragalus_strigulosus	0.687117
Astragalus_inopinatus	0
Astragalus_australis	0.0764463
Astragalus_mucronifolius	0
Astragalus_kifonsanicus	0
Astragalus_trachoniticus	0
Astragalus_souliei	5
Astragalus_cracca	50
Astragalus_amblytropis	0
Astragalus_ertterae	0
Astragalus_granitovii	0
Astragalus_juratzkanus	0
Astragalus_megacarpus	0.244444
Astragalus_glabellus	0
Astragalus_testiculatus	0
Astragalus_jaliscensis	10.8333
Astragalus_nuciferus	0
Astragalus_stenolepis	0
Astragalus_hamosus	0.115372
Astragalus_bombycinus	0
Astragalus_vesiculosus	6.625
Astragalus_flavus	0.169054
Astragalus_oihorensis	0
Astragalus_marinus	0
Astragalus_propinquus	0
Astragalus_verrucosus	0
Astragalus_tenellus	0.0415512
Astragalus_columbianus	0
Astragalus_brazoensis	0.378378
Astragalus_chorizanthus	0
Astragalus_amnis-amissi	0
Astragalus_johannis	0
Astragalus_gentryi	5.73684
Astragalus_carmanicus	0
Astragalus_piptocephalus	0
Astragalus_fabrisii	0
Astragalus_oxyodon	0
Astragalus_minthorniae	0
Astragalus_dulungkiangensis	1
Astragalus_humifusus	0
Astragalus_gorczakovskii	0
Astragalus_ammodendroides	0
Astragalus_weberbaueri	20.48
Astragalus_coltonii	0.0479452
Astragalus_tatsienensis	0
Astragalus_rufescens	0
Astragalus_centralis	0
Astragalus_strigosostipulatus	0
Astragalus_glaux	0.324474
Astragalus_guttatus	0
Astragalus_toksunensis	0
Astragalus_leucocladus	0
Astragalus_edulis	0
Astracantha_karabaghensis	0
Astragalus_bifidus	0
Astragalus_ecbatanus	0
Astragalus_nutriosensis	0
Astragalus_demavendicolus	0
Astragalus_cinereus	0
Astragalus_monspessulanus	0.0114296
Astragalus_miniatus	0
Astragalus_hololeucoides	0
Phyllolobium_tribulifolium	0
Astragalus_rubriflorus	0
Astragalus_naftabensis	0
Astragalus_nutans	0
Astragalus_galiifolius	0
Astragalus_susianus	0
Astragalus_siliquosus	0
Astragalus_cryptobotrys	1.05882
Astragalus_oxyphysus	0.0690909
Astragalus_terminalis	0.238095
Astragalus_striatiflorus	0.0333333
Astragalus_xylobasis	0
Astragalus_mattam	0
Astragalus_taipaishanensis	0
Astragalus_plumbeus	0
Astragalus_sabulosus	0
Astragalus_utriger	0
Astragalus_mercklinii	0
Astragalus_ledinghamii	0
Astragalus_punctatus	0
Astragalus_anacardius	0
Astragalus_peduncularis	0.0769231
Astragalus_sparsus	0
Astragalus_bidentatus	0
Astragalus_supinus	0
Astragalus_leptocarpus	0.68595
Astragalus_missouriensis	0.132662
Astragalus_camptodontoides	0
Astragalus_applegatii	0
Astragalus_lyallii	0
Astragalus_brachystachys	0
Astragalus_rupifragus	0
Astragalus_pendulinus	0
Astragalus_leiophyllus	0
Astragalus_cephalanthus	0
Astragalus_sprucei	11.5
Astragalus_kustanaicus	0
Astragalus_drupaceus	0
Astragalus_pinetorum	0
Astragalus_biovulatus	0
Astragalus_exscapus	0
Astragalus_commixtus	0
Astragalus_serpens	0
Smirnowia_turkestana	0
Astragalus_charguschanus	0
Astragalus_baba-alliar	0
Astragalus_noziensis	0
Astragalus_platysematus	0
Astragalus_lipskyi	0
Astragalus_trichanthus	0
Astragalus_ciceroides	0
Astragalus_deminutivus	0
Astragalus_tibetanus	0
Astragalus_solandri	4.7
Astragalus_ebenoides	0
Astragalus_nutzotinensis	0
Astragalus_macronyx	0
Astragalus_troglodytus	0
Astragalus_cottonii	0
Astragalus_malacus	0.118467
Astragalus_polygala	0
Astragalus_lambinonii	0
Astragalus_efoliatus	0
Astragalus_glumaceus	0
Astragalus_heydei	0
Astragalus_equisolensis	0
Astragalus_lasiophyllus	0
Oxytropis_ochotensis	0
Astragalus_cobrensis	0
Astragalus_sulfuratus	0
Astragalus_khaneradarensis	0
Astracantha_cerasocrena	0
Astragalus_ensifer	0
Astragalus_petraeus	0
Astragalus_puberulus	0
Astragalus_curvicaulis	6.88889
Astragalus_chloodes	0
Astragalus_kerkukiensis	0
Astragalus_barbatus	0
Astragalus_alaschanus	0
Astragalus_cavanillesii	0
Astragalus_tupalangi	0
Astragalus_nelidae	0
Astragalus_brevipes	0
Astracantha_cretica	0
Astragalus_armeniacus	0
Oxytropis_nana	0
Astragalus_consanguineus	0
Astragalus_dasyanthus	0
Astragalus_thermensis	0
Astragalus_nivicola	6.45455
Oxytropis_ciliata	0
Astragalus_seidabadensis	0
Astragalus_spegazzinii	0
Astragalus_subrosulariformis	0
Astragalus_somcheticus	0
Astragalus_coluteopsis	0
Astragalus_lasiosemius	0
Astragalus_piutensis	0.116667
Astragalus_gypsodes	0
Astragalus_germaini	19.5
Astragalus_burkartii	4.30769
Astragalus_nigriceps	0
Astragalus_apollineus	0
Astragalus_savellanicus	0
Astragalus_intercedens	0
Astragalus_pseudoadsurgens	0
Astragalus_exasperatus	0
Astragalus_lentiformis	0
Astragalus_acutifolius	0
Astragalus_pseudohypogaeus	0
Astragalus_bodinii	0
Astragalus_anfractuosus	0
Astragalus_cisoxanus	0
Astracantha_stenonychioides	0
Astragalus_brachylobus	0
Astragalus_kuschkensis	0
Astracantha_parnassi	0
Astragalus_obcordatus	6.38028
Astragalus_pectinatus	0.0991379
Astragalus_traskiae	0
Astragalus_gambelianus	0.121827
Astragalus_zerdanus	0
Astragalus_simpsonii	6
Astragalus_jaxarticus	0
Astragalus_wolgensis	0
Astragalus_hyrcanus	0
Astragalus_macrosemius	0
Astragalus_balfourianus	0.0833333
Astragalus_lemmonii	0.255319
Astragalus_malacoides	0
Astragalus_giganteus	0
Astragalus_douglasii	0.0432243
Astragalus_chaidamuensis	0
Astragalus_pardalinus	0.75
Astragalus_rawianus	0
Astragalus_dendroides	0
Astragalus_lucidus	0
Astragalus_vavilovii	0
Astragalus_nephtonensis	0
Astragalus_reduncus	0
Astragalus_cottamii	0
Astragalus_mahoschanicus	0
Astragalus_grayi	0
Astragalus_mesites	19.5
Astragalus_shinanensis	0
Astragalus_djilgensis	0
Astragalus_hirsutus	0
Astracantha_microcephala	0
Astragalus_vaginatus	0
Astragalus_faurei	0
Astragalus_aequalis	0
Astragalus_versicolor	0
Astragalus_atrovinosus	0
Astragalus_glomeratus	0
Oxytropis_sericea	0.087234
Astragalus_bourgaeanus	3.5
Astragalus_deterior	0
Astragalus_naturitensis	0
Astragalus_vulcanicus	0
Astragalus_lanuginosus	0
Astragalus_reinii	0
Astragalus_avicennicus	0
Astragalus_myrianthus	0
Astragalus_cenorrhynchus	0
Astragalus_brevidens	0
Astragalus_schrenkianus	0
Astragalus_rhacodes	0
Astragalus_emarginatus	0
Astragalus_anisacanthus	0
Astragalus_retusifoliatus	0
Astragalus_obscurus	0.0142857
Astragalus_curtipes	0.35443
Astragalus_skythropos	3.21429
Astragalus_imitensis	0
Astragalus_neuquenensis	0
Astragalus_leptus	0
Astragalus_tephrolobus	0
Astragalus_succumbens	0
Astragalus_lyonnetii	2.71429
Astragalus_pakistanicus	0
Astragalus_englerianus	4.53333
Astragalus_pehuenches	0.294118
Astragalus_proximus	0
Astragalus_hemsleyi	0
Astragalus_korovinianus	0
Astragalus_vallaris	0
Astragalus_scleroxylon	0
Astragalus_karelinianus	0
Astragalus_mario-sousae	0
Astragalus_chingoanus	0
Astragalus_nematodes	0
Astragalus_breviscapus	0
Astragalus_weddellianus	0.95
Astragalus_depauperatus	0
Astragalus_dactylocarpus	0
Astragalus_cuscutae	0
Astragalus_crypticus	0
Astragalus_micrancistrus	0
Astragalus_supervisus	0
Astragalus_nidularius	0
Astragalus_takharensis	0
Astragalus_bracteosus	0
Astragalus_pallescens	0
Astragalus_weixinensis	0
Astragalus_orthocarpoides	0
Astragalus_iodopetalus	0
Astragalus_acutirostris	0.184834
Astragalus_darwinianus	0
Astragalus_demavendicus	0
Astragalus_variegatus	0
Astragalus_arganaticus	0
Astragalus_curviflorus	0
Astragalus_lithophilus	0
Astragalus_vessalae	0
Astragalus_stipulatus	3.5
Astragalus_pseudoversicolor	0
Tragacantha_fasciculifolia	0
Astragalus_reventus	0.115385
Astragalus_impexus	0
Astragalus_magdalenae	0.488372
Astragalus_crotalariae	0.303514
Astragalus_dilutus	0
Astragalus_gombo	0
Astragalus_physodes	0
Astragalus_oxyphysopsis	0
Astragalus_armatus	5.09375
Astragalus_scaberrimus	0.107843
Astragalus_sparsiflorus	0
Astragalus_tolucanus	0
Astragalus_scopulorum	0.117978
Astragalus_cornutus	0
Astragalus_californicus	0
Astragalus_karakugensis	0
Astragalus_lentiginosus	0.138219
Astragalus_ibrahimianus	0
Astragalus_aschuturi	0
Astragalus_edmondstonei	0
Astragalus_lupulinus	0
Astragalus_lamondiae	0
Astragalus_nudisiliquus	0
Astragalus_aduncus	0
Astragalus_newberryi	0.0507519
Astragalus_termeanus	0
Astragalus_endytanthus	0
Astragalus_incanus	0.0403173
Astragalus_kolymensis	0
Astragalus_degensis	0.142857
Astragalus_sanguinolentus	0
Astragalus_filiformis	0
Oxytropis_lambertii	0.0848485
Astragalus_retamocarpus	0
Astragalus_scabrisetus	0
Astragalus_oncotrichus	0
Astragalus_scoparius	0
Astragalus_gracilipes	0
Astragalus_hispanicus	0
Astragalus_olchonensis	0
Astragalus_abnormalis	0
Astragalus_chamaeleuce	0.133758
Astragalus_plagiophacos	0
Astragalus_carduchorum	0
Astragalus_lalesarensis	0
Astragalus_physocarpus	0
Astragalus_wittmannii	0
Astragalus_asplundii	0
Astragalus_flexuosus	0.0909091
Astragalus_eriostomus	0
Astragalus_nothoxys	0.253333
Astragalus_aleppicus	0
Astragalus_villosus	5.9697
Clianthus_puniceus	15.1026
Astragalus_pauper	0
Astragalus_valerianensis	7.5
Astragalus_globiceps	0
Astragalus_neurophyllus	0
Astragalus_oxyrhynchus	0
Astragalus_molybdenus	0.5
Astragalus_aspindzicus	0
Astragalus_piletocladus	0
Astragalus_beckii	0
Eremosparton_flaccidum	0
Astragalus_tenuifolius	0
Astragalus_nyensis	0.909091
Astragalus_montigenus	0
Astragalus_tener	0.189873
Astragalus_yangtzeanus	0
Astragalus_pseudoutriger	0
Astragalus_tribulifolius	0
Astragalus_helleri	1.96429
Astragalus_speciosus	0
Astragalus_angustiflorus	0
Astragalus_kuramensis	0
Astragalus_tephrosioides	0
Oxytropis_recognita	0
Astragalus_taschkendicus	0
Astragalus_microcymbus	0
Astragalus_dahuricus	0
Astragalus_porrectus	0
Astragalus_stenoceras	0
Astragalus_erubescens	0
Astragalus_sphaerocystis	0
Astragalus_tyghensis	0
Astragalus_alpinus	0.0221758
Astracantha_granatensis	0.132948
Swainsona_formosa	0.17175
Astragalus_littoralis	0
Astragalus_caraganae	0
Astragalus_arbelicus	0
Astragalus_castetteri	0
Astragalus_albens	0
Astragalus_humilis	0
Astragalus_sieberi	0
Astragalus_rahensis	0
Astragalus_contortuplicatus	0
Astragalus_saccatus	0
Astragalus_carminis	0
Astragalus_xipholobus	0
Astragalus_shortianus	0.282407
Astragalus_bernardinus	0
Astragalus_cyclophyllon	0
Astragalus_concretus	0.9375
Astragalus_craibianus	4.14286
Astragalus_norvegicus	0
Astragalus_funereus	0
Astragalus_falciformis	3.85714
Astragalus_glycyphyllos	0.00303145
Astragalus_leansanicus	0
Astragalus_inversus	0.229167
Astragalus_bounophilus	0
Astragalus_gudrunensis	0
Astragalus_hamrinensis	0
Astragalus_macrocephalus	0
Astragalus_leptaleus	0.0163934
Astragalus_davidii	10.375
Astragalus_maurorum	4.8
Astragalus_strictilobus	0
Astragalus_podlechii	0
Astragalus_peregrinus	0
Astragalus_idrietorum	0
Astragalus_hoantchy	0
Astragalus_maritimus	19.5
Astragalus_pictiformis	0
Astragalus_rhizanthus	0
Astragalus_titanophilus	0
Astragalus_borraginaceus	0
Astragalus_nudus	0
Astragalus_berterianus	0
Astragalus_casei	0.0251572
Oxytropis_ochrocephala	0.218182
Astragalus_semilunatus	0
Astragalus_glaucus	0
Astragalus_managildensis	0
Astragalus_wagneri	0
Astragalus_tigridis	0
Astragalus_mollissimus	0.360947
Oxytropis_mollis	0
Astragalus_fuliginosus	0
Astracantha_plumosa	0
Astragalus_vexillaris	0
Astragalus_andersonii	0.19802
Astragalus_tulinovii	0
Astragalus_scalaris	0
Astragalus_golmuensis	0
Astragalus_ufraensis	0
Astragalus_lonchocarpus	0.101744
Astragalus_majevskianus	0
Astragalus_handelii	0
Oxytropis_vassilczenkoi	0
Astragalus_alaicus	0
Astragalus_ugamicus	0
Oxytropis_hirta	0
Astragalus_marianus	0
Astragalus_cottonianus	0
Astragalus_xanthotrichus	0
Astragalus_minimus	20
Astragalus_pulsiferae	0.138889
Astragalus_bonariensis	0
Astragalus_pseudochlorostachys	0
Astragalus_melanochiton	0
Astragalus_uliginosus	0
Astragalus_adsurgens	0.0549618
Astragalus_reflexistipulus	0
Astragalus_wilmottianus	0
Astragalus_nobilis	0
Astragalus_moellendorffii	0
Astragalus_charadzeae	0
Astragalus_villosissimus	0
Astragalus_humillimus	0
Astragalus_oplites	0
Astragalus_clarianus	0
Astragalus_tioides	0
Astragalus_spartioides	0
Astragalus_densiflorus	0
Astragalus_tarumensis	0
Astragalus_brachypus	0
Astragalus_prilipkoanus	0
Astragalus_hidalgensis	0
Astragalus_catabostrychos	0
Astragalus_turolensis	0
Oxytropis_aciphylla	0
Astragalus_monbeigii	0.12963
Oxytropis_koyukukensis	0
Astragalus_piscator	0.454545
Astragalus_askius	0
Oxytropis_talassica	0
Astragalus_semicircularis	0
Astragalus_darii	0
Oxytropis_melanocalyx	0
Astragalus_potosinus	7.57143
Astragalus_osterhoutii	0
Astragalus_tephrodes	0.0591133
Astragalus_sirinicus	0
Astragalus_ceratoides	0
Astragalus_aquilonius	0
Oxytropis_lapponica	0
Astragalus_chiwensis	0
Astragalus_anisus	0
Astragalus_galactites	0
Astracantha_deinacantha	0
Oxytropis_viscida	0.226519
Astragalus_glaucacanthos	0
Astragalus_curvipes	0
Astragalus_comosus	0
Astragalus_wenquanensis	19
Astragalus_porphyrocalyx	0
Astragalus_sachalinensis	0
Astragalus_tegetarioides	0
Astragalus_micranthus	1.39695
Astragalus_punae	0
Astragalus_tungensis	3.75
Astragalus_onobrychis	0
Astragalus_aridus	0.182482
Astragalus_toanus	0.0405405
Astragalus_terrestris	0
Astragalus_capito	0
Oxytropis_eriocarpa	0
Astragalus_severzovii	0
Astragalus_venturii	0
Astragalus_albertoregelia	0
Astragalus_hallii	0.18617
Astragalus_latiunguiculatus	8.25
Astragalus_xanthomeloides	0
Astragalus_brevialatus	0
Astragalus_taubertianus	0
Astragalus_amarus	0
Astragalus_nurensis	0
Astragalus_sarbasnensis	0
Astragalus_vegetus	0
Oxytropis_grandiflora	0
Astragalus_hirtus	0
Astragalus_austroaegaeus	0
Oxytropis_taochensis	0
Oxytropis_riparia	0.409091
Astragalus_minutulus	0
Astragalus_pycnostachyus	0.292683
Astragalus_dipelta	0
Oxytropis_kobukensis	0
Oxytropis_squammulosa	0
Astragalus_legionensis	0
Astragalus_kerrii	0
Astragalus_cerasinus	0
Astragalus_pseudocytisoides	0
Astragalus_complanatus	0
Astragalus_dombeyi	0
Astragalus_taiyuanensis	0
Astragalus_argyroides	0
Astragalus_straturensis	0
Astragalus_pachypus	0.109375
Astragalus_vallicola	0
Astragalus_reichei	0
Astragalus_breweri	0.168317
Astragalus_anisomerus	0
Astragalus_chardinii	0
Astragalus_porphyrophysa	0
Astragalus_macrostachys	0
Astragalus_pachyrhizus	0
Astragalus_tawilicus	0
Astragalus_grammocalyx	0
Astragalus_bossuensis	0
Astragalus_tidestromii	0.421053
Astragalus_paucijugus	0
Astragalus_hornii	0.232143
Astragalus_rawlinsianus	0
Astragalus_ensiformis	0
Astragalus_pseudofragiferus	0
Astragalus_hypoxylus	0
Astragalus_williamsii	0
Astragalus_adzharicus	0
Astragalus_angustifolius	0
Astragalus_temirensis	0
Astragalus_tiehmii	0
Astragalus_oligophyllus	0
Astragalus_nelsonianus	0
Astragalus_bazmanicus	0
Astragalus_spinosus	0
Astragalus_leibergii	0
Astragalus_sericeocanus	0
Astragalus_goktschaicus	0
Astragalus_monoensis	0.243902
Astragalus_peruvianus	7.51724
Astragalus_dschangartensis	0
Astragalus_xiphoides	0
Astragalus_ishkamishensis	0
Astragalus_cerussatus	0.310345
Astragalus_laguriformis	0
Astragalus_palmeri	0.179567
Astragalus_hohenackeri	0
Astragalus_brandegei	0
Astragalus_falcatus	0
Astragalus_sommieri	0
Astragalus_rytilobus	0
Astragalus_flexicaulis	0
Astragalus_erwinii-gaubae	0
Astragalus_macrodon	0.195122
Astragalus_kuschakewiczi	0
Astragalus_kermanschahensis	0
Astragalus_corrugatus	0
Astragalus_reflexus	0.25
Astragalus_schistocalyx	0
Astragalus_pissisi	19.5
Astragalus_leucocephalus	1.16
Astragalus_polyacanthus	0
Astragalus_amatus	6.53846
Astragalus_insularis	0.106122
Astragalus_submitis	0
Astragalus_annularis	0.20202
Astragalus_uncialis	0
Astragalus_boelckei	0
Astragalus_stewartii	1.69231
Oxytropis_oxyphylloides	0
Astragalus_lasioglottis	0
Astragalus_jessenii	0
Astragalus_jodotropis	0
Astragalus_hoffmeisteri	0
Astragalus_captiosus	0
Astragalus_rigidulus	17.75
Astragalus_eupeplus	0
Astragalus_onobrychioides	0
Astragalus_matiensis	0
Astragalus_werdermannii	0
Astragalus_atratus	0
Astragalus_cruckshanksii	0.975
Astragalus_laceratus	0
Astragalus_megricus	0
Astragalus_tashqurghanicus	0
Astragalus_ackerbergensis	0
Astragalus_collinus	0
Astragalus_suffruticosus	0
Astragalus_campylanthus	0
Astragalus_tweedyi	0.666667
Astragalus_tetrapterus	0.0208333
Astragalus_frickii	0
Astragalus_chlorodontus	0
Astragalus_ulothrix	0
Astragalus_wootonii	0.263158
Oxytropis_aucheri	0
Astragalus_chalaranthus	0
Astragalus_cuneifolius	0
Oxytropis_multiceps	0.0172414
Astragalus_iljinii	0
Astragalus_pelecinus	0.201413
Astragalus_prattii	3.77778
Astragalus_stevenianus	0.354167
Astragalus_bashmensis	0
Astragalus_callithrix	0
Astragalus_asclepiadoides	0.324324
Astragalus_longilobus	0
Astragalus_musimonum	0
Astragalus_oxypterus	0
Astragalus_floridulus	2.7931
Astragalus_taochius	0
Oxytropis_ochroleuca	0
Astragalus_kahiricus	0
Astragalus_tataricus	0
Astragalus_paralipomenus	0
Astragalus_chlorostachys	0.903226
Astragalus_bowes-lyonii	0
Astragalus_trimestris	0
Astragalus_concinnus	19.5
Astragalus_flavocreatus	0
Astragalus_gilensis	0.0819672
Astragalus_austriacus	0
Oxytropis_parryi	0.0373832
Astragalus_beckwithii	0.0221675
Astragalus_schizotropis	0
Astragalus_amherstianus	0.2
Astragalus_dolichophyllus	0
Astragalus_glycyphylloides	0
Astragalus_mokiacensis	0
Astragalus_kashmirensis	0
Astragalus_crenatus	0
Astragalus_suprapilosus	0
Astragalus_ishigensis	0
Astragalus_ervoides	5.92208
Astragalus_ripleyi	0.727273
Astragalus_saxorum	0
Astragalus_garbancillo	9.83333
Astragalus_anserinifolius	0
Astragalus_titovii	0
Astragalus_dekazygus	0
Astragalus_quinquejugus	0
Astragalus_follicularis	0
Astragalus_parodii	0
Astragalus_ochrochlorus	0
Astragalus_zayuensis	7
Astragalus_brackenridgei	0
Astragalus_baitagensis	0
Astragalus_arenarius	0.0725
Astragalus_subsecundus	0
Oxytropis_arctica	0.013468
Astragalus_alexandrii	0
Wisteria_sinensis	3.10575
Astragalus_chuskanus	0
Astragalus_sclerocarpus	0.0818182
Astragalus_poliotrichus	0
Astragalus_pullus	6.45455
Astragalus_algerianus	0.509091
Astragalus_paysonii	0
Astragalus_pseudotesticulatus	0
Astragalus_bustillosii	1.25806
Astragalus_pushtashanicus	0
Astragalus_fragrans	0
Astragalus_sulcatus	0
Astragalus_gilmanii	0
Astragalus_scorpiurus	0
Astragalus_thomsonii	0
Astragalus_meiliensis	0
Astragalus_alamliensis	0
Astragalus_submaculatus	0
Astragalus_subuliformis	0
Astragalus_ionae	0
Astragalus_fuhsii	0
Oxytropis_williamsii	0
Astragalus_stapfii	0
Astragalus_rosae	0
Astragalus_schelichowii	0
Astragalus_remotijugus	0
Astragalus_scheremetevianus	0
Colutea_abyssinica	13.7222
Astragalus_pauranthus	0
Astragalus_wardii	0.131579
Oxytropis_qinghaiensis	0
Astragalus_junatovii	0
Astragalus_horridus	0
Astragalus_urmiensis	0
Astragalus_mareoticus	0
Astragalus_eastwoodiae	0.289474
Astragalus_beathii	0
Astragalus_cusickii	0.0943396
Astragalus_sciureus	0
Astragalus_nitens	0
Astragalus_rhizocephalus	0
Astragalus_verus	0
Astragalus_aeluropus	0
Astragalus_austiniae	0
Astragalus_albertii	0
Astragalus_zionis	0.192308
Astragalus_convallarius	0.0854093
Astragalus_archibaldii	0
Astragalus_forrestii	0
Oxytropis_maydelliana	0.00623701
Astragalus_chrysopterus	0
Astragalus_strictus	0
Astragalus_kronenburgii	0
Astragalus_palibinii	0
Astragalus_altaicola	0
Astragalus_podolobus	0
Astragalus_daenaensis	0
Astragalus_vagus	19.5
Astragalus_campylorhynchus	0
Astragalus_beatleyae	0
Astragalus_austroargentinus	0
Astragalus_ravenii	1.42857
Astragalus_bourgovii	0.0629371
Astragalus_camptoceras	0
Astragalus_fialae	0
Astragalus_schimperi	0
Astragalus_altimurensis	0
Astragalus_hololeios	0
Astragalus_sungpanensis	0
Oxytropis_savellanica	0
Astragalus_harpocarpus	0
Astragalus_megalocystis	0
Astragalus_schugnanicus	0
Astragalus_bakuensis	0
Astragalus_mailiensis	0
Astragalus_leptophysus	0
Astragalus_pterocarpus	0
Astragalus_ordubadensis	0
Astragalus_sogdianus	0
Astragalus_tanaiticus	0
Astragalus_campylosema	0
Astragalus_roseus	0
Astragalus_heterodontus	0
Astragalus_robustus	0
Astragalus_pulcher	0
Astragalus_popovii	0
Astragalus_michauxii	0
Astragalus_floridus	1.46875
Astragalus_oreganus	0
Astragalus_sterilis	0
Astragalus_nigricalycis	0
Astragalus_drabelliformis	0
Astragalus_parvicarinatus	0
Astragalus_inflexus	0.0892857
Astragalus_alatavicus	0
Astragalus_subcinereus	0
Astragalus_looseri	0
Astragalus_freitagii	0
Astragalus_drummondii	0.206349
Astragalus_ochroleucus	19.5
Astragalus_trigonus	0
Astragalus_orcuttianus	0
Astragalus_diaphanus	0
Astragalus_vicarius	0
Astragalus_tricarinatus	0
Astragalus_mackewiczii	0
Astragalus_levitubus	0
Astragalus_guatemalensis	7.6121
Astragalus_irinaea	0
Astragalus_alopecurus	0
Astragalus_brahuicus	0
Astragalus_himalayanus	1
Astragalus_clusii	0
Astragalus_hartwegii	4.32394
Astragalus_longipetalus	0
Astragalus_harbisonii	0
Astragalus_rhodosemius	0
Astracantha_bethlehemitica	0
Astragalus_microcystis	0
Astragalus_fangensis	0
Astragalus_sangonensis	0
Astragalus_moencoppensis	0.0471698
Astragalus_arguricus	0
Astragalus_ajfreidii	0
Astragalus_ruscifolius	0
Astragalus_masenderanus	0
Astragalus_hintonii	0
Oxytropis_campanulata	0
Astragalus_oxyglottis	0
Astragalus_aqrabatensis	0
Astragalus_aloisii	0
Astragalus_sepultipes	0
Oxytropis_lagopus	0.118774
Astragalus_griffithii	0
Astragalus_angustatus	0
Astragalus_pseudonobilis	0
Astragalus_recognitus	0
Astragalus_chionanthus	0
Astragalus_murinus	0
Astragalus_sachanewii	0
Astragalus_franziskae	0
Astragalus_saxifractor	0
Astragalus_harpilobus	0
Astragalus_darumbium	15.2857
Astragalus_stocksii	0
Astragalus_chubutensis	6.71429
Astragalus_sikokianus	0
Astragalus_macrobotrys	0
Astragalus_crassicarpus	0.143777
Astragalus_microdontus	0
Astragalus_riouxii	0
Astragalus_graecus	0
Astragalus_mossulensis	0
Astragalus_camelorum	0
Lessertia_capitata	0
Astragalus_geminiflorus	7.18519
Astragalus_austinae	0
Astragalus_multijugus	0
Astragalus_algarbiensis	3.25
Astragalus_acaulis	6.325
Astragalus_brevifolius	0
Astragalus_macropelmatus	0
Astragalus_aucheri	0
Astragalus_muelleri	0
Astragalus_tschujensis	0
Astragalus_sinaicus	1.30909
Astragalus_sphaeranthus	0
Astragalus_argentinus	0
Astragalus_falcigerus	0
Astragalus_turbinatus	0
Astragalus_fragiferus	0
Astragalus_tabrisianus	0
Astragalus_bolanderi	0.150685
Astragalus_asper	0
Astragalus_monadelphus	5.2
Astragalus_chiukiangensis	0.5
Astragalus_cibarius	0.0697674
Astragalus_buchtormensis	0
Astragalus_macrotrichus	0
Astragalus_umbellatus	0.00635593
Astragalus_canoflavus	0
Astragalus_sempervirens	0
Astragalus_spruneri	0
Astragalus_rubrolineatus	0
Astragalus_pomonensis	0.15625
Astragalus_baissunensis	0
Oxytropis_ochrantha	0
Astragalus_complicatus	0
Astragalus_anxius	0
Astragalus_anni-novi	0
Astragalus_pueblae	0
Astragalus_polaris	0
Astragalus_shiroumensis	0
Astragalus_citrinus	0
Astragalus_neocarpus	0
Astragalus_tanguticus	0
Astragalus_cancellatus	0
Astragalus_orbiculatus	0
Astragalus_ajubensis	0
Astragalus_duchesnensis	0
Astragalus_eremophilus	0
Astragalus_epiglottis	1.09927
Astragalus_jejunus	0.057971
Astragalus_kavirensis	0
Astragalus_fenzelianus	0.115385
Astragalus_stella	0.059792
Astragalus_fabaceus	0
Astragalus_maxwellii	0
Astragalus_parwanicus	0
Oxytropis_macrocarpa	0
Astragalus_tortipes	0
Astragalus_pringlei	0
Astragalus_pellitus	0
Astragalus_depressus	0
Astragalus_kaghysmani	0
Astragalus_griseus	0
Astragalus_americanus	0
Astragalus_sinaloae	19.8889
Astragalus_alopecias	0
Astragalus_bergii	1.08333
Astragalus_smithianus	0
Astragalus_secundus	0
Oxytropis_falcata	0
Astragalus_calycinus	0
Astragalus_platytropis	0.0273973
Astragalus_connectens	0
Astragalus_detritalis	0.169811
Astragalus_infestus	0
Astragalus_phoenix	0
Astragalus_melilotoides	0
Astragalus_mendocinus	0
Astragalus_nummularius	0
Astragalus_sahendi	0
Astragalus_bryantii	0
Astragalus_sanctorum	0
Astragalus_lilacinus	0
Astragalus_zagrosicus	0
Astragalus_laccoliticus	0
Oxytropis_microphylla	0
Astragalus_rusbyi	0
Astragalus_havianus	0
Astragalus_jaegerianus	0
Astragalus_maroccanus	0
Astragalus_agnicidus	0
Astragalus_sabulonum	0.787037
Oxytropis_pauciflora	0.513274
Astragalus_incertus	0
Astragalus_wingatanus	0.321053
Astragalus_robbinsii	0.0716511
Astragalus_dodtii	0
Astragalus_discolor	0
Astragalus_habamontis	0
Astragalus_mongholicus	0.0735294
Astragalus_pseudocyclophyllus	0
Astragalus_desereticus	0
Astragalus_dependens	0
Astragalus_castaneiformis	0.112903
Astragalus_rytidocarpus	0
Oxytropis_mertensiana	0
Astragalus_saganlugensis	0
Astragalus_fridae	0
Astragalus_caeruleopetalinus	0
Tragacantha_densifolia	0
Oxytropis_kansuensis	0.553191
Astragalus_parryi	0.228188
Oxytropis_adamsiana	0
Astragalus_iodanthus	0
Astragalus_argutensis	0
Astragalus_freynii	0
Astragalus_hemiphaca	0
Astragalus_subarcuatus	0
Astragalus_gebleri	0
Astragalus_mohavensis	0.0793651
Astragalus_subverticillatus	0
Astragalus_ackermanii	0
Astragalus_dignus	0
Astragalus_heptapotamicus	0
Astragalus_alpamarcae	0
Astragalus_laspurensis	0
Astragalus_sericophyllus	0
Astragalus_satoi	0
Astragalus_camptopus	0
Astragalus_przewalskii	0.142857
Astragalus_pseudoindurascens	0
Astragalus_carinatus	0
Astragalus_manucehrii	0
Astragalus_latifolius	0
Astragalus_dzebrailicus	0
Astragalus_reuterianus	0
Astracantha_pterocephala	0
Astragalus_woodruffii	1.78125
Astragalus_icmadophilus	0
Astragalus_maireanus	0
Astragalus_calamistratus	0
Astracantha_oleifolia	0
Astragalus_circumdatus	0
Astragalus_waterfallii	0
Astragalus_tamiricus	0
Astragalus_fastidius	0.194805
Astragalus_xanthoxiphidiopsis	0
Astragalus_cochabambensis	16
Astragalus_ammotrophus	0
Astragalus_tolmaczevii	0
Astragalus_pseudomultijugus	0
Astragalus_rosellus	0
Astragalus_cysticalyx	0
Astragalus_sophoroides	0
Astragalus_emoryanus	0
Astragalus_hamiltonii	0
Astragalus_subvestitus	0
Astragalus_elymaiticus	0
Astragalus_mulfordiae	0
Oxytropis_besseyi	0.156489
Astragalus_bibullatus	0
Astragalus_demetrii	0
Astragalus_akkensis	0
Astragalus_veresczaginii	0
Astragalus_varus	0
Oxytropis_campestris	0.0169592
Astragalus_schahrudensis	0
Astragalus_melanocalyx	0
Astragalus_pauperculus	0.0126582
Astragalus_perianus	0.138889
Astragalus_adulterinus	0
Astragalus_asterias	0
Astragalus_hauarensis	0
Astragalus_chomutowii	0
Oxytropis_nigrescens	0.0238663
Astragalus_eugenii	0
Astracantha_caucasica	0
Astragalus_jodostachys	0
Astragalus_colhuensis	0
Astragalus_vereskensis	0
Astragalus_cyri	0
Astragalus_pseudobrachystachys	0
Astragalus_bakaliensis	0
Astragalus_longissimus	1.54167
Astragalus_jesdianus	0
Onobrychis_conferta	0
Astragalus_jagnobicus	0
Astragalus_nuttallii	0.628141
Astragalus_shagalensis	0
Astragalus_persicus	0
Astragalus_ferganensis	0
Astragalus_stipitatus	0
Astragalus_lorinserianus	0
Astragalus_terracianoi	0
Astragalus_reticulatus	0
Astragalus_luxurians	0
Astragalus_allochrous	0.00409836
Astragalus_utahensis	0.337979
Astragalus_kirpicznikovii	0
Astragalus_triradiatus	0
Astragalus_shultziorum	0
Astragalus_kialensis	5.07143
Astragalus_kaufmannii	0
Astragalus_johannis-howellii	0
Astragalus_sanandajianus	0
Astragalus_piscinus	0
