species,soil
Astragalus_neolipskyanus,cambisols
Astragalus_penduliflorus,cambisols
Astragalus_cryptanthus,leptosols
Astragalus_kabadianus,calcisols
Oxytropis_exserta,andosols
Astragalus_peckii,kastanozems
Astragalus_paposanus,leptosols
Astragalus_ceramicus,calcisols
Astragalus_ernestii,luvisols
Astragalus_lagopoides,cambisols
Astragalus_umbraticus,cambisols
Astragalus_mirabilis,leptosols
Astragalus_aksuensis,cambisols
Astragalus_uraniolimneus,cambisols
Astracantha_denudata,cambisols
Astragalus_howellii,kastanozems
Astragalus_thurberi,calcisols
Astragalus_substipitatus,calcisols
Astragalus_subumbellatus,calcisols
Astragalus_diphacus,leptosols
Astragalus_ammodytes,albeluvisols
Astragalus_xiphidium,cambisols
Oxytropis_tianschanica,cryosols
Astragalus_caprinus,leptosols
Astragalus_canadensis,luvisols
Astragalus_verticillatus,andosols
Astragalus_asymmetricus,kastanozems
Astragalus_anserinus,calcisols
Astragalus_eurekensis,kastanozems
Astragalus_conspicuus,calcisols
Astragalus_eremiticus,kastanozems
Astragalus_stalinskyi,cambisols
Astragalus_cimae,luvisols
Astragalus_tortuosus,calcisols
Astragalus_eucosmus,cambisols
Astragalus_reventiformis,kastanozems
Astragalus_campylotrichus,regosols
Astragalus_spatulatus,kastanozems
Astragalus_holmgreniorum,luvisols
Astragalus_graveolens,cambisols
Oxytropis_jordalii,cambisols
Astragalus_iselyi,calcisols
Astragalus_odoratus,cambisols
Astragalus_harrisonii,calcisols
Astragalus_misellus,kastanozems
Astragalus_sesquiflorus,calcisols
Oxytropis_albana,cambisols
Astragalus_triflorus,leptosols
Astragalus_boeticus,luvisols
Astragalus_goldmanii,regosols
Astragalus_vulpinus,kastanozems
Astragalus_macropterus,cambisols
Astragalus_diminutivus,cambisols
Astragalus_uniflorus,cambisols
Astragalus_cognatus,kastanozems
Astragalus_miser,chernozems
Astragalus_salmonis,kastanozems
Astragalus_schmalhausenii,calcisols
Astragalus_monanthemus,regosols
Oxytropis_oreophila,chernozems
Astragalus_leucolobus,kastanozems
Astragalus_megalanthus,chernozems
Astragalus_ornithopodioides,cambisols
Astragalus_desperatus,calcisols
Astragalus_sinicus,cambisols
Astragalus_psilocentros,cambisols
Astragalus_atropubescens,kastanozems
Astragalus_vaccarum,regosols
Astragalus_sesamoides,calcisols
Astragalus_adanus,kastanozems
Astragalus_distortus,luvisols
Astragalus_calliphysa,regosols
Astragalus_galegiformis,cambisols
Astragalus_layneae,calcisols
Astragalus_racemosus,kastanozems
Astragalus_limnocharis,chernozems
Astragalus_egglestonii,luvisols
Astragalus_cremnophylax,calcisols
Astragalus_lancearius,calcisols
Astragalus_debequaeus,calcisols
Astragalus_callistachys,regosols
Astragalus_puniceus,kastanozems
Astragalus_parvus,calcisols
Astragalus_solitarius,cambisols
Astragalus_speirocarpus,kastanozems
Oxytropis_czukotica,cryosols
Astragalus_brachycarpus,cambisols
Astragalus_monticola,regosols
Astragalus_soxmaniorum,luvisols
Astragalus_welshii,chernozems
Astragalus_scaphoides,kastanozems
Astragalus_bellus,regosols
Astragalus_alvordensis,cambisols
Astracantha_diphtherites,regosols
Astragalus_eriocarpus,cambisols
Astragalus_bisulcatus,kastanozems
Astragalus_vesicarius,cambisols
Astragalus_megalomerus,cambisols
Astragalus_amphioxys,calcisols
Astragalus_trichopodus,luvisols
Astragalus_loanus,kastanozems
Astragalus_unifoliolatus,cambisols
Astragalus_micromerius,cambisols
Astragalus_spinescens,calcisols
Oxytropis_jonesii,calcisols
Astragalus_plattensis,kastanozems
Astragalus_adpressipilosus,cambisols
Oxytropis_immersa,cambisols
Astragalus_remotiflorus,regosols
Astragalus_crymophilus,cambisols
Astragalus_illinii,regosols
Astragalus_kentrophyta,cambisols
Astragalus_chamaemeniscus,cambisols
Astragalus_palenae,regosols
Astragalus_fedtschenkoanus,kastanozems
Astragalus_limariensis,
Astragalus_cyaneus,luvisols
Astragalus_pinonis,kastanozems
Astragalus_suberosus,luvisols
Astragalus_laguroides,kastanozems
Astragalus_rattanii,luvisols
Astragalus_fraxinifolius,cambisols
Astragalus_humistratus,luvisols
Astragalus_vogelii,leptosols
Astragalus_wrightii,luvisols
Astragalus_zingeri,chernozems
Astragalus_pennellianus,luvisols
Astragalus_toquimanus,kastanozems
Astragalus_confertus,leptosols
Astragalus_fruticosus,cambisols
Astragalus_medius,chernozems
Carmichaelia_violacea,cambisols
Astragalus_argophyllus,chernozems
Astragalus_dianthus,regosols
Oxytropis_humifusa,cryosols
Oxytropis_pilosa,cambisols
Astragalus_hispidulus,solonchaks
Astragalus_wetherillii,calcisols
Astragalus_mucidus,cambisols
Astragalus_remotus,luvisols
Astragalus_calycosus,kastanozems
Astragalus_congdonii,luvisols
Astragalus_agrestis,chernozems
Oxytropis_obnapiformis,kastanozems
Astragalus_chrysostachys,regosols
Astragalus_hoodianus,cambisols
Astragalus_aegobromus,leptosols
Sutherlandia_microphylla,luvisols
Astragalus_hypoglottis,cambisols
Astragalus_coccineus,luvisols
Astragalus_cronquistii,calcisols
Astragalus_tribuloides,solonchaks
Astragalus_shevockii,kastanozems
Astragalus_austrosibiricus,cambisols
Oxytropis_racemosa,calcisols
Astragalus_varius,chernozems
Astragalus_didymocarpus,luvisols
Astragalus_simplicifolius,cambisols
Astragalus_agameticus,calcisols
Astragalus_cymboides,calcisols
Astragalus_monumentalis,calcisols
Astragalus_zanskarensis,chernozems
Astragalus_peterfii,chernozems
Astragalus_kirrindicus,cambisols
Astragalus_macropodium,cambisols
Astragalus_georgii,regosols
Astragalus_oniciformis,kastanozems
Astragalus_fucatus,calcisols
Astracantha_gummifera,cambisols
Astragalus_pusillus,cambisols
Astragalus_spaldingii,kastanozems
Astragalus_daleae,luvisols
Astragalus_turczaninowii,solonetz
Erophaca_baetica,luvisols
Sphaerophysa_salsula,cambisols
Astragalus_maximowiczii,regosols
Astragalus_arizonicus,luvisols
Astracantha_aurea,chernozems
Astragalus_cretaceus,regosols
Astragalus_tongolensis,leptosols
Astragalus_ornithorrhynchus,chernozems
Astragalus_accidens,luvisols
Astragalus_hypoleucus,leptosols
Astragalus_inyoensis,kastanozems
Astragalus_lotiflorus,kastanozems
Oxytropis_chionobia,cryosols
Astragalus_sesameus,cambisols
Astragalus_moranii,regosols
Astragalus_scutaneus,vertisols
Astragalus_leontinus,cambisols
Astragalus_tricholobus,calcisols
Astragalus_webberi,luvisols
Astragalus_sumbari,regosols
Astragalus_oocalycis,kastanozems
Astragalus_filicaulis,regosols
Astragalus_caricinus,cambisols
Astragalus_laxmannii,kastanozems
Astragalus_sevangensis,cambisols
Astragalus_curvicarpus,kastanozems
Astragalus_nivalis,cryosols
Astragalus_neglectus,luvisols
Astragalus_nuttallianus,luvisols
Astragalus_clevelandii,luvisols
Astragalus_recurvus,luvisols
Astragalus_hajastanus,cambisols
Astragalus_varzobicus,cambisols
Astracantha_strobilifera,calcisols
Astragalus_leptocaulis,kastanozems
Astragalus_munroi,leptosols
Astragalus_echinops,calcisols
Astragalus_knightii,calcisols
Astragalus_bornmuellerianus,cambisols
Astragalus_laetus,calcisols
Astragalus_micranthellus,cambisols
Astragalus_tarijensis,cambisols
Astragalus_ampullarius,luvisols
Astragalus_chilienshanensis,leptosols
Astragalus_miguelensis,calcisols
Astragalus_psilacanthus,calcisols
Astragalus_episcopus,calcisols
Astragalus_prorifer,regosols
Astragalus_froedinii,regosols
Astragalus_richii,cambisols
Astragalus_purshii,kastanozems
Astragalus_geniculatus,calcisols
Astragalus_filipes,kastanozems
Oxytropis_jacquinii,cambisols
Astragalus_oophorus,kastanozems
Astragalus_altus,luvisols
Astragalus_squarrosus,regosols
Astragalus_kudrjaschovii,regosols
Astragalus_neomexicanus,luvisols
Astragalus_lutosus,calcisols
Astragalus_conjunctus,kastanozems
Astragalus_coahuilae,calcisols
Astragalus_teheranicus,calcisols
Astragalus_eriopodus,regosols
Astragalus_chamissonis,leptosols
Astragalus_geyeri,cambisols
Astragalus_curvirostris,calcisols
Astragalus_yoder-williamsii,kastanozems
Astragalus_oocarpus,luvisols
Astragalus_sanctae-crucis,cambisols
Astragalus_panamintensis,calcisols
Astragalus_praelongus,calcisols
Astragalus_dictyolobus,regosols
Astragalus_vexilliflexus,cambisols
Astragalus_falconeri,cambisols
Astragalus_feensis,luvisols
Astragalus_gracilis,kastanozems
Astragalus_sanguineus,leptosols
Astragalus_sheldonii,kastanozems
Astragalus_albulus,cambisols
Oxytropis_strobilacea,cambisols
Astragalus_minutissimus,cambisols
Astragalus_anemophilus,regosols
Astragalus_lepsensis,chernozems
Astragalus_eurylobus,cambisols
Astragalus_gruinus,regosols
Astragalus_danicus,cambisols
Astragalus_erythrosemius,cambisols
Astragalus_diversifolius,chernozems
Astragalus_pseudomegalomerus,calcisols
Astragalus_berteri,cambisols
Astragalus_atropilosulus,luvisols
Astragalus_schanginianus,cambisols
Astragalus_melanostachys,cambisols
Astragalus_bicristatus,kastanozems
Astragalus_cicer,cambisols
Astragalus_pavlovii,gypsisols
Astragalus_sinuatus,kastanozems
Astragalus_brauntonii,kastanozems
Astragalus_szovitsii,leptosols
Astragalus_preussii,calcisols
Astragalus_microphysa,calcisols
Astragalus_saurinus,calcisols
Astragalus_rafaelensis,calcisols
Oxytropis_splendens,cambisols
Astragalus_macropus,chernozems
Astragalus_arthurii,kastanozems
Oxytropis_neglecta,cambisols
Astragalus_ponticus,cambisols
Oxytropis_yunnanensis,leptosols
Astragalus_consobrinus,calcisols
Astragalus_serenoi,luvisols
Astragalus_linifolius,calcisols
Astragalus_coluteocarpus,cambisols
Hedysarum_boreale,cambisols
Astragalus_ellipsoideus,kastanozems
Astragalus_chinensis,luvisols
Astragalus_musiniensis,calcisols
Astragalus_tugarinovii,cambisols
Astragalus_bungeanus,cambisols
Astragalus_frigidus,cambisols
Astragalus_macrotropis,cambisols
Astragalus_siahderrensis,cambisols
Astragalus_lumsdenianus,calcisols
Astragalus_pamirensis,cambisols
Astragalus_longipetiolatus,luvisols
Astragalus_lindheimeri,kastanozems
Astragalus_persepolitanus,calcisols
Astragalus_pubentissimus,calcisols
Oxytropis_bicolor,cambisols
Astragalus_arnottianus,leptosols
Astragalus_platyphyllus,chernozems
Astragalus_hyalolepis,cambisols
Astragalus_kazbeki,cambisols
Astragalus_muliensis,luvisols
Oxytropis_scammaniana,cambisols
Oxytropis_poncinsii,cryosols
Astragalus_arequipensis,cambisols
Astragalus_webbianus,cambisols
Astragalus_siliceus,calcisols
Oxytropis_nutans,calcisols
Astragalus_coquimbensis,leptosols
Astragalus_raddei,regosols
Astragalus_albicaulis,chernozems
Astragalus_ammodendron,regosols
Astragalus_inopinatus,cryosols
Astragalus_australis,cambisols
Astragalus_mucronifolius,regosols
Astragalus_kifonsanicus,cambisols
Astragalus_amblytropis,kastanozems
Astragalus_megacarpus,calcisols
Astragalus_testiculatus,chernozems
Astragalus_jaliscensis,luvisols
Astragalus_hamosus,cambisols
Astragalus_vesiculosus,regosols
Astragalus_flavus,calcisols
Astragalus_propinquus,cambisols
Astragalus_columbianus,kastanozems
Astragalus_brazoensis,vertisols
Astragalus_amnis-amissi,chernozems
Astragalus_johannis,regosols
Astragalus_gentryi,leptosols
Astragalus_minthorniae,luvisols
Astragalus_weberbaueri,andosols
Astragalus_coltonii,calcisols
Astragalus_centralis,calcisols
Astragalus_glaux,cambisols
Astragalus_guttatus,cambisols
Astragalus_edulis,leptosols
Astracantha_karabaghensis,cambisols
Astragalus_nutriosensis,kastanozems
Astragalus_monspessulanus,cambisols
Astragalus_miniatus,kastanozems
Phyllolobium_tribulifolium,leptosols
Astragalus_nutans,luvisols
Astragalus_susianus,cambisols
Astragalus_oxyphysus,kastanozems
Astragalus_terminalis,chernozems
Astragalus_striatiflorus,calcisols
Astragalus_mattam,leptosols
Astragalus_sabulosus,calcisols
Astragalus_punctatus,calcisols
Astragalus_peduncularis,chernozems
Astragalus_leptocarpus,luvisols
Astragalus_missouriensis,kastanozems
Astragalus_applegatii,kastanozems
Astragalus_lyallii,kastanozems
Astragalus_rupifragus,chernozems
Astragalus_cephalanthus,calcisols
Astragalus_sprucei,andosols
Astragalus_pinetorum,leptosols
Astragalus_exscapus,cambisols
Astragalus_serpens,chernozems
Smirnowia_turkestana,regosols
Astragalus_noziensis,leptosols
Astragalus_platysematus,regosols
Astragalus_lipskyi,regosols
Astragalus_trichanthus,calcisols
Astragalus_tibetanus,cambisols
Astragalus_solandri,leptosols
Astragalus_nutzotinensis,cambisols
Astragalus_troglodytus,luvisols
Astragalus_malacus,kastanozems
Astragalus_polygala,cambisols
Astragalus_glumaceus,calcisols
Oxytropis_ochotensis,cryosols
Astragalus_cobrensis,luvisols
Astracantha_cerasocrena,calcisols
Astragalus_puberulus,cambisols
Astragalus_curvicaulis,leptosols
Astragalus_chloodes,calcisols
Astracantha_cretica,cambisols
Oxytropis_nana,calcisols
Astragalus_dasyanthus,chernozems
Astragalus_nivicola,cambisols
Oxytropis_ciliata,kastanozems
Astragalus_lasiosemius,regosols
Astragalus_piutensis,kastanozems
Astragalus_gypsodes,calcisols
Astragalus_burkartii,cambisols
Astragalus_lentiformis,kastanozems
Astragalus_bodinii,cambisols
Astracantha_stenonychioides,cambisols
Astragalus_brachylobus,kastanozems
Astragalus_kuschkensis,regosols
Astragalus_obcordatus,acrisols
Astragalus_pectinatus,kastanozems
Astragalus_traskiae,cambisols
Astragalus_gambelianus,luvisols
Astragalus_hyrcanus,kastanozems
Astragalus_balfourianus,luvisols
Astragalus_lemmonii,kastanozems
Astragalus_malacoides,calcisols
Astragalus_giganteus,regosols
Astragalus_douglasii,kastanozems
Astragalus_pardalinus,calcisols
Astragalus_reduncus,kastanozems
Astragalus_mahoschanicus,leptosols
Astragalus_grayi,calcisols
Astragalus_mesites,leptosols
Astragalus_shinanensis,podzols
Astracantha_microcephala,cambisols
Astragalus_aequalis,kastanozems
Astragalus_versicolor,cambisols
Oxytropis_sericea,kastanozems
Astragalus_bourgaeanus,cambisols
Astragalus_deterior,luvisols
Astragalus_naturitensis,calcisols
Astragalus_lanuginosus,cambisols
Astragalus_schrenkianus,kastanozems
Astragalus_rhacodes,kastanozems
Astragalus_anisacanthus,calcisols
Astragalus_obscurus,kastanozems
Astragalus_curtipes,kastanozems
Astragalus_neuquenensis,regosols
Astragalus_tephrolobus,cryosols
Astragalus_succumbens,cambisols
Astragalus_proximus,luvisols
Astragalus_hemsleyi,calcisols
Astragalus_vallaris,kastanozems
Astragalus_scleroxylon,solonetz
Astragalus_nematodes,calcisols
Astragalus_weddellianus,cambisols
Astragalus_dactylocarpus,solonchaks
Astragalus_nidularius,calcisols
Astragalus_iodopetalus,luvisols
Astragalus_arganaticus,kastanozems
Astragalus_curviflorus,regosols
Astragalus_stipulatus,luvisols
Tragacantha_fasciculifolia,regosols
Astragalus_reventus,kastanozems
Astragalus_magdalenae,arenosols
Astragalus_crotalariae,solonchaks
Astragalus_dilutus,kastanozems
Astragalus_gombo,leptosols
Astragalus_physodes,kastanozems
Astragalus_oxyphysopsis,regosols
Astragalus_armatus,leptosols
Astragalus_scaberrimus,cambisols
Astragalus_sparsiflorus,luvisols
Astragalus_tolucanus,luvisols
Astragalus_scopulorum,chernozems
Astragalus_cornutus,chernozems
Astragalus_californicus,kastanozems
Astragalus_karakugensis,calcisols
Astragalus_lentiginosus,calcisols
Astragalus_ibrahimianus,leptosols
Astragalus_edmondstonei,leptosols
Astragalus_lupulinus,cambisols
Astragalus_nudisiliquus,cambisols
Astragalus_aduncus,cambisols
Astragalus_newberryi,luvisols
Astragalus_kolymensis,cambisols
Oxytropis_lambertii,kastanozems
Astragalus_retamocarpus,regosols
Astragalus_scoparius,kastanozems
Astragalus_olchonensis,luvisols
Astragalus_chamaeleuce,calcisols
Astragalus_physocarpus,kastanozems
Astragalus_wittmannii,calcisols
Astragalus_flexuosus,chernozems
Astragalus_nothoxys,luvisols
Astragalus_villosus,acrisols
Clianthus_puniceus,cambisols
Astragalus_valerianensis,cambisols
Astragalus_globiceps,regosols
Astragalus_neurophyllus,chernozems
Astragalus_molybdenus,cambisols
Astragalus_piletocladus,solonchaks
Eremosparton_flaccidum,calcisols
Astragalus_tenuifolius,leptosols
Astragalus_nyensis,calcisols
Astragalus_tener,vertisols
Astragalus_pseudoutriger,cambisols
Astragalus_kuramensis,luvisols
Oxytropis_recognita,cryosols
Astragalus_taschkendicus,calcisols
Astragalus_dahuricus,cambisols
Astragalus_porrectus,solonetz
Astragalus_tyghensis,kastanozems
Astragalus_alpinus,cambisols
Astracantha_granatensis,cambisols
Swainsona_formosa,cambisols
Astragalus_caraganae,cambisols
Astragalus_castetteri,regosols
Astragalus_albens,luvisols
Astragalus_sieberi,solonchaks
Astragalus_contortuplicatus,kastanozems
Astragalus_carminis,leptosols
Astragalus_shortianus,kastanozems
Astragalus_norvegicus,cambisols
Astragalus_funereus,calcisols
Astragalus_glycyphyllos,cambisols
Astragalus_inversus,kastanozems
Astragalus_maurorum,leptosols
Astragalus_peregrinus,solonchaks
Astragalus_idrietorum,regosols
Astragalus_hoantchy,luvisols
Astragalus_pictiformis,luvisols
Astragalus_rhizanthus,cambisols
Astragalus_titanophilus,luvisols
Astragalus_nudus,cambisols
Astragalus_berterianus,leptosols
Astragalus_casei,luvisols
Oxytropis_ochrocephala,leptosols
Astragalus_managildensis,kastanozems
Oxytropis_mollis,cambisols
Astracantha_plumosa,cambisols
Astragalus_andersonii,kastanozems
Astragalus_lonchocarpus,calcisols
Oxytropis_hirta,cambisols
Astragalus_cottonianus,calcisols
Astragalus_minimus,cambisols
Astragalus_pulsiferae,kastanozems
Astragalus_uliginosus,cambisols
Astragalus_adsurgens,chernozems
Astragalus_reflexistipulus,cambisols
Astragalus_nobilis,regosols
Astragalus_humillimus,cambisols
Astragalus_clarianus,luvisols
Astragalus_brachypus,solonetz
Astragalus_hidalgensis,leptosols
Astragalus_catabostrychos,regosols
Astragalus_turolensis,cambisols
Astragalus_monbeigii,leptosols
Oxytropis_koyukukensis,cambisols
Astragalus_piscator,calcisols
Astragalus_askius,cambisols
Oxytropis_talassica,cambisols
Oxytropis_melanocalyx,leptosols
Astragalus_osterhoutii,chernozems
Astragalus_tephrodes,luvisols
Astragalus_aquilonius,chernozems
Oxytropis_lapponica,cambisols
Astragalus_anisus,chernozems
Astracantha_deinacantha,luvisols
Oxytropis_viscida,cambisols
Astragalus_comosus,cambisols
Astragalus_sachalinensis,podzols
Astragalus_tegetarioides,kastanozems
Astragalus_micranthus,luvisols
Astragalus_onobrychis,cambisols
Astragalus_aridus,arenosols
Astragalus_toanus,cambisols
Oxytropis_eriocarpa,cambisols
Astragalus_hallii,chernozems
Astragalus_xanthomeloides,cambisols
Astragalus_vegetus,calcisols
Oxytropis_grandiflora,kastanozems
Astragalus_austroaegaeus,luvisols
Oxytropis_taochensis,cambisols
Oxytropis_riparia,kastanozems
Astragalus_pycnostachyus,cambisols
Astragalus_dipelta,kastanozems
Oxytropis_kobukensis,cambisols
Oxytropis_squammulosa,kastanozems
Astragalus_pseudocytisoides,kastanozems
Astragalus_argyroides,calcisols
Astragalus_straturensis,kastanozems
Astragalus_pachypus,regosols
Astragalus_breweri,luvisols
Astragalus_macrostachys,cambisols
Astragalus_grammocalyx,cambisols
Astragalus_tidestromii,calcisols
Astragalus_paucijugus,regosols
Astragalus_hornii,fluvisols
Astragalus_ensiformis,luvisols
Astragalus_hypoxylus,luvisols
Astragalus_adzharicus,cambisols
Astragalus_angustifolius,cambisols
Astragalus_tiehmii,cambisols
Astragalus_nelsonianus,calcisols
Astragalus_spinosus,solonchaks
Astragalus_leibergii,kastanozems
Astragalus_goktschaicus,cambisols
Astragalus_monoensis,kastanozems
Astragalus_peruvianus,cambisols
Astragalus_laguriformis,regosols
Astragalus_palmeri,regosols
Astragalus_brandegei,luvisols
Astragalus_falcatus,cambisols
Astragalus_rytilobus,cambisols
Astragalus_macrodon,kastanozems
Astragalus_kuschakewiczi,leptosols
Astragalus_corrugatus,leptosols
Astragalus_schistocalyx,regosols
Astragalus_pissisi,leptosols
Astragalus_leucocephalus,cambisols
Astragalus_polyacanthus,leptosols
Astragalus_amatus,cambisols
Astragalus_insularis,regosols
Astragalus_submitis,leptosols
Astragalus_uncialis,solonetz
Astragalus_stewartii,cambisols
Oxytropis_oxyphylloides,chernozems
Astragalus_hoffmeisteri,cambisols
Astragalus_captiosus,cambisols
Astragalus_onobrychioides,cambisols
Astragalus_atratus,kastanozems
Astragalus_cruckshanksii,leptosols
Astragalus_collinus,kastanozems
Astragalus_tweedyi,kastanozems
Astragalus_tetrapterus,cambisols
Astragalus_frickii,podzols
Astragalus_wootonii,calcisols
Oxytropis_aucheri,regosols
Oxytropis_multiceps,luvisols
Astragalus_prattii,luvisols
Astragalus_stevenianus,cambisols
Astragalus_callithrix,cambisols
Astragalus_asclepiadoides,calcisols
Astragalus_floridulus,leptosols
Oxytropis_ochroleuca,cambisols
Astragalus_kahiricus,solonchaks
Astragalus_tataricus,cambisols
Astragalus_chlorostachys,cambisols
Astragalus_trimestris,regosols
Astragalus_gilensis,luvisols
Astragalus_austriacus,cambisols
Oxytropis_parryi,chernozems
Astragalus_beckwithii,kastanozems
Astragalus_amherstianus,cambisols
Astragalus_dolichophyllus,kastanozems
Astragalus_glycyphylloides,cambisols
Astragalus_mokiacensis,luvisols
Astragalus_ripleyi,chernozems
Astragalus_garbancillo,cambisols
Astragalus_anserinifolius,regosols
Astragalus_follicularis,cambisols
Astragalus_ochrochlorus,cambisols
Astragalus_brackenridgei,cambisols
Astragalus_arenarius,cambisols
Oxytropis_arctica,cambisols
Wisteria_sinensis,acrisols
Astragalus_chuskanus,luvisols
Astragalus_pullus,luvisols
Astragalus_algerianus,kastanozems
Astragalus_paysonii,chernozems
Astragalus_bustillosii,leptosols
Astragalus_sulcatus,chernozems
Astragalus_gilmanii,kastanozems
Astragalus_scorpiurus,cambisols
Astragalus_subuliformis,chernozems
Oxytropis_williamsii,leptosols
Astragalus_schelichowii,cryosols
Astragalus_scheremetevianus,cambisols
Colutea_abyssinica,leptosols
Astragalus_wardii,kastanozems
Oxytropis_qinghaiensis,leptosols
Astragalus_mareoticus,leptosols
Astragalus_eastwoodiae,calcisols
Astragalus_rhizocephalus,cambisols
Astragalus_albertii,cambisols
Astragalus_zionis,calcisols
Astragalus_convallarius,kastanozems
Astragalus_forrestii,luvisols
Oxytropis_maydelliana,cambisols
Astragalus_strictus,leptosols
Astragalus_podolobus,regosols
Astragalus_campylorhynchus,regosols
Astragalus_bourgovii,cambisols
Astragalus_camptoceras,calcisols
Astragalus_schimperi,regosols
Astragalus_altimurensis,regosols
Astragalus_hololeios,calcisols
Astragalus_sungpanensis,leptosols
Oxytropis_savellanica,cambisols
Astragalus_schugnanicus,regosols
Astragalus_bakuensis,cambisols
Astragalus_pterocarpus,cambisols
Astragalus_campylosema,chernozems
Astragalus_roseus,albeluvisols
Astragalus_heterodontus,cambisols
Astragalus_robustus,leptosols
Astragalus_floridus,leptosols
Astragalus_oreganus,calcisols
Astragalus_drabelliformis,calcisols
Astragalus_inflexus,kastanozems
Astragalus_subcinereus,luvisols
Astragalus_looseri,cambisols
Astragalus_drummondii,kastanozems
Astragalus_trigonus,leptosols
Astragalus_orcuttianus,regosols
Astragalus_diaphanus,kastanozems
Astragalus_tricarinatus,regosols
Astragalus_guatemalensis,luvisols
Astragalus_alopecurus,cambisols
Astragalus_himalayanus,cambisols
Astragalus_clusii,calcisols
Astragalus_hartwegii,leptosols
Astragalus_longipetalus,kastanozems
Astragalus_harbisonii,regosols
Astracantha_bethlehemitica,leptosols
Astragalus_microcystis,cambisols
Astragalus_moencoppensis,calcisols
Astragalus_arguricus,cambisols
Astragalus_ruscifolius,regosols
Astragalus_masenderanus,cambisols
Oxytropis_campanulata,phaeozems
Astragalus_oxyglottis,cambisols
Astragalus_sepultipes,luvisols
Oxytropis_lagopus,chernozems
Astragalus_griffithii,calcisols
Astragalus_pseudonobilis,cambisols
Astragalus_chionanthus,chernozems
Astragalus_murinus,cambisols
Astragalus_saxifractor,cambisols
Astragalus_darumbium,andosols
Astragalus_stocksii,regosols
Astragalus_chubutensis,cambisols
Astragalus_sikokianus,cambisols
Astragalus_macrobotrys,cambisols
Astragalus_crassicarpus,luvisols
Astragalus_mossulensis,regosols
Lessertia_capitata,cambisols
Astragalus_geminiflorus,andosols
Astragalus_austinae,cambisols
Astragalus_acaulis,luvisols
Astragalus_brevifolius,kastanozems
Astragalus_macropelmatus,regosols
Astragalus_turbinatus,cambisols
Astragalus_bolanderi,cambisols
Astragalus_asper,chernozems
Astragalus_monadelphus,luvisols
Astragalus_cibarius,kastanozems
Astragalus_buchtormensis,chernozems
Astragalus_umbellatus,cambisols
Astragalus_sempervirens,cambisols
Astragalus_baissunensis,calcisols
Astragalus_anxius,kastanozems
Astragalus_polaris,cambisols
Astragalus_citrinus,calcisols
Astragalus_tanguticus,calcisols
Astragalus_cancellatus,cambisols
Astragalus_orbiculatus,
Astragalus_duchesnensis,calcisols
Astragalus_epiglottis,luvisols
Astragalus_jejunus,calcisols
Astragalus_fenzelianus,leptosols
Astragalus_stella,cambisols
Astragalus_fabaceus,cambisols
Astragalus_maxwellii,chernozems
Oxytropis_macrocarpa,chernozems
Astragalus_depressus,cambisols
Astragalus_alopecias,cambisols
Astragalus_bergii,cambisols
Astragalus_secundus,podzols
Oxytropis_falcata,leptosols
Astragalus_calycinus,cambisols
Astragalus_platytropis,chernozems
Astragalus_detritalis,calcisols
Astragalus_phoenix,calcisols
Astragalus_melilotoides,cambisols
Astragalus_sanctorum,regosols
Astragalus_lilacinus,cryosols
Astragalus_zagrosicus,cambisols
Oxytropis_microphylla,leptosols
Astragalus_rusbyi,luvisols
Astragalus_havianus,cambisols
Astragalus_jaegerianus,luvisols
Astragalus_maroccanus,regosols
Astragalus_sabulonum,calcisols
Oxytropis_pauciflora,leptosols
Astragalus_incertus,cambisols
Astragalus_wingatanus,calcisols
Astragalus_robbinsii,cambisols
Astragalus_dodtii,leptosols
Astragalus_discolor,cambisols
Astragalus_mongholicus,cambisols
Astragalus_pseudocyclophyllus,calcisols
Astragalus_desereticus,kastanozems
Astragalus_castaneiformis,luvisols
Oxytropis_mertensiana,cambisols
Tragacantha_densifolia,cambisols
Oxytropis_kansuensis,leptosols
Astragalus_parryi,luvisols
Oxytropis_adamsiana,cambisols
Astragalus_iodanthus,kastanozems
Astragalus_mohavensis,calcisols
Astragalus_ackermanii,regosols
Astragalus_heptapotamicus,chernozems
Astragalus_camptopus,cambisols
Astragalus_przewalskii,leptosols
Astragalus_reuterianus,regosols
Astracantha_pterocephala,chernozems
Astragalus_woodruffii,regosols
Astragalus_circumdatus,regosols
Astragalus_waterfallii,calcisols
Astragalus_fastidius,regosols
Astragalus_cochabambensis,acrisols
Astragalus_ammotrophus,cambisols
Astragalus_sophoroides,calcisols
Astragalus_emoryanus,calcisols
Astragalus_hamiltonii,calcisols
Astragalus_subvestitus,kastanozems
Astragalus_mulfordiae,kastanozems
Oxytropis_besseyi,kastanozems
Astragalus_bibullatus,luvisols
Astragalus_demetrii,chernozems
Astragalus_akkensis,leptosols
Oxytropis_campestris,cambisols
Astragalus_schahrudensis,calcisols
Astragalus_pauperculus,luvisols
Astragalus_perianus,chernozems
Astragalus_asterias,vertisols
Astragalus_hauarensis,solonchaks
Oxytropis_nigrescens,cambisols
Astracantha_caucasica,cambisols
Astragalus_cyri,luvisols
Astragalus_bakaliensis,regosols
Astragalus_longissimus,regosols
Onobrychis_conferta,cambisols
Astragalus_nuttallii,kastanozems
Astragalus_shagalensis,cambisols
Astragalus_allochrous,luvisols
Astragalus_utahensis,kastanozems
Astragalus_shultziorum,cambisols
Astragalus_kialensis,luvisols
Astragalus_piscinus,leptosols
Oxytropis_deflexa,cambisols
